n,median_abs,mean_abs,median_dev_pct,std_pct,in1,in5,in10,tag,encoding,material,target,seconds
3000,0.1740638888888889,0.25368161481481477,12.278472222222218,33.31962427280425,0.027333333333333334,0.14566666666666667,0.30666666666666664,armV_ema,z,Steel,3600,11.18017578125
3000,0.160208,0.23720297466666668,9.819300000000004,34.68758915101037,0.029333333333333333,0.17533333333333334,0.328,armV_ema,z,Steel,5000,11.16602110862732
3000,0.13914312500000006,0.2157065470833333,7.09806249999999,35.61584784217127,0.035,0.19366666666666665,0.37466666666666665,armV_ema,z,Steel,8000,11.245502948760986
3000,0.12640562499999997,0.2530625358333333,3.3200312499999995,50.6130268383304,0.046,0.22,0.408,armV_ema,z,Steel,16000,11.287850379943848
3000,0.18802333333333338,0.2788055711111111,11.597666666666669,40.30580961215075,0.029333333333333333,0.14133333333333334,0.286,armV_ema,z,Aluminum,6000,11.25066328048706
3000,0.1540875,0.23341153041666665,8.324749999999995,36.743716146174386,0.037333333333333336,0.18033333333333335,0.3403333333333333,armV_ema,z,Titanium,8000,11.140861511230469
3000,0.15952361111111113,0.24042007870370372,10.71125,32.70636561502126,0.035,0.16966666666666666,0.332,armF,fourier,Steel,3600,11.289878606796265
3000,0.15980100000000003,0.23867572333333337,9.642999999999994,35.29438580393352,0.037,0.17166666666666666,0.337,armF,fourier,Steel,5000,11.18630862236023
3000,0.14869124999999997,0.22712004416666665,8.654124999999999,37.96298652075257,0.042,0.193,0.3636666666666667,armF,fourier,Steel,8000,11.235900640487671
3000,0.13713750000000005,0.2759154004166667,6.610031249999998,54.76643984703542,0.04,0.20266666666666666,0.38,armF,fourier,Steel,16000,11.338713645935059
3000,0.19318083333333333,0.28839485944444443,12.085500000000001,41.8236501413228,0.026333333333333334,0.14133333333333334,0.289,armF,fourier,Aluminum,6000,11.158102035522461
3000,0.16072375,0.24544969416666668,9.646937500000002,38.60221705092779,0.032,0.169,0.331,armF,fourier,Titanium,8000,11.32855772972107
3000,0.1862458333333334,0.25875313333333333,13.581805555555555,32.49504862477078,0.028666666666666667,0.15433333333333332,0.2906666666666667,armD0,z_no_dropout,Steel,3600,11.214062452316284
3000,0.170829,0.24311827733333333,10.452799999999998,35.1966058477748,0.03266666666666666,0.167,0.32133333333333336,armD0,z_no_dropout,Steel,5000,11.235351085662842
3000,0.149295625,0.22393417458333337,7.7199374999999915,36.90348303095091,0.04066666666666666,0.176,0.356,armD0,z_no_dropout,Steel,8000,11.241273164749146
3000,0.13546843750000004,0.25948879104166667,3.210468750000007,51.220846724800076,0.042666666666666665,0.20666666666666667,0.3933333333333333,armD0,z_no_dropout,Steel,16000,11.168347358703613
3000,0.19915500000000003,0.27984073666666665,13.771833333333333,39.43060380917277,0.02666666666666667,0.14266666666666666,0.27366666666666667,armD0,z_no_dropout,Aluminum,6000,11.141533613204956
3000,0.1648825,0.2393826033333333,9.628874999999994,37.328678526581946,0.031,0.15533333333333332,0.327,armD0,z_no_dropout,Titanium,8000,11.108623743057251
3000,0.19463611111111112,0.2515248092592593,15.13166666666666,28.674565489909654,0.034333333333333334,0.13766666666666666,0.2813333333333333,armX0,x0,Steel,3600,11.251039743423462
3000,0.19187699999999996,0.25583478066666665,14.985099999999996,34.99992645996631,0.028,0.14066666666666666,0.2783333333333333,armX0,x0,Steel,5000,11.199864149093628
3000,0.16187562500000002,0.23475127875,12.566062500000008,36.345644726370786,0.036,0.169,0.328,armX0,x0,Steel,8000,11.19557809829712
3000,0.1233196875,0.22137661958333335,4.927593750000005,42.44651139514754,0.04933333333333333,0.23,0.41833333333333333,armX0,x0,Steel,16000,11.229745864868164
3000,0.209295,0.2791701038888889,16.4115,34.65470057250888,0.027,0.128,0.25433333333333336,armX0,x0,Aluminum,6000,11.287185668945312
3000,0.18791124999999997,0.24923123125,14.576625000000002,32.87339766653164,0.03166666666666667,0.15433333333333332,0.29233333333333333,armX0,x0,Titanium,8000,11.211820125579834
