material,n_disks,n_bearings,L,OD,ID,d0_OD,d0_W,d0_pos,d1_OD,d1_W,d1_pos,d2_OD,d2_W,d2_pos,d3_OD,d3_W,d3_pos,d4_OD,d4_W,d4_pos,d5_OD,d5_W,d5_pos,b0_K,b0_C,b0_pos,b1_K,b1_C,b1_pos,b2_K,b2_C,b2_pos,b3_K,b3_C,b3_pos
Titanium,3,4,0.7682412698864937,0.0533706023991108,0.025152497725337623,0.21184537865301015,0.044468446224927904,0.3025203709335684,0.39655082033911204,0.04047080978751183,0.455421223555885,0.3283342284735757,0.03819424092769623,0.6258299066886894,0.0,0.0,0.0,0.0,0.0,0.0,0.0,0.0,0.0,91367427.42855048,850.9560417960392,0.11851287797916665,110133889.09187923,116.41577316939237,0.3168877660952182,117011087.36417358,402.55259794539546,0.3931756859356782,111383574.1790148,727.2722760535703,0.6581752773909965
Titanium,6,3,1.0509182810783386,0.11893398821353914,0.026049186237193978,0.3647202941323847,0.10232322812080384,0.1536290370079494,0.4470134358719954,0.08752623856067658,0.26852984509070554,0.3213213614284651,0.09993210196495057,0.4096901149588026,0.31923755732340287,0.05672677814960479,0.5625103601102873,0.44069018607973304,0.07288255512714387,0.6935676429791287,0.3869795903786357,0.07515224903821946,0.8915805355017297,589767485.3769156,396.0284927015674,0.11731808514961117,559444593.6641122,683.6910857954168,0.34527809402336657,901021257.8276979,610.5322545640411,0.8515793693001946,0.0,0.0,0.0
Titanium,1,4,1.308343067765236,0.09466566526889802,0.028948643680683842,0.34535104563655394,0.06860750705003739,0.9678881461895827,0.0,0.0,0.0,0.0,0.0,0.0,0.0,0.0,0.0,0.0,0.0,0.0,0.0,0.0,0.0,133841701.19018954,670.4320784146571,0.26464695096382873,198389774.8674557,539.6101861789168,0.6071843449058457,195659616.50918224,934.7907321174995,0.7142325805358396,116566556.86612868,509.99860039926494,1.1328140233256452
Titanium,2,2,0.9411962896585465,0.13901478278636933,0.03494677513329327,0.4010592427122525,0.02659632444381714,0.30882756794359395,0.34282596636847745,0.07269680172204972,0.5347332794483934,0.0,0.0,0.0,0.0,0.0,0.0,0.0,0.0,0.0,0.0,0.0,0.0,395938152.3422473,427.7962959240143,0.15181367155325018,431396000.1521156,642.3822385489907,0.7891961476296847,0.0,0.0,0.0,0.0,0.0,0.0
Titanium,4,3,0.5928758889436723,0.08035789155960084,0.023165677328341253,0.12271658737177964,0.08136677652597428,0.07870594410338466,0.23049349976124575,0.04736526370048523,0.16695361164377376,0.35750243593050046,0.10001865386962891,0.2869322765880358,0.2907442294357194,0.1057432758808136,0.460765501248043,0.0,0.0,0.0,0.0,0.0,0.0,506408879.4839212,518.5788290053547,0.10288592286610324,733560423.9391099,440.60746455119914,0.4715070782936257,551162376.1152502,702.7092552722482,0.5249004462960103,0.0,0.0,0.0
Titanium,5,3,0.8323893070220948,0.10065669822692873,0.023685289084694163,0.17151873013798213,0.05941840678453446,0.11370111914310178,0.33129523747346257,0.06463827311992645,0.20660325480299713,0.3821903393714322,0.08361849367618561,0.39401631103647095,0.3321609872873657,0.06863142311573028,0.5454433860200876,0.21905979544207513,0.09993080019950867,0.673861667885317,0.0,0.0,0.0,324894873.29844695,736.1461689027591,0.08724820444392216,442107602.019874,481.6223024509727,0.3118451369935556,371803067.82354933,386.4294129666665,0.7266124674238653,0.0,0.0,0.0
Titanium,2,4,1.0383730232715607,0.14197878408432008,0.02552086753247427,0.18284536274074298,0.07424569725990296,0.5558454491121622,0.2117257795698788,0.020979498103260996,0.6937552483963183,0.0,0.0,0.0,0.0,0.0,0.0,0.0,0.0,0.0,0.0,0.0,0.0,88117014.25718535,719.810963114572,0.12415070691885814,112772217.5088994,149.09078667940508,0.314907302987537,106674989.18035951,813.4493898237934,0.5724646280319269,85823397.57235284,517.7552950193287,0.8851088212450577
Titanium,5,3,0.9340065568685532,0.1200208239555359,0.032846371809213196,0.42632378637266055,0.09047747254371644,0.14772194825468352,0.37584408887259757,0.045438662469387055,0.32117091723308044,0.30417738320156706,0.048704313486814504,0.44555302226494437,0.37034753496907474,0.08511319160461427,0.6216465833905512,0.23669454148801614,0.06447134494781494,0.7937211348366905,0.0,0.0,0.0,366579875.27302665,797.3468131000554,0.12494923002789095,348232661.3880369,883.0161962842482,0.5679290630328955,543376159.4793048,779.2969919727826,0.8289431627055859,0.0,0.0,0.0
Titanium,2,2,0.3534163853153586,0.1179914951324463,0.03088339930730012,0.31419659739772426,0.0757972738146782,0.09122199221289692,0.395738492193183,0.1036622565984726,0.266465448872984,0.0,0.0,0.0,0.0,0.0,0.0,0.0,0.0,0.0,0.0,0.0,0.0,281669575.2332733,298.3628761603222,0.04875287732856094,214079508.66462702,72.97863327070598,0.2827255379558272,0.0,0.0,0.0,0.0,0.0,0.0
Titanium,1,4,1.0701106950640678,0.13927935457229615,0.03701048549704549,0.2795448689800257,0.08594489574432373,0.17921711947933922,0.0,0.0,0.0,0.0,0.0,0.0,0.0,0.0,0.0,0.0,0.0,0.0,0.0,0.0,0.0,183480044.21459314,272.86555899693064,0.149367403302558,134872696.164883,177.26825142555177,0.42488629597584193,135797689.4327733,492.3335141234131,0.579920095350506,128098366.6510664,131.56561509876838,0.8120740349607574
Titanium,2,2,0.8901713728904724,0.14132655906677247,0.0038948284783961603,0.20249375434475134,0.09821105957031251,0.11639443846122241,0.27409768929162137,0.05552266836166382,0.36078459539878577,0.0,0.0,0.0,0.0,0.0,0.0,0.0,0.0,0.0,0.0,0.0,0.0,245096429.05338448,600.5040415526738,0.10584455701638018,231025812.00784618,346.06019117866714,0.5946779154110666,0.0,0.0,0.0,0.0,0.0,0.0
Titanium,4,2,0.7112103812396526,0.1449541184902191,0.017256186448290668,0.25272841702627696,0.07654779970645904,0.13491224629383097,0.28303720307586394,0.06856692761182785,0.28129653623598494,0.33929142479478674,0.05178149327635766,0.39975705011673435,0.1756576174437165,0.0980494236946106,0.5622231449765956,0.0,0.0,0.0,0.0,0.0,0.0,342433762.56225336,249.85492712824754,0.09419829985432057,266389169.03185505,165.71988975754505,0.6142567774083798,0.0,0.0,0.0,0.0,0.0,0.0
Titanium,2,4,1.0076354876160623,0.10420927631855012,0.020730778359873536,0.21314314572499515,0.15,0.4536815583026885,0.3623320809125123,0.07800781875848771,0.9068619388544561,0.0,0.0,0.0,0.0,0.0,0.0,0.0,0.0,0.0,0.0,0.0,0.0,128057408.66110772,251.88379774345958,0.18239027872565777,138493171.76054603,793.7558509851141,0.5998428664303652,138357615.67997718,400.4036222679449,0.740856976337411,146869306.6239835,322.4608822436627,0.8882849523915609
Titanium,6,4,0.5412684507668019,0.10441517663002016,0.03183186378895262,0.27808832528681005,0.09610853791236879,0.054517178400034394,0.4337338513263963,0.06899441033601761,0.1417515199162336,0.2621663438577996,0.08500730693340303,0.2267765491258922,0.31365657967519867,0.1025050723552704,0.32738446118909725,0.4010395230987381,0.08387456566095353,0.4294091295775127,0.2159865445757037,0.02,0.4871316056901217,185070682.19337252,577.9978849404915,0.07874371395825605,200216940.11096513,246.7051950090994,0.19773027095320417,192230062.56870338,720.9229189955802,0.2801341454441102,197695319.9145195,1099.9999999999995,0.4699297247258449
Titanium,6,3,0.8320068955421448,0.08982696139812471,0.0011187665519505226,0.3970281860325932,0.05929883807897568,0.0925173877091659,0.14999358200008814,0.05661514788866043,0.229422087426089,0.21761478667080267,0.04660114869475365,0.40436502102653277,0.21004805998095724,0.07087532579898835,0.4825898585702426,0.19177900969333364,0.03636135905981064,0.5891601149170005,0.32102528711289485,0.042303333282470705,0.6392424887887823,203567819.76845235,792.1404295882824,0.11396398262167529,138361469.3363707,558.2352177083571,0.3678067655001507,167677227.53339016,672.9842638599875,0.7488062051559234,0.0,0.0,0.0
Titanium,5,3,1.2756272584199906,0.10291491520404816,0.02883571006604934,0.18723837080532252,0.08871968626976014,0.17841851319846658,0.18457226141558708,0.0752018478512764,0.4337089953230746,0.21165361159373824,0.11314265787601471,0.6586599879334945,0.2715048268697727,0.03163434073328972,0.9098908453319239,0.30432406277088553,0.060555204451084144,1.0387471158985924,0.0,0.0,0.0,275249056.33930993,96.12321961504851,0.1405226424981791,281718996.9482516,410.3192603653591,0.7722226444177085,209834904.01388088,362.5889598776935,1.1268491499701376,0.0,0.0,0.0
Titanium,3,3,0.25,0.09628646898269655,0.010001798798431867,0.2881325287010401,0.04777960866689682,0.03473129424055944,0.32161599446701317,0.03863425701856613,0.09129215365258461,0.29540922515363155,0.12915276110172272,0.19609515509019862,0.0,0.0,0.0,0.0,0.0,0.0,0.0,0.0,0.0,103306682.89195605,254.2173533870187,0.051480744192773355,91875745.5966731,562.3121649056399,0.14569615453248944,102707961.24288142,792.2995141462811,0.21955921250631646,0.0,0.0,0.0
Titanium,6,2,0.5261651270091534,0.13459700357913973,0.02267554776500966,0.2868138695110056,0.06905347019433976,0.06021889594571362,0.14134098644347254,0.07270779699087143,0.13688752636874998,0.20827822464233064,0.0415046226978302,0.20179368486406934,0.14134098644347254,0.07642581731081009,0.27179582850681544,0.34923054462587,0.09360201179981233,0.3631139249801562,0.22924778670691226,0.10567172527313233,0.47241984563809236,278284998.93432647,263.16892888383757,0.09883319746973242,281238524.0176432,381.87805270730524,0.4371793090703867,0.0,0.0,0.0,0.0,0.0,0.0
Titanium,2,4,0.9822373777627945,0.09315853118896486,0.027740507638611127,0.33604986679109483,0.05754579782485962,0.393645790002218,0.2202184815754875,0.04004500463604927,0.7035255058785665,0.0,0.0,0.0,0.0,0.0,0.0,0.0,0.0,0.0,0.0,0.0,0.0,73542466.82567309,596.6681078165163,0.17696006498746863,94718965.15837894,161.28486866422367,0.5475042047165295,100621839.12974131,471.84748961594516,0.6054123090230277,100387184.29721522,305.06641864762787,0.8621655701916934
Titanium,4,4,0.8787806272506714,0.1295862717628479,0.007552984116207465,0.19690796983911427,0.06050901114940643,0.14942676098040963,0.21742635096651594,0.11409703791141511,0.36411534404651524,0.14561288190029475,0.09057486474514008,0.5913452019238024,0.34876297833307,0.07111683428287506,0.7220123266460722,0.0,0.0,0.0,0.0,0.0,0.0,157992410.6527922,456.97416221228366,0.11313093384562238,143852940.44628108,496.6110545218587,0.41434307929889946,128814782.0007159,358.5783788343036,0.5192914993212503,136943955.50482947,295.74960537447936,0.7672587967635182
Titanium,3,4,0.8343051135540008,0.1130449870824814,0.009902844698222385,0.42184011999603327,0.05828525871038437,0.4415467103376723,0.206025765111365,0.06782033413648605,0.5728822893764691,0.2926420656023447,0.05505227386951447,0.7375783914577112,0.0,0.0,0.0,0.0,0.0,0.0,0.0,0.0,0.0,122837738.3131192,277.0309972235473,0.11417223826643805,146506830.17806128,784.2783434987685,0.2821033025847356,115566360.83706105,777.3741314069686,0.4915228367526148,136091840.83345622,494.6123807358658,0.7267774026384061
Titanium,3,3,0.6920289114117623,0.13063632357120514,0.02850562604128006,0.3250635693341861,0.031133456453680992,0.19277985710131346,0.37539259737499664,0.09885716140270234,0.42003131083247636,0.3228741859383964,0.0532372796535492,0.6054965523461852,0.0,0.0,0.0,0.0,0.0,0.0,0.0,0.0,0.0,185849307.4431825,441.5056641290219,0.10884361469388967,214853344.87013903,734.1528216503735,0.31936625396933493,189545472.5264925,741.8239918771781,0.5905356474802126,0.0,0.0,0.0
Titanium,1,3,0.7645685538649559,0.1059079306125641,0.03448173244570899,0.2872503125324535,0.08187640994787217,0.23447563533614713,0.0,0.0,0.0,0.0,0.0,0.0,0.0,0.0,0.0,0.0,0.0,0.0,0.0,0.0,0.0,84211242.22913061,816.0702642055398,0.09338927769311697,92240681.66106875,298.1831888236742,0.38552748366229683,74770618.08266096,759.6180956866932,0.6283033821656818,0.0,0.0,0.0
Titanium,5,2,0.7367431566119194,0.11511240327358246,0.02405161799290534,0.147987120306216,0.030733355358242988,0.17927032823440794,0.20725422894317835,0.06728505671024322,0.3358299504486322,0.3279462690316885,0.03157579615712166,0.4095138420742458,0.2966424104773862,0.10806841492652894,0.5239461374654873,0.37227202655654285,0.04544896617531777,0.6069773153606882,0.0,0.0,0.0,602372914.4234743,419.7939868671489,0.10179200816758084,556761539.2544187,722.4535280668886,0.6461601372747339,0.0,0.0,0.0,0.0,0.0,0.0
Titanium,3,3,0.8579700216650963,0.10134115362167359,0.03772884370121202,0.29308366735776287,0.09434957385063172,0.3727043599264934,0.1338423283295811,0.09216732680797578,0.658449399459475,0.33374577773101377,0.11154678642749787,0.7721630194985868,0.0,0.0,0.0,0.0,0.0,0.0,0.0,0.0,0.0,206639092.33832294,580.8695576947955,0.1574633133036832,197859574.52442378,270.3337835236705,0.38647292487048573,223291534.38944146,630.117236076685,0.7621620194985868,0.0,0.0,0.0
Titanium,5,3,0.8288584515452385,0.1185454547405243,0.030187818391606943,0.4380253333528414,0.02640488211065531,0.11660722477229653,0.35047780760839303,0.10080010056495667,0.22974577543794658,0.3037642928695837,0.10880246341228486,0.38850767520893603,0.31492931995252027,0.08551331400871277,0.5489371962976544,0.2873219032412763,0.08755914688110353,0.6981393960852026,0.0,0.0,0.0,318533658.2744173,693.8702959038113,0.10036631911734092,331081264.70080906,158.61479320752213,0.42632061175997765,223372930.15667257,792.0797624888827,0.7372474742563656,0.0,0.0,0.0
Titanium,5,3,0.7958665296435357,0.10635963833332063,0.008823505687805898,0.24353657827576217,0.05782256245613099,0.2007509734262959,0.32231138970415746,0.13014882862567903,0.34131333853049245,0.3606907528996838,0.08669207811355592,0.49536799432252115,0.3025996344099792,0.05637906342744828,0.6117089038192008,0.3700933336789533,0.02,0.6649232245012189,0.0,0.0,0.0,302059559.94779795,680.4775329960372,0.12709098589450196,308042531.13021713,562.1517041069487,0.4552330630183756,296669634.4646556,449.5844152380421,0.7160922899897721,0.0,0.0,0.0
Titanium,5,3,1.02572301030159,0.12395617163181306,0.020982893124993966,0.3812545965148786,0.06446470439434052,0.17677720212741949,0.37502467169189496,0.08423748314380647,0.30337765960781043,0.4194658133948786,0.10177482843399048,0.5229095391136923,0.348286857643853,0.11364238858222962,0.7253471384323006,0.35516740365532523,0.06322448223829269,0.8668560253148451,0.0,0.0,0.0,408034860.1090672,474.4362157215904,0.11873592051993094,545178119.4155184,505.3663315787439,0.45467578004345816,421487409.2779309,851.311817388012,0.8848672144484696,0.0,0.0,0.0
Titanium,4,3,1.157466135919094,0.11130372571945192,0.0073519161886727545,0.2122384814901275,0.09927261054515839,0.32735209481855143,0.2964560365227745,0.1154785829782486,0.49024517051939087,0.3046117142246187,0.09254688441753388,0.7037723719472747,0.31690631663407387,0.08477652639150621,0.8214296550429087,0.0,0.0,0.0,0.0,0.0,0.0,479101096.60652465,241.76862983867568,0.14441775972855642,479823972.66228735,199.96011678566876,0.5217136297202418,513309693.1220252,300.85951703096185,1.0045537177243482,0.0,0.0,0.0
Titanium,1,2,0.6338808089494705,0.1241782125234604,0.030096603061342216,0.3438790126945258,0.12674931466579437,0.1346411964576868,0.0,0.0,0.0,0.0,0.0,0.0,0.0,0.0,0.0,0.0,0.0,0.0,0.0,0.0,0.0,212099416.58219546,426.61392503603565,0.08053662739194116,245767979.55734465,499.55992289295324,0.42850861760156983,0.0,0.0,0.0,0.0,0.0,0.0
Titanium,6,4,1.4405379086732866,0.09735594534873963,0.03029364880807757,0.3509164315107259,0.05769657790660858,0.2223385965990099,0.3196547491071533,0.08948674380779267,0.4065802791162846,0.13462659252611445,0.09698995709419252,0.6670619258530921,0.40257159989373487,0.07706247746944428,0.8637278286127225,0.3985168635033589,0.09460399925708772,1.0166573851116605,0.17223618405555147,0.1081100869178772,1.1776012207324713,647796248.9155389,835.0321089937656,0.16600674635649257,564813441.8795567,513.5214839640655,0.6954332232615299,595095716.7326012,795.3107729982553,0.9796087235364018,689766777.4434389,192.30406877507008,1.2947824774689045
Titanium,1,4,1.099887515604496,0.10896497511863709,0.018737289654464993,0.18548846377150438,0.10448883891105652,0.37102608885540206,0.0,0.0,0.0,0.0,0.0,0.0,0.0,0.0,0.0,0.0,0.0,0.0,0.0,0.0,0.0,104003886.29276232,352.34124107600024,0.10998875266033713,150994492.55273598,292.6234705559943,0.10998875266033713,121110482.59375262,473.0760850785642,0.2960112970503837,130350748.97479087,156.9986562329951,0.8491819933571388
Titanium,1,4,1.1432595714926719,0.08267596071958543,0.009955940416986017,0.36308072596347746,0.07493919730186463,0.48540700920084745,0.0,0.0,0.0,0.0,0.0,0.0,0.0,0.0,0.0,0.0,0.0,0.0,0.0,0.0,0.0,179074492.43202102,401.60959480553197,0.1338388233032858,136005935.2355911,199.17819518928263,0.3354497327778265,153745707.63614836,510.59505722996096,0.6566566315531717,136235614.92152998,309.8600553169016,0.9706606755480751
Titanium,5,4,1.3984256714582444,0.1285670876502991,0.02185899068373217,0.275394925966644,0.06154315531253815,0.23191605200989945,0.4780970435270154,0.06125226110219956,0.5947625925471225,0.38031314412339917,0.041682435721158984,0.6568285513154132,0.3627525585228379,0.12885672569274903,0.8444696782310239,0.27749228450537594,0.0930444222688675,1.137119921019015,0.0,0.0,0.0,651918841.54491,304.1444980089049,0.1658397725605368,689255254.487659,656.3687859378344,0.783238074289879,638945571.8157392,432.8588036621632,0.9552317557881758,653095445.2084392,624.5457522900565,1.2331632518992208
Titanium,1,2,0.8051092982292175,0.10670442211627962,0.007444861211911281,0.3000578529031931,0.08233644843101502,0.3788796114993002,0.0,0.0,0.0,0.0,0.0,0.0,0.0,0.0,0.0,0.0,0.0,0.0,0.0,0.0,0.0,180887525.9490036,753.3132188414112,0.288815221264639,176991544.02948081,516.9326749090325,0.6406449388101985,0.0,0.0,0.0,0.0,0.0,0.0
Titanium,3,2,0.8310180619359017,0.12404953646659853,0.023554098103878842,0.19197942573965646,0.10884263217449189,0.15241387421105962,0.2648599597634832,0.09927493512630463,0.41127615665872586,0.4195756463352989,0.05209144905209541,0.6555731856681929,0.0,0.0,0.0,0.0,0.0,0.0,0.0,0.0,0.0,427740514.5284159,117.86909352792917,0.12252009558434798,465492724.8513538,484.69303553619807,0.7230578611792317,0.0,0.0,0.0,0.0,0.0,0.0
Titanium,4,2,0.5544732250273228,0.11835139536857606,0.026014133319063704,0.2479268715158946,0.06457731485366822,0.0784331149440318,0.31735583483719015,0.1244083994626999,0.19568477127821368,0.17642398854325758,0.09407561421394349,0.3447920008869468,0.33527634780815235,0.057844204306602476,0.44601869030017754,0.0,0.0,0.0,0.0,0.0,0.0,266309117.5297313,365.29049328082476,0.06818096681169465,340600598.8657905,212.6949425639916,0.46840986780836735,0.0,0.0,0.0,0.0,0.0,0.0
Titanium,1,4,0.5982860796153546,0.0696565472483635,0.001778365064158507,0.4827949868599924,0.04354808062314987,0.40009988226588156,0.0,0.0,0.0,0.0,0.0,0.0,0.0,0.0,0.0,0.0,0.0,0.0,0.0,0.0,0.0,53020894.326772794,462.4875943683065,0.1645977593089211,56424013.189664744,766.3519057724334,0.36085021679754714,63326266.52896913,894.4852797118778,0.44877660420609833,50886449.77412058,438.2827255681117,0.5230408563642626
Titanium,3,3,1.0692591458559035,0.11144232988357546,0.04016489888949988,0.25443274964953383,0.04042527124285698,0.25118192671973094,0.20295556477551557,0.09603045523166658,0.536703168209266,0.17124613657341503,0.10259286403656007,0.8054518629986861,0.0,0.0,0.0,0.0,0.0,0.0,0.0,0.0,0.0,138198994.8784087,753.9851993892493,0.1298135233509508,121375226.4431111,392.14836600823463,0.639278980134844,147233376.02047122,812.5070453333042,0.9322040991694966,0.0,0.0,0.0
Titanium,4,4,0.7032858185470104,0.10202736949920656,0.022429155611980996,0.17588458326932177,0.08419222742319107,0.15999213573617616,0.22250555032036715,0.03411340966820717,0.25899154017467485,0.299701494970963,0.06645453810691834,0.3664266517082242,0.2982829035141395,0.02,0.5654193634438325,0.0,0.0,0.0,0.0,0.0,0.0,84921345.00074619,765.4641215965333,0.09335774493021651,81701084.2358333,779.5761693728414,0.415038511345807,81408573.97278093,644.2739388206818,0.5017208327381568,119984509.6600413,301.58186832712386,0.6218888799105105
Titanium,3,4,1.1728475570678711,0.11794593417644501,0.023386419627920256,0.21071065542779463,0.06638605982065202,0.24049975741087792,0.25215560729530756,0.09823987662792207,0.6386307882578947,0.39614413980220275,0.1043605375289917,0.8228401542299892,0.0,0.0,0.0,0.0,0.0,0.0,0.0,0.0,0.0,205044149.46542147,344.5075682100792,0.1358701026496098,237390384.9176756,829.1225361021731,0.5585092991553775,171055778.07118246,519.6430061110264,0.676048811312654,200915485.24968725,212.13244187138537,1.028769199588334
Titanium,3,2,0.4749436013400555,0.12878863763809204,0.0073470612157637,0.20693411388915434,0.07328215062618255,0.09696970630412138,0.2970144847648918,0.07686876624822617,0.23042845139742052,0.21562602118361393,0.1339808773994446,0.37167922255587427,0.0,0.0,0.0,0.0,0.0,0.0,0.0,0.0,0.0,215123785.7202337,840.5165570001568,0.05707553616015215,173331794.87861657,129.70177988417822,0.39985713489943914,0.0,0.0,0.0,0.0,0.0,0.0
Titanium,6,3,1.1816623181104662,0.14047076976299286,0.0480660942440826,0.3828450806300098,0.08322506219148637,0.27108908122455,0.23232677144466457,0.05746951669454575,0.39396666761469856,0.18093759156248115,0.03328466840088368,0.4901716570545229,0.32542867026158184,0.08169539868831635,0.6679941626254483,0.42166377311501646,0.08803653061389924,0.8969672581652957,0.15011901876238612,0.047790648490190504,1.0221225894466681,433764598.3461489,291.3763152858467,0.15755297521834866,380770458.2221378,654.0961634947802,0.5621096121568424,458792490.25578165,601.3984646978616,1.0488425242986321,0.0,0.0,0.0
Titanium,1,2,0.35720817763358353,0.10523343718051911,0.017562045970575552,0.19729893157555098,0.10930065214633942,0.09442683780933489,0.0,0.0,0.0,0.0,0.0,0.0,0.0,0.0,0.0,0.0,0.0,0.0,0.0,0.0,0.0,70273668.65067916,681.5387251878794,0.07145234641667313,65054020.98348502,363.91988591799867,0.2578608933147538,0.0,0.0,0.0,0.0,0.0,0.0
Titanium,3,2,0.8794650092720986,0.12269232273101809,0.03333487582232191,0.3303107308006996,0.10228124618530274,0.2065579004020198,0.2931978000644785,0.09199280500411988,0.4479969470937485,0.17742140227476066,0.11101660370826721,0.6457127721415367,0.0,0.0,0.0,0.0,0.0,0.0,0.0,0.0,0.0,553086378.7979892,486.34436622259284,0.16138030324317432,669129660.8676584,535.092545627921,0.7509694282843667,0.0,0.0,0.0,0.0,0.0,0.0
Titanium,3,4,1.0302764967083933,0.0907119425535202,0.023793480949936538,0.414208763617538,0.13028484761714934,0.24514708011188616,0.20924533895150935,0.10905993402004242,0.45774119530928786,0.37642573828042625,0.12245074570178986,0.7665553572279654,0.0,0.0,0.0,0.0,0.0,0.0,0.0,0.0,0.0,326801429.822441,428.3104054874871,0.12947392955944403,252298869.9554271,564.7624539623658,0.41195967086334423,314124528.53804594,417.9154090069339,0.5310053709220303,319006994.5180098,595.0046012007241,0.8644816624607268
Titanium,4,3,0.977552892267704,0.11571303260326386,0.029877657663900953,0.2565777122450582,0.13006911873817445,0.12719427398010671,0.2677391616083178,0.10898306012153626,0.31957797555396145,0.3235668628564332,0.08694204807281494,0.4878697505055428,0.40791385645850264,0.11048116743564607,0.7393721516167898,0.0,0.0,0.0,0.0,0.0,0.0,400725156.75970423,603.6876245375294,0.10682414667701212,308753422.42062145,437.6404830166491,0.41074285550512535,444492934.5958936,545.179605819413,0.8260867632623546,0.0,0.0,0.0
Titanium,1,4,0.739315888285637,0.06973645031452179,0.006579661134385895,0.22277111747299214,0.11266526639461517,0.4907178000585624,0.0,0.0,0.0,0.0,0.0,0.0,0.0,0.0,0.0,0.0,0.0,0.0,0.0,0.0,0.0,75248824.74928813,214.89190668667,0.09167373813447743,49676368.47662716,573.6934182064823,0.22691771502388186,55721384.04647394,645.4635986097175,0.36173312492996196,72941354.05171598,569.5244045857978,0.6267169961357613
Titanium,5,3,0.7326149761676788,0.10380637967586519,0.006237238853821955,0.3369209580599619,0.11316005349159242,0.12696098846340265,0.307500765036447,0.07692751228809357,0.24972139485226708,0.20875404382915394,0.08466729044914247,0.38680973570178206,0.38876341148760657,0.06363277554512024,0.478974893528592,0.26727293638492494,0.08532861053943634,0.6124502024673826,0.0,0.0,0.0,269691653.64631516,860.1044320847152,0.07832461482488598,254582194.26051068,725.3959621615812,0.32489630253831103,264634943.8697446,793.1238237750059,0.6514955024474309,0.0,0.0,0.0
Titanium,2,3,1.148984330892563,0.09447769141197206,0.015073335519010564,0.23018109354609526,0.062006548941135414,0.310923894693259,0.3104830944568271,0.03596128314733506,0.7256412219865113,0.0,0.0,0.0,0.0,0.0,0.0,0.0,0.0,0.0,0.0,0.0,0.0,220070680.265807,442.0522506079803,0.19061614328036797,152569945.60016346,651.4830336017544,0.7872262631853548,208948060.44892752,748.3387527540376,1.0053780208043777,0.0,0.0,0.0
Titanium,1,4,1.1471587240695955,0.09620170342922212,0.02137222322842404,0.2892778818562619,0.11372346997261049,0.57149467828632,0.0,0.0,0.0,0.0,0.0,0.0,0.0,0.0,0.0,0.0,0.0,0.0,0.0,0.0,0.0,90559881.31020555,704.1382740179234,0.15344265964653916,119028836.50332826,600.2187750103699,0.4442847975591318,69341492.53710479,228.69521548586715,0.6115032504210547,80810807.19495659,435.6292532591165,0.9344894541883213
Titanium,4,4,0.5419991455972195,0.10340221345424654,0.026274891960641332,0.28716686911488276,0.06560003370046616,0.06929092705480533,0.37350869161179867,0.10708209514617921,0.17967491171672434,0.3610779126325641,0.12799303531646727,0.34716520332269485,0.24007246841716337,0.07675954192876816,0.4655255417202955,0.0,0.0,0.0,0.0,0.0,0.0,252586313.08757263,737.1058295978471,0.09050845661766461,206806780.6015408,299.1248211700834,0.3118242874778262,222862870.06067765,234.98145047064816,0.4079283890373,215929632.9707725,401.11324391308415,0.4834415444019593
Titanium,1,4,0.6875851146876812,0.09389611423015595,0.024113074701992303,0.4687541226187033,0.06372707217931747,0.48975177681788906,0.0,0.0,0.0,0.0,0.0,0.0,0.0,0.0,0.0,0.0,0.0,0.0,0.0,0.0,0.0,88360318.35851768,643.9960987020725,0.08822031601818177,100007805.77737331,604.7251438839083,0.2886223772782293,97624309.72785227,700.1155672232904,0.47864464933813433,103094368.7584224,328.1668276567483,0.6015824713604467
Titanium,2,4,0.6110800758004189,0.10842792630195619,0.01998111569013721,0.4536466970265303,0.09441425919532777,0.2845706651700039,0.3472101974308201,0.09261187195777894,0.4936085264308935,0.0,0.0,0.0,0.0,0.0,0.0,0.0,0.0,0.0,0.0,0.0,0.0,148564155.4356016,243.73309191938282,0.0795216954414096,185963650.60352796,389.95031269561923,0.20309608620608935,141555359.96808687,557.3885283190858,0.3579929953193385,163357817.87863258,918.6535982570567,0.5274716049082895
Titanium,2,4,0.5822501868009567,0.10065146756172182,0.022018738236305086,0.37919133274023714,0.0831142145395279,0.17672416435428204,0.24544528323228557,0.08838468313217164,0.33389062953860754,0.0,0.0,0.0,0.0,0.0,0.0,0.0,0.0,0.0,0.0,0.0,0.0,97468500.86080536,681.3829265096585,0.07018109149603838,89440252.08482696,517.798009190986,0.20539992709551472,83529840.8482622,697.401892801777,0.2986938683282879,94639060.87015098,144.6732941746277,0.5030999369966664
Titanium,1,3,0.25,0.060498024880886084,0.033965430507846915,0.23054820373805662,0.10895724952220917,0.1797310452079773,0.0,0.0,0.0,0.0,0.0,0.0,0.0,0.0,0.0,0.0,0.0,0.0,0.0,0.0,0.0,44986634.932030275,639.387212504935,0.08179407546207357,38603703.040926054,494.54076824774234,0.12755764123289415,38573006.23531778,840.4025481829347,0.2169772658455123,0.0,0.0,0.0
Titanium,1,4,1.025863216817379,0.08310772758722307,0.017270027044129936,0.14160418199980868,0.03966889902949333,0.4396111862205475,0.0,0.0,0.0,0.0,0.0,0.0,0.0,0.0,0.0,0.0,0.0,0.0,0.0,0.0,0.0,39139729.053793274,607.0529884231241,0.11588986336198095,34470532.79860113,642.1304155535088,0.24267581507249436,42460187.11310807,421.14356360016404,0.4978967128116652,41376976.615582556,383.34864820157276,0.8281596391615555
Titanium,5,4,0.6165978610515594,0.10862537121772767,0.029807819568811185,0.297619921610489,0.08467653065919876,0.06856190561515986,0.2594781491623893,0.08909634590148927,0.20517595644197595,0.4085052550419947,0.05465302705764771,0.3009892147782903,0.22002733370654573,0.11847310066223145,0.40076780702323744,0.43313554093578766,0.09408101499080658,0.5308944627868281,0.0,0.0,0.0,178877215.74238577,464.7699685339381,0.08202346816571895,195333166.54646727,851.657843915349,0.28068464093219664,167577525.8139373,320.2444504079749,0.48544213235138106,243330091.020382,579.3042861310773,0.551733013688537
Titanium,4,3,1.0018824994564057,0.09307532298564912,0.013571152600274545,0.26601284099999184,0.11721951603889466,0.16665839361326085,0.2772308007826794,0.026115364730358123,0.3908369408888225,0.42634000738022515,0.06251601576805114,0.5663574421409696,0.2526347918440909,0.10298505187034608,0.7907313703603011,0.0,0.0,0.0,0.0,0.0,0.0,290875799.3117829,456.6516208782432,0.10311366708245064,319187257.99525875,422.4309958706015,0.4609045686674305,304363462.62337196,543.0450521553034,0.8834811119233367,0.0,0.0,0.0
Titanium,6,3,1.2403406471014025,0.11465772473812104,0.01018786335025421,0.2880953976818594,0.07296328008174896,0.15040858981807953,0.2458754844327024,0.10005456089973451,0.34357183005723135,0.19159450306929693,0.052533869147300724,0.5045240592334429,0.3142388749793077,0.09181250274181367,0.6331894005820086,0.24831851496060403,0.09545579552650452,0.807384890862006,0.39459171638610696,0.06834038943052292,1.0295615024607603,336597106.8057447,208.257299215131,0.17932149839997222,570023690.8030119,368.7429048605415,0.7694553865851936,397695782.69636434,438.7775024602551,1.1061335096172271,0.0,0.0,0.0
Titanium,2,3,0.7360417932271958,0.09748950505256654,0.012569519003141376,0.2523232474726043,0.07895002961158752,0.12726608412319942,0.4208717774811921,0.08372999608516694,0.46585030819806716,0.0,0.0,0.0,0.0,0.0,0.0,0.0,0.0,0.0,0.0,0.0,0.0,157450658.58648473,425.4768911870498,0.0871486141876337,207830192.72121495,488.3348424663729,0.3034037642179652,151102806.46258888,615.8476526099254,0.5993402132710457,0.0,0.0,0.0
Titanium,5,4,0.5361420638859272,0.10180344963073731,0.021260452227294783,0.3495447442862055,0.08459902524948121,0.07690310923513685,0.36039464871915494,0.08377658843994142,0.18342209278625218,0.23734929185038794,0.11079149901866914,0.2886084511646081,0.3221202633322188,0.06900746673345566,0.391746131296555,0.4657302285904088,0.08961199223995209,0.476935032872656,0.0,0.0,0.0,311496160.1456831,728.7423599455051,0.09849843837434873,271973802.3248949,420.8870455330316,0.25455988139034347,284367988.3055084,639.6100534291435,0.32836317401993265,218095696.1281876,120.53657823389418,0.46592779190765277
Titanium,1,2,0.6900524020195007,0.08857862675189973,0.0041838392474647015,0.22247389277221938,0.06429953128099442,0.33663195320048733,0.0,0.0,0.0,0.0,0.0,0.0,0.0,0.0,0.0,0.0,0.0,0.0,0.0,0.0,0.0,86787457.69226684,717.8633530115536,0.1271840583387778,72057325.50906216,649.4336771970867,0.5774073785010845,0.0,0.0,0.0,0.0,0.0,0.0
Titanium,5,4,0.890178705751896,0.08976332163810731,0.022970323180356685,0.16224347087974486,0.03638145700097084,0.11990865828659622,0.4079089438866637,0.08328238248825073,0.25337321511724753,0.2771055017692547,0.11132608294487001,0.4028452016489757,0.29358096758237223,0.15,0.560077294316353,0.2772409744546097,0.04676139757037163,0.7023566488316756,0.0,0.0,0.0,408943931.48200125,698.3079854051958,0.09070089845563559,352035945.0996355,497.4606623601864,0.22928615113817358,330089933.2108478,802.7857637357247,0.44852386936024147,360963601.46132517,473.821060282197,0.7934160867838843
Titanium,3,4,0.7051132999360561,0.07079468667507172,0.028719686633956697,0.3144630485726903,0.07631192833185196,0.19955273374544052,0.1622990226075509,0.034212721586227415,0.2941800004571067,0.25614259931690475,0.08593221902847291,0.5369156830643491,0.0,0.0,0.0,0.0,0.0,0.0,0.0,0.0,0.0,73690337.91627215,339.43811975565643,0.08390523667543986,66205844.3750799,661.322928755173,0.17862957608157465,76145370.16739094,714.9250487363397,0.3353446390498981,85871112.0097068,495.57723793973906,0.6133157188216566
Titanium,1,4,0.9116953060030938,0.0784148771762848,0.026713496155486335,0.38686637007032515,0.022885149773210288,0.3433489095594249,0.0,0.0,0.0,0.0,0.0,0.0,0.0,0.0,0.0,0.0,0.0,0.0,0.0,0.0,0.0,67101962.72771261,361.38268182371667,0.09261707718008352,82086299.86236802,367.01802372110456,0.11179004129082372,71096818.55393277,107.86241628236459,0.5855327378165465,60546496.23590893,97.36195228112666,0.7400542198746302
Titanium,2,4,0.9151908755302429,0.1345849848985672,0.0243631419790793,0.3551141505485418,0.0787762787938118,0.3325260574987807,0.25345209760712833,0.06383346050977708,0.5517648731580932,0.0,0.0,0.0,0.0,0.0,0.0,0.0,0.0,0.0,0.0,0.0,0.0,148153648.16822055,676.2325129455766,0.1377959419412138,100866249.71293016,453.07661623673613,0.4161284875169929,104678502.9503626,412.59290143746944,0.5388180594688976,107347600.48909682,595.4204395899025,0.8134970217285662
Titanium,5,3,0.6724925972521305,0.11805720007419587,0.014696312996855148,0.38797511958777975,0.07986634463071823,0.08264166824365099,0.2940997495040661,0.0713534688949585,0.22074025759020646,0.32831966196102474,0.07198284924030304,0.30428327033455493,0.2599081973951296,0.08155826389789582,0.4071191065315693,0.37597516649337015,0.13022034049034117,0.5459468474508261,0.0,0.0,0.0,418257759.7290544,161.77555726163067,0.0696297148365317,338672321.0697626,112.06633756534042,0.3272533504806353,257093576.78099757,607.0166735201195,0.5856595076635651,0.0,0.0,0.0
Titanium,2,2,0.5807836420834065,0.07216553145647049,0.035104236799190607,0.18536546979950022,0.07950881242752075,0.13311450981966444,0.33506802890309595,0.05350223928689957,0.36100562627871136,0.0,0.0,0.0,0.0,0.0,0.0,0.0,0.0,0.0,0.0,0.0,0.0,100235042.20075923,540.2976814915608,0.1531896515423914,124886878.77261412,718.7802814244209,0.49119860394212583,0.0,0.0,0.0,0.0,0.0,0.0
Titanium,5,2,0.6280313082039357,0.09444423377513886,0.018491292436384393,0.394116743379732,0.12489233851432802,0.08163016191885875,0.28370580515681876,0.06645065605640411,0.20390363661485453,0.292382412345518,0.08385689496994018,0.33633752895545044,0.14445943462445593,0.07422887116670608,0.4460575896639385,0.26274396559133756,0.06986777871847152,0.548540006133629,0.0,0.0,0.0,458421274.7941336,170.24072963730615,0.09943623497940221,615808514.097404,542.1508498440809,0.5280604373148581,0.0,0.0,0.0,0.0,0.0,0.0
Titanium,6,3,0.9497897416353226,0.10736825954914095,0.017923103876626805,0.4499451154130163,0.09011080861091614,0.1536606080150772,0.39305221853102973,0.08600270807743073,0.3113657713246609,0.38361670722832947,0.051126463115215307,0.42177637175003735,0.2641687565735043,0.0487820939719677,0.5294702208084804,0.19422061192331747,0.11018441140651704,0.6788765148747928,0.2832880237052439,0.10419512033462525,0.791995413541436,638434110.2317485,747.292707351705,0.10016697278683775,670560005.8585894,856.807852552685,0.2878377557965441,550000000.000001,804.6600209402275,0.8339804044025865,0.0,0.0,0.0
Titanium,6,4,0.5677391707897186,0.11673306310176851,0.004715713084914013,0.3216116213951552,0.04107459455728531,0.05935888778771534,0.30315048643191744,0.04093572020530701,0.10353207843080817,0.3008119849146797,0.028425595462322234,0.14405571022517805,0.3355229368955656,0.12203253030776978,0.24023044281207237,0.22323233180731675,0.10512673497200013,0.35984825736957804,0.28268240227548996,0.15,0.4955940923854982,309338006.2601446,627.6393621214469,0.06956618561319984,336636971.39351875,512.7355795340097,0.16108318687548592,264177279.6714792,644.9806144620611,0.18319214591255753,236720284.354626,100.73774105645009,0.5109652531430076
Titanium,2,3,0.8136517509818078,0.07159331107139588,0.02475263222760513,0.3362467217346877,0.1072318059206009,0.2953957899048454,0.22517978690707602,0.053571453690528875,0.4211654345485288,0.0,0.0,0.0,0.0,0.0,0.0,0.0,0.0,0.0,0.0,0.0,0.0,453444049.32079047,163.8698842463229,0.19145939060921194,553561247.1497687,618.2046497158124,0.548131593421573,435242829.03759646,835.9069294380263,0.7151097344093387,0.0,0.0,0.0
Titanium,5,3,0.6024347148835659,0.08424549460411072,0.041635657662664874,0.2176127985158283,0.06720918625593186,0.08791758020086178,0.2763875781910722,0.056596822440624237,0.2046772708580308,0.25047250018298756,0.07673667967319489,0.31455670272436176,0.24725793325405612,0.025478117614984513,0.38924567050599407,0.36688509712482376,0.11897425711154938,0.495911996394351,0.0,0.0,0.0,236324167.80477458,424.71202944882407,0.09795945691045067,230255149.23066244,906.3794090691579,0.26523892589253556,223278447.95449945,857.380197829551,0.5225484707337051,0.0,0.0,0.0
Titanium,1,2,0.5075597554445267,0.11637840199470521,0.015549566798932815,0.37326328139153553,0.09551727294921876,0.12881184848991767,0.0,0.0,0.0,0.0,0.0,0.0,0.0,0.0,0.0,0.0,0.0,0.0,0.0,0.0,0.0,175381587.98031303,460.8214715144823,0.07689672429399111,188887820.53512785,125.54716277557705,0.39337132971148386,0.0,0.0,0.0,0.0,0.0,0.0
Titanium,6,2,0.5808235041797161,0.1351041157245636,0.024140415779079334,0.21234120551554897,0.07176024347543716,0.06054978404203006,0.35063091867424345,0.10951093375682831,0.15556249908382253,0.2314278036578758,0.08200236350297928,0.2564002053767672,0.3391795902339241,0.0677371683716774,0.3388711534601531,0.27740310333267343,0.13021622598171234,0.44287922708553656,0.3642552987839798,0.02,0.5213068389740325,417187763.19468504,847.8796287297687,0.08985014282071138,539985456.4510745,358.82166813825773,0.5113058389740325,0.0,0.0,0.0,0.0,0.0,0.0
Titanium,4,3,0.5254917167127133,0.0749513727426529,0.03511501191243309,0.13725624756713645,0.05407582581043244,0.058999154348574424,0.29650991934880566,0.10402475178241731,0.14869219405995515,0.2399140163128628,0.05357309252023697,0.3209918825571437,0.29039296982457674,0.059826982915401464,0.3857655296674408,0.0,0.0,0.0,0.0,0.0,0.0,154908670.9672827,729.7465891609547,0.07861242528339521,182538014.9727994,778.1812817888652,0.3669418135213772,190619749.44699514,369.815187940323,0.4611044184204806,0.0,0.0,0.0
Titanium,5,3,0.9204955115914345,0.08610633337497713,0.03616872993271408,0.2510037339160323,0.049319986552000046,0.25777303400498264,0.28744320757579617,0.10200476050376893,0.498973686138903,0.2241052694414544,0.04658564954996109,0.5882498274149374,0.3742249156305299,0.08911069631576539,0.6636710401768043,0.3452583523842667,0.0684429383277893,0.749140414467582,0.0,0.0,0.0,321905687.0998338,428.8607555519949,0.20632100839977696,321278604.25122416,770.7058534722481,0.5712065799030659,315680600.80570114,706.2337663509112,0.8176643058174949,0.0,0.0,0.0
Titanium,4,3,0.43717352077364924,0.07004004472494126,0.023967289912298836,0.441271765614673,0.08782161533832551,0.05176298915718326,0.3818649524870706,0.06784437417984009,0.14324102947511463,0.3848000827345966,0.09012216806411744,0.23662692507104457,0.6435074359510939,0.11068287134170533,0.37395830920315665,0.0,0.0,0.0,0.0,0.0,0.0,610318454.4979018,845.4749918118307,0.06703765527014993,528563518.1813247,298.55359264733033,0.223955250155538,537299898.2911566,659.7063689200598,0.3546481557516689,0.0,0.0,0.0
Titanium,2,3,1.040093544125557,0.13344486069679262,0.02677665774370629,0.21462106346041152,0.08763168156147004,0.27113825619073906,0.32779449316328574,0.08221222281455993,0.7847084065063388,0.0,0.0,0.0,0.0,0.0,0.0,0.0,0.0,0.0,0.0,0.0,0.0,151893388.2068593,210.40277391884564,0.15365548950360275,175457377.49883783,305.99434018892754,0.7277079714707614,201392964.17247677,724.8461236070559,0.9179943143042794,0.0,0.0,0.0
Titanium,3,4,1.2510085821151733,0.12412494099140169,0.017139049496152848,0.2505687184626292,0.06854643255472183,0.6591452968509688,0.392540941766026,0.07334166377782822,0.7752156023811921,0.31720437813724944,0.07782529652118683,0.959785912748136,0.0,0.0,0.0,0.0,0.0,0.0,0.0,0.0,0.0,193155214.70046723,231.17270344484672,0.20339296784096128,186651200.46165055,679.7678382468276,0.7294093738572287,288188532.3442666,348.1353864143393,0.9491164856286963,204737986.2097477,758.9444205503805,1.1225961834497884
Titanium,6,3,1.2513017863035203,0.12116259860992433,0.024873588462193254,0.215819362349524,0.03781751930713653,0.15580115178941062,0.18483723701666918,0.10939258158206941,0.2876841576190881,0.31472898812628747,0.0508198431134224,0.3925022784367756,0.3464587024952691,0.06823701143264771,0.5626136683153884,0.17672611234276533,0.05675607562065124,0.8510211631057568,0.30558619068530135,0.15,1.067384322232211,275111918.1136905,633.535299530226,0.16765571088248,317567837.15086895,856.042438478484,0.5426726892869543,359450322.2064372,593.0959566640108,1.1261716064218665,0.0,0.0,0.0
Titanium,3,3,0.5222287036478519,0.12173863196372987,0.020460637238031477,0.3373251908729451,0.079054693877697,0.0870574628627761,0.36654735305183583,0.08140044420957565,0.21043257924433817,0.37857134574404877,0.09427283942699433,0.3490429676455565,0.0,0.0,0.0,0.0,0.0,0.0,0.0,0.0,0.0,224625539.65242636,362.55670066481355,0.06578487135706215,173613625.30648646,788.6148330170312,0.2379940500477312,191537817.575496,534.7352420184538,0.43884900418390144,0.0,0.0,0.0
Titanium,5,4,0.5506097443401814,0.09357384431362153,0.017882981788723495,0.2532304951582938,0.10219522893428803,0.0817133647452381,0.19551120828044177,0.0980762106180191,0.19844787709522013,0.2749322397705557,0.02441918469965458,0.28309541335204835,0.3109335218127649,0.09191263794898988,0.36709018420212297,0.2853697070736174,0.09722938120365143,0.47057633078670275,0.0,0.0,0.0,146635349.40128517,575.062505741019,0.10093696329757834,110137449.89366099,864.9547699878051,0.3015609915244629,151312601.8643169,353.0789458357398,0.3354487815889667,114545466.86255525,471.5707791458919,0.48609353063049776
Titanium,6,4,1.2005184680223464,0.12278720259666444,0.029863918529704433,0.2949421937413849,0.07612760841846467,0.1587690577266077,0.3195564829181579,0.08241568177938462,0.2682702698350385,0.16160105421486348,0.15,0.44061218077484365,0.335653137898795,0.08579012513160707,0.5793611534651364,0.24566465418930886,0.109484441280365,0.6906310475096815,0.3762021488131592,0.1359501850605011,0.8840278153471465,517837821.4320916,139.69037804025123,0.1200518480027531,315396225.74500054,715.5312943667736,0.4745518943937589,474545771.8856346,428.70219207058074,0.9376798496180402,453024694.29251695,44.99999999999999,1.0804666200195931
Titanium,6,3,0.9651493847370148,0.09091243445873262,0.04071330343222405,0.34932776326059795,0.06872036546468735,0.11341418466572145,0.31657439755694444,0.07663422763347626,0.18974448083099196,0.20395970490133997,0.06321838021278381,0.3571811013582582,0.4003246673334261,0.05765314310789109,0.543013160672296,0.4450081843755871,0.07708122909069061,0.7272802396008995,0.3623213100952897,0.02464611902832985,0.7835823187640815,550000000.000001,756.2834976391157,0.10019440122601204,622542597.8577987,216.89246471624617,0.4134017255357716,758135997.1018595,834.2400540773632,0.8489059561212678,0.0,0.0,0.0
Titanium,4,4,1.4849610447883606,0.10743824720382691,0.014769943397113653,0.2941317775244772,0.07523508161306382,0.38165001084331773,0.3352382271030567,0.034641671702265744,0.6769836079805734,0.25321041800162486,0.09485882759094239,0.857738267686074,0.28006716954975763,0.11493589401245118,1.0262002459587773,0.0,0.0,0.0,0.0,0.0,0.0,622203263.4711094,321.6456837352487,0.15824995155451135,787707963.9174057,851.1438027242083,0.34667004616050234,562981706.5423054,718.6781296890335,0.7102897434356122,550000000.000001,418.19202576462,1.2609366064151097
Titanium,6,3,0.9636325299739839,0.10104320037364961,0.010590914284681348,0.35030457080841215,0.12175013244152069,0.16897142471918153,0.1897848606183143,0.023476970456540586,0.2658481565621622,0.38783709946839073,0.13044302761554719,0.41650747428103263,0.25420974035247046,0.04787476927042007,0.6022413395023017,0.2793671903786458,0.06887878566980363,0.6725145617283432,0.2663984016166487,0.08603732883930207,0.7757291641500863,609511690.6580092,691.5675610365777,0.1071744891578126,565047385.8455672,288.86198862679026,0.5367514905640335,578019233.4761975,217.58752466033494,0.8554006849585126,0.0,0.0,0.0
Titanium,2,3,0.4201970506459475,0.10013052546977998,0.02639635718287091,0.2376421068083146,0.05994376212358475,0.08307888826675891,0.3533860423482504,0.09416783034801483,0.29648390577073214,0.0,0.0,0.0,0.0,0.0,0.0,0.0,0.0,0.0,0.0,0.0,0.0,95781801.42412229,556.4532145279553,0.0480110724234901,107698085.78393859,874.8374890374507,0.15820211708114157,134142697.59345257,835.912184947944,0.3400068644895885,0.0,0.0,0.0
Titanium,4,2,0.7682893469929696,0.1454998173713684,0.0073981312703398855,0.27677221604355806,0.15,0.1490170055311194,0.31642525031305874,0.1026050215959549,0.38717497665164463,0.2253024155009181,0.08166592299938202,0.5279776599864285,0.1905898184726163,0.06887612402439118,0.6639462429876672,0.0,0.0,0.0,0.0,0.0,0.0,472312964.60142696,252.8210350335017,0.10921172416157518,484651097.69695336,774.8534694042563,0.6816282519533885,0.0,0.0,0.0,0.0,0.0,0.0
Titanium,6,4,1.0311848893761635,0.09172353458404542,0.02398989937527892,0.4499663456158791,0.06604860037565231,0.12619673138932308,0.3723788298736898,0.11757169783115387,0.2493607513567751,0.24263666299667228,0.030604591965675353,0.4099991682978445,0.4486838361000821,0.10292530238628388,0.5351162316943505,0.34812665101910273,0.08767510473728181,0.6920900996117648,0.48616962080079884,0.038185947984457014,0.831504259167893,369305877.67540944,409.2448359642678,0.11183924160651967,516621626.6506626,791.5760429056425,0.3725076746972597,437344323.41180605,322.0596517539601,0.570556814172361,507061531.54366255,637.6552631231662,0.907836247374146
Titanium,5,2,0.5422674290835858,0.14909610283374786,0.02848431696627168,0.21354876854982946,0.05379320323467254,0.07681498639817608,0.25279704534122865,0.034970571845769884,0.1360936798104959,0.2843654514568071,0.11101358950138093,0.24216324603081893,0.3238688118111424,0.0817187374830246,0.3592818891602888,0.21765154838770345,0.057927602529525765,0.4624652853692896,0.0,0.0,0.0,325113221.28526133,922.0756917134485,0.06659848754165021,256693378.736822,742.7364308274982,0.4797900739944849,0.0,0.0,0.0,0.0,0.0,0.0
Titanium,5,2,0.6065522819757462,0.12002097630500795,0.01605903248848175,0.4268477178208856,0.053916119337081916,0.07631874679187187,0.15994373863125186,0.08126535505056381,0.17419153022790382,0.38852669406972506,0.06448256880044938,0.2711450229292166,0.2961099432038688,0.11096503674983979,0.38346676614633507,0.39969390392640264,0.05805507481098175,0.5036499166611117,0.0,0.0,0.0,450397359.4829972,359.9610999688404,0.09759165251107627,447449783.7850023,581.227898999122,0.5250313919775664,0.0,0.0,0.0,0.0,0.0,0.0
Titanium,1,2,0.25,0.1249999875,0.02023595314337699,0.31179597501485795,0.06171693712472916,0.09435151367008687,0.0,0.0,0.0,0.0,0.0,0.0,0.0,0.0,0.0,0.0,0.0,0.0,0.0,0.0,0.0,72277582.84798822,811.8415266025837,0.05558627025895599,73440686.3969022,369.66958124734407,0.1961157522888064,0.0,0.0,0.0,0.0,0.0,0.0
Titanium,2,2,0.5119280733168126,0.09967191970348359,0.0025017172067686596,0.39595258415720375,0.08783913493156434,0.127283240750784,0.2489605401523506,0.13273267030715943,0.24814136020455585,0.0,0.0,0.0,0.0,0.0,0.0,0.0,0.0,0.0,0.0,0.0,0.0,276968142.5981744,920.7836350447672,0.06827217260203758,232160794.31500956,169.49903597727626,0.3957280400011036,0.0,0.0,0.0,0.0,0.0,0.0
Titanium,4,4,0.6202287577092648,0.10571699440479279,0.026975916373763856,0.38464194233770865,0.08481146097183229,0.12268013902805722,0.2592495318711915,0.06076004654169083,0.24437350205776542,0.3784281892451262,0.12599596440792085,0.3880237051146936,0.35510453974585016,0.1444044154882431,0.5425821366967484,0.0,0.0,0.0,0.0,0.0,0.0,245771771.3237316,496.15739577471186,0.08604825788537625,378793013.66295433,895.7424820399428,0.46348486488208196,249895564.6311679,574.1667745374309,0.4748690115985618,365244554.317483,377.6841205205929,0.5306176160764777
Titanium,4,4,0.8281225740909577,0.10762737214565278,0.013983956480809146,0.31678775368066403,0.09312830090522767,0.11568205493001296,0.38553212000259446,0.07722850680351258,0.2589019033214768,0.4513315568056448,0.09621047854423524,0.4358792733807977,0.42986979822416493,0.09596810221672059,0.6039613979316557,0.0,0.0,0.0,0.0,0.0,0.0,278109582.6082207,208.43751198096837,0.091362306592963,284590982.0047805,355.74127317164283,0.3971488714166377,287448949.5903867,476.8761233972153,0.5775849885095921,344366660.6801413,354.07134132347716,0.7227775103868026
Titanium,5,4,0.9520898893475533,0.07694486981630326,0.013024035655430758,0.14974848046915257,0.06444467425346374,0.18877477569722034,0.40533135237375784,0.04209586054086685,0.3603049663969808,0.40701751545044995,0.05657891541719437,0.6002448162888163,0.238525908961942,0.08115032315254211,0.696864155243632,0.26680069601169165,0.11003210484981538,0.7973911950043693,0.0,0.0,0.0,240004566.8837383,938.4856870571732,0.11692062099679806,200208659.21144563,774.2378207665745,0.4176148286040932,186805196.8003261,481.0288964490018,0.52889243666277,246969182.9824138,740.4063683287147,0.8295761727306594
Titanium,5,3,0.6041507974267006,0.09860113990306855,0.027140410536822073,0.48835982111815474,0.11553599238395691,0.09401497528721697,0.40155795591389826,0.061416450142860415,0.20044179787822844,0.2646511041110555,0.09574079692363739,0.29360833212331217,0.23942404776855553,0.11460840702056886,0.4076188522616679,0.2262527506391366,0.09474859595298768,0.5311262218184487,0.0,0.0,0.0,605986522.0704849,696.1129242229117,0.1103751996327899,499227511.54294974,285.44085046048855,0.43104624711266853,534493820.4888247,635.8520440954566,0.5162613007988062,0.0,0.0,0.0
Titanium,2,4,1.0595775634050368,0.10662667310237886,0.027672570657048305,0.27075195565514343,0.07323227673768998,0.682421636215192,0.18762430346214656,0.0741106390953064,0.8667817007259848,0.0,0.0,0.0,0.0,0.0,0.0,0.0,0.0,0.0,0.0,0.0,0.0,101802343.86521482,692.8481131213326,0.16597946669133412,88101578.91552809,888.3001486243339,0.38120355752427393,108195144.77008164,554.2480159299326,0.5236104228160974,110059992.47664982,1099.9999999999995,0.951261455483683
Titanium,1,3,0.7529169678688049,0.07303519725799561,0.00467810451132379,0.279669739989612,0.06727038472890855,0.37152585524257253,0.0,0.0,0.0,0.0,0.0,0.0,0.0,0.0,0.0,0.0,0.0,0.0,0.0,0.0,0.0,68052648.54937649,324.8251246921185,0.14333535143294474,55716421.16746072,529.8834412434801,0.3954807026729475,58580143.757805854,779.0018854788113,0.6464559521478762,0.0,0.0,0.0
Titanium,3,4,1.060023654997349,0.08635681706666948,0.016006979327446033,0.4414766446104872,0.025232217125594616,0.4797697798419641,0.3790061512987629,0.11827304720878602,0.6755851794506488,0.23119836006917355,0.08945882558822632,0.8369674360568211,0.0,0.0,0.0,0.0,0.0,0.0,0.0,0.0,0.0,162800702.2482873,160.25706187037505,0.20344370641708737,260969728.68720788,368.2264852412749,0.5400972445003349,199270031.29444292,354.45423651111605,0.6068553546516003,196925044.12940338,866.7923325935868,0.943557967276983
Titanium,4,2,0.6601502612233162,0.11338692700862886,0.027022399425572698,0.39328629130872633,0.11509539902210236,0.10807626026787351,0.3404610257669089,0.0787949413061142,0.3164694408211952,0.3778838527558364,0.06340056538581848,0.408510288726822,0.23001885699401933,0.09749541401863099,0.5155062129645287,0.0,0.0,0.0,0.0,0.0,0.0,537598766.2704997,799.9177873652056,0.13341513479707107,572210379.8959054,180.53608244791835,0.5803215733474277,0.0,0.0,0.0,0.0,0.0,0.0
Titanium,3,2,0.8885225266218185,0.13405988705158234,0.029748593810824894,0.4447959784041849,0.06452023088932038,0.3759388139038279,0.24361589625656022,0.11022114753723146,0.5679625831236379,0.41274369948692397,0.022485479693859816,0.7407450249256214,0.0,0.0,0.0,0.0,0.0,0.0,0.0,0.0,0.0,550000000.000001,561.4702029014961,0.16756630149089574,779272883.4014349,472.8100040517842,0.7553213802091038,0.0,0.0,0.0,0.0,0.0,0.0
Titanium,1,2,0.9431683331727981,0.10905807757377625,0.023652179156438982,0.29368535388805755,0.05300445735454559,0.20215852963487696,0.0,0.0,0.0,0.0,0.0,0.0,0.0,0.0,0.0,0.0,0.0,0.0,0.0,0.0,0.0,151679737.42987418,860.2853608264065,0.11853171678748672,158350769.69696227,263.0183041110644,0.7513968991854769,0.0,0.0,0.0,0.0,0.0,0.0
Titanium,4,2,0.6265625856816769,0.1056794148683548,0.01215202747321395,0.265539772530853,0.09430264830589295,0.08161508748087543,0.37535761153910174,0.09242181420326233,0.20041963912292524,0.33832758442710825,0.055356162488460536,0.3489337116975347,0.2679546478763008,0.0953910094499588,0.5017203383663746,0.0,0.0,0.0,0.0,0.0,0.0,556800591.2666898,756.200651874591,0.09519977682435873,561271649.481108,392.81035201957064,0.5459504126080914,0.0,0.0,0.0,0.0,0.0,0.0
Titanium,2,3,0.6069886699318886,0.08067067772150041,0.02145318723032712,0.2660548358758285,0.0570728462934494,0.08138008358314064,0.22848038827902123,0.049307590723037725,0.43208015357004115,0.0,0.0,0.0,0.0,0.0,0.0,0.0,0.0,0.0,0.0,0.0,0.0,66877061.93758299,793.3187748816439,0.09683349812209681,91592303.63217898,494.24877206182697,0.3136510852919914,71733240.33543423,726.2863958926301,0.49175173579190323,0.0,0.0,0.0
Titanium,6,3,0.6287924095988273,0.1389903476238251,0.023501780671499967,0.22232989317657342,0.07831880897283554,0.08204244640582135,0.2263016339006882,0.0735446035861969,0.20151595682512935,0.3882618032870291,0.05529809832572938,0.28065990863963347,0.26131959875360555,0.03981554329395294,0.3474173471097663,0.18578550016396436,0.04446385517716408,0.4116316067206943,0.161181748095725,0.087498676776886,0.5045309497357325,171688463.15310922,326.26747258626494,0.10122441867227104,208220243.983888,256.01597192007654,0.36439540919735924,299118561.0658775,498.28798963735073,0.5620465317430507,0.0,0.0,0.0
Titanium,6,4,1.4417217522859573,0.13458034670352936,0.029647277132558596,0.21985404311074247,0.08373378902673721,0.200155255458417,0.19015907179570654,0.022686089351773263,0.4083584330195023,0.22647400841942614,0.10470826387405396,0.6017210010180233,0.4463000930977766,0.14508310794830323,0.8431488342364643,0.2227607966097219,0.06619144201278687,1.0826021832940995,0.1413234949751097,0.15,1.241055147077625,763350383.3991501,797.7168019191037,0.1628713790875388,808213244.1150597,890.2512486556925,0.8714640665687725,680322083.4113868,208.18636832554478,0.9383663382678691,550000000.000001,176.95209541847493,1.26876579374082
Titanium,5,2,0.573384178429842,0.12730369579792022,0.023541157185975485,0.3608333960411382,0.15,0.06771007082776784,0.38521681017217047,0.07654939979314804,0.18774617121297754,0.28527685662611824,0.06885342448949815,0.27734366316952186,0.2676445310715575,0.042848755568265916,0.36086095505918453,0.2899434334896036,0.11986643910408021,0.4920401745426099,0.0,0.0,0.0,509073646.2088277,754.4752037127499,0.08989499946017583,492724486.30315167,363.89645171789135,0.4676302697317247,0.0,0.0,0.0,0.0,0.0,0.0
Titanium,6,3,0.5810916498303413,0.10544246065616608,0.0027819248153796777,0.23964006895183534,0.11956222891807557,0.06640099381961165,0.319334533667725,0.12613574922084808,0.19403899334248087,0.2349437817192253,0.07174206137657166,0.3036075105264173,0.3671263399394162,0.021588016664609314,0.35715033363160453,0.30318138526881533,0.0828346061706543,0.42887165964303786,0.5500721741787076,0.05534639924764634,0.5128727292003328,344782536.6369421,844.7649260833535,0.08724741443713532,259105699.19402438,828.1907517656032,0.3200476270740492,309986222.618149,524.7917320805358,0.48379085104177744,0.0,0.0,0.0
Titanium,6,3,1.203388649225235,0.10442017877101899,0.03790265781470429,0.27289056956499447,0.09172931373119354,0.18789132005290501,0.3846329040464308,0.041325166970491406,0.4378027846309847,0.20614059183426903,0.11474114835262299,0.6456828341343428,0.27022178925419593,0.15,0.8552047891267038,0.23199236431959813,0.057691049277782444,1.0093076022070795,0.3225367135947277,0.05552269160747528,1.0830397843027115,559116370.7865257,834.0455344415494,0.12844322766113633,638144977.1730505,433.11271602440297,0.5977551842585087,627001360.8991791,713.6727621412122,1.0730387843027116,0.0,0.0,0.0
Titanium,1,3,0.3766546297818423,0.04477202147245407,0.013859368980663598,0.17103930533737036,0.09932890415191652,0.20639724073450455,0.0,0.0,0.0,0.0,0.0,0.0,0.0,0.0,0.0,0.0,0.0,0.0,0.0,0.0,0.0,21110678.58302708,696.3540759741173,0.05467552410729523,26949892.35035435,667.0622180147092,0.2343750701221671,39205545.939907484,622.4348974867312,0.3210507647077633,0.0,0.0,0.0
Titanium,3,3,1.1273413628339768,0.07387979733943939,0.020042341026853313,0.48599526492291606,0.07937437027692795,0.14224442036338825,0.1850518360014807,0.11524800777435304,0.5785674017181772,0.3711703180589239,0.056661441922187805,0.8318616695042539,0.0,0.0,0.0,0.0,0.0,0.0,0.0,0.0,0.0,614200964.6638746,277.19577281862195,0.1277297585456107,556580290.6832176,282.31070819571363,0.429466795159512,579146547.5418856,218.57010292331188,0.8838920161407108,0.0,0.0,0.0
Titanium,3,2,0.6126858346164227,0.09152785015106202,0.02388450756461686,0.2563107410001602,0.11312072157859802,0.1249125417552586,0.2595368450614848,0.12353139698505403,0.33147736994554444,0.23097803136312747,0.07016355842351914,0.5245130744510644,0.0,0.0,0.0,0.0,0.0,0.0,0.0,0.0,0.0,351195831.0752826,723.635325884495,0.06929762255128598,551836340.3503631,318.6693172547609,0.510004316923238,0.0,0.0,0.0,0.0,0.0,0.0
Titanium,2,3,0.8143203094601631,0.06503708696365357,0.022967226677739105,0.2939285234074101,0.05328529000282288,0.18828672215644288,0.3920485713077082,0.07479289591312409,0.5933357234921679,0.0,0.0,0.0,0.0,0.0,0.0,0.0,0.0,0.0,0.0,0.0,0.0,144202462.6754308,216.6632875891819,0.09651907141632898,169675089.7705884,546.6639211605004,0.47976437359964613,170950776.90686592,762.4082528468825,0.7002499019011442,0.0,0.0,0.0
Titanium,5,3,0.9948958814144135,0.10568842887878419,0.01435653019827993,0.16063377442195306,0.0669705292582512,0.09949958814144136,0.2165310115305238,0.05740374267101288,0.19054889106139572,0.20741931683510467,0.07019266217947007,0.3403358085738499,0.37607768358393806,0.11132492065429689,0.477298003482687,0.20351006766135024,0.08551081120967866,0.7660326875323235,0.0,0.0,0.0,226871752.6595214,564.8187309408597,0.12629536624128013,264708669.6114133,447.5667267875237,0.45393067328709025,254067025.35713866,172.69501229383238,0.8328026364896918,0.0,0.0,0.0
Titanium,1,2,0.6921192213892937,0.06300230318307877,0.023980408030614415,0.24084658535066883,0.07799838870763778,0.3863676294521703,0.0,0.0,0.0,0.0,0.0,0.0,0.0,0.0,0.0,0.0,0.0,0.0,0.0,0.0,0.0,223807497.6587771,355.0199201008128,0.2425919915726711,281443179.4838614,797.2385079957693,0.5767357832947854,0.0,0.0,0.0,0.0,0.0,0.0
Titanium,3,2,0.5515511348843575,0.10986881375312807,0.026587092481685944,0.27813974925103224,0.07459753423929215,0.17928449449799322,0.22338829276901928,0.02,0.29643743885384594,0.15870665167632883,0.10199037909507752,0.38028607497516403,0.0,0.0,0.0,0.0,0.0,0.0,0.0,0.0,0.0,121647785.63208126,724.5270493323,0.08060961300646897,130818399.15069292,662.2225183071196,0.4849700527933967,0.0,0.0,0.0,0.0,0.0,0.0
Titanium,4,3,1.478971254825592,0.11453638684749605,0.01001406068730645,0.35937914541146154,0.037532845288515096,0.43557346149052667,0.17347785162904414,0.0738289424777031,0.6254715330130425,0.25592315230596574,0.08258696854114533,0.7803345225060903,0.2530229532662497,0.10913101971149446,0.892737117030818,0.0,0.0,0.0,0.0,0.0,0.0,649813268.8861536,337.31224986286935,0.19676941456124292,553278792.4775251,351.98389752560445,0.646130681120165,579328002.5017757,284.3984547079847,1.265975621226159,0.0,0.0,0.0
Titanium,1,2,0.5163842476904392,0.1061785455942154,0.03477962018879437,0.17401735908643895,0.11152185916900635,0.3260128541677999,0.0,0.0,0.0,0.0,0.0,0.0,0.0,0.0,0.0,0.0,0.0,0.0,0.0,0.0,0.0,70435595.945589,408.25006435188857,0.08515836305116717,68138530.61902845,846.0313850403675,0.40475503654704587,0.0,0.0,0.0,0.0,0.0,0.0
Titanium,3,3,1.2173957377672195,0.10131340062618256,0.022417330513712946,0.32121214752714317,0.09355631053447724,0.18025803927368023,0.3487618401297569,0.07579145073890686,0.3297347132010645,0.18347623186535028,0.09311083555221558,0.6295288027371351,0.0,0.0,0.0,0.0,0.0,0.0,0.0,0.0,0.0,439917925.47258025,575.6314094600408,0.16076311204178573,442274581.2889686,320.2590938918305,0.6941851885702834,369433367.71581155,689.9977387369458,1.0270922743251922,0.0,0.0,0.0
Titanium,2,2,0.7232120975852012,0.11250836145877839,0.03242105285212756,0.2617409154574614,0.0783507564663887,0.23707526927205685,0.2122456488767559,0.1202290815114975,0.3781760569923253,0.0,0.0,0.0,0.0,0.0,0.0,0.0,0.0,0.0,0.0,0.0,0.0,214527088.12408414,255.64120565733018,0.09652647108090275,161206957.39771268,520.9280624913603,0.5635899852782025,0.0,0.0,0.0,0.0,0.0,0.0
Titanium,4,3,1.3760998100042343,0.10974863541126252,0.015262674414946132,0.31522023034503427,0.029042846336960793,0.3847823737644173,0.16392180700960032,0.11914511382579804,0.6001578947688657,0.15622265035307892,0.06516251266002655,0.8691282452457398,0.2639841188732442,0.07107763797044754,1.1803069166034725,0.0,0.0,0.0,0.0,0.0,0.0,219852934.59130222,689.3352422762997,0.19930934385843102,252238433.10538712,733.4939048594927,0.5240803179131014,218014771.5125965,775.3004604963731,1.2100678447410071,0.0,0.0,0.0
Titanium,4,3,0.28792768539860847,0.10625510120391847,0.023087402998149507,0.3003165850378344,0.052332688271999356,0.033569558823602415,0.23598152442004508,0.0755739939212799,0.1092279591149181,0.2095455859097512,0.08139042526483536,0.19437729307044968,0.5125607491483588,0.03376601941883564,0.2587436802992373,0.0,0.0,0.0,0.0,0.0,0.0,147253803.56568986,520.6022357865821,0.051038370590558074,131494107.70056854,370.86720069112454,0.13791876845794554,122943282.98831938,437.7767462758291,0.24413869256305645,0.0,0.0,0.0
Titanium,1,2,0.27266922406852245,0.09322847652435304,0.023420699045039035,0.2958162405023857,0.08212617069482804,0.12811146128729403,0.0,0.0,0.0,0.0,0.0,0.0,0.0,0.0,0.0,0.0,0.0,0.0,0.0,0.0,0.0,72636022.07355322,349.3031022840598,0.03418164337175084,68027761.98761937,324.13113673652276,0.19937726308143483,0.0,0.0,0.0,0.0,0.0,0.0
Titanium,4,3,1.029186987876892,0.1306235262155533,0.021708009767282842,0.162400513066131,0.032355795800685885,0.24133247631856142,0.27732024285490875,0.0930681484937668,0.3628602221210387,0.2517412053263949,0.07674693882465362,0.5464013419269691,0.24030927049568027,0.10221009075641632,0.8274655810511746,0.0,0.0,0.0,0.0,0.0,0.0,204344364.2446283,426.757812564095,0.12988530349396882,232348611.23359498,274.78287052646556,0.6036788780672688,207343421.80867612,237.30467476957412,0.9208353086038318,0.0,0.0,0.0
Titanium,2,2,0.6282227896153927,0.11760171747207643,0.017503399722014798,0.37587144541816314,0.09159363567829133,0.13302144993729342,0.3777637898205498,0.03358381874859333,0.31102759124191093,0.0,0.0,0.0,0.0,0.0,0.0,0.0,0.0,0.0,0.0,0.0,0.0,253538762.59367675,447.00020655146943,0.08026025418697424,199979606.21443367,183.35054634936574,0.5082421328607675,0.0,0.0,0.0,0.0,0.0,0.0
Titanium,2,2,0.8484702169895172,0.13219454550743104,0.021175210881601774,0.1871770092821824,0.15,0.2603410903202607,0.30489504899082565,0.058384336233139045,0.5426016905434513,0.0,0.0,0.0,0.0,0.0,0.0,0.0,0.0,0.0,0.0,0.0,0.0,220466176.77857673,159.99209330638948,0.10726689182183444,285857111.06845856,112.3588420677777,0.6912683038042107,0.0,0.0,0.0,0.0,0.0,0.0
Titanium,2,2,0.7981195375323296,0.1258303917646408,0.024840905441475776,0.26117909082738316,0.10469388246536256,0.14443261305332822,0.23500029303443337,0.08180618047714233,0.3887724859282379,0.0,0.0,0.0,0.0,0.0,0.0,0.0,0.0,0.0,0.0,0.0,0.0,184560951.26594323,771.4236244660976,0.09264353432809053,232985864.30221257,502.6851619223095,0.4927917186320864,0.0,0.0,0.0,0.0,0.0,0.0
Titanium,4,4,0.37931922897696496,0.08845923978090287,0.026644883528858167,0.30371633560231326,0.11712724566459656,0.04508249487299823,0.34495813838382333,0.0757145380973816,0.15637526924623205,0.2953854747939442,0.06861562758684159,0.2371127686525725,0.346130289408329,0.08653519213199616,0.3229641860051567,0.0,0.0,0.0,0.0,0.0,0.0,130686550.7776225,126.90768043724493,0.05896474189121205,140074785.69191042,270.0062099454112,0.101718946192089,145456888.5675762,548.7290578905892,0.18508562551417534,176692533.4040271,285.1206639101418,0.3096760307684596
Titanium,2,3,1.2576016515493393,0.10370097076892854,0.02425930376926696,0.37373512323490465,0.12317999005317688,0.36552893368381284,0.3578146322744391,0.11760128974914552,0.9611963335309808,0.0,0.0,0.0,0.0,0.0,0.0,0.0,0.0,0.0,0.0,0.0,0.0,303820241.59314775,897.676578085037,0.16026432822283215,329919637.2122869,611.3881467169045,0.4429453423945362,488917904.84222955,631.6869238899542,1.0310762454894524,0.0,0.0,0.0
Titanium,5,3,0.9564690962433815,0.076922580242157,0.025839124185976444,0.2885468243308767,0.08869380593299866,0.15762978249298687,0.14236132688378747,0.06286830991506577,0.3582796240295646,0.3124711726567832,0.08375554323196412,0.4925873571079508,0.24610503224780222,0.07395436137914657,0.6469382619252704,0.29882350692275295,0.1064656162261963,0.85916472616724,0.0,0.0,0.0,296087667.7874695,545.7588728585973,0.10756677945206046,283834969.9366952,635.3959838432739,0.40904860802873866,282882879.5230362,676.5915456858895,0.8292338816233384,0.0,0.0,0.0
Titanium,4,4,0.908011618256569,0.0993794425725937,0.020190605550192864,0.17183511441712573,0.08094001442193985,0.13672513799974997,0.29230883059143214,0.08733071804046631,0.30192499848397636,0.30714833906092676,0.07050815045833587,0.4666469132284011,0.4900929384388394,0.12539908945560455,0.7407776430744593,0.0,0.0,0.0,0.0,0.0,0.0,309637369.91241384,177.73583257030091,0.1076007875995027,358000995.9119669,507.77894534070373,0.3836320194948361,352720421.0111271,565.2662409313446,0.6573587524774183,298359200.0538047,1099.9999999999995,0.8123198159095755
Titanium,4,3,0.9589706495404244,0.1288232125043869,0.025505086317942495,0.3166298379109264,0.09035125553607941,0.16958880137780658,0.2824016086012705,0.10798837184906007,0.3763607649392279,0.17995313602132482,0.04982385694980622,0.6106471551595831,0.35434512404538854,0.09355944097042085,0.8544072919645751,0.0,0.0,0.0,0.0,0.0,0.0,291784572.2778167,423.68757156528426,0.13517362784188444,267663377.03819928,562.3097008756296,0.628399007903807,284824288.06568784,790.695341987163,0.8249376455110446,0.0,0.0,0.0
Titanium,4,4,0.8601927608251572,0.10482327854633332,0.018671224125225518,0.20825742221497534,0.03323348693549633,0.1293923009279696,0.26808034281595944,0.02,0.27562184626418196,0.3574709150298977,0.11751145243644714,0.43458471188252706,0.3705455260822169,0.07066586166620255,0.7010442563702466,0.0,0.0,0.0,0.0,0.0,0.0,153003974.8338221,844.1781635222377,0.09532310748555078,174320843.79427558,544.9688986374777,0.48042681553473965,136558502.97989747,760.3802986048308,0.5528836665639374,129379245.82249512,240.70368257671134,0.7392856301860912
Titanium,6,4,1.427046436071396,0.14255261683464052,0.0021824491467676366,0.22549592673698202,0.13132554709911345,0.2672419493557098,0.4182944257564617,0.0392990717291832,0.40540741621591897,0.3599428801447401,0.1083078545331955,0.6135188958258531,0.1949711775743405,0.055482596457004554,0.9006522320118318,0.22002540475352952,0.10257076501846314,1.0360201579386368,0.1496952157011402,0.09381229341030121,1.2843317924642565,397656955.84722686,398.3464813681158,0.16865685772915412,440376379.5742764,165.10029358376124,0.7186631501363175,468583912.7874582,787.4475253209874,0.968392434514974,378689178.5606916,1099.9999999999995,1.21942911437621
Titanium,6,4,1.2254032224416733,0.10993043911457064,0.02813084735745746,0.35674288657825426,0.07853922188282013,0.1915299175559752,0.2552323692162164,0.11193107843399049,0.33786049039334665,0.2925775215239736,0.09743631541728974,0.5467533730293602,0.21619742975891632,0.12787984371185304,0.6805341881862078,0.6131274976279408,0.02,0.8463496555574289,0.8264234967157134,0.02,0.9194089039685152,636288792.4134437,349.09000961635803,0.13154621110678905,513246677.15105677,299.92242350615055,0.5188044327300176,479387191.78763777,180.38229549128448,0.6161574205165068,779870418.7804942,1099.9999999999995,1.0629413584005203
Titanium,2,3,1.1061932250857354,0.10857263290882112,0.005354219876484549,0.366482259862245,0.09762609422206879,0.33522720438350895,0.12859722835265922,0.1150775694847107,0.7055286233235711,0.0,0.0,0.0,0.0,0.0,0.0,0.0,0.0,0.0,0.0,0.0,0.0,153612402.0836665,569.7757600564677,0.13290471998187636,175118362.6889004,595.1565237328595,0.3770168827332783,175608189.49466664,451.6975932903012,0.8720617871542576,0.0,0.0,0.0
Titanium,4,4,1.5743007689714432,0.09924095690250398,0.03204959679337175,0.2807873803054669,0.09131638288497926,0.2996491464764293,0.3326086948498473,0.11746144294738771,0.6560190183018719,0.2617599769071668,0.05830277442932129,0.8823992655025532,0.222994839632893,0.02,1.1804590425025543,0.0,0.0,0.0,0.0,0.0,0.0,179883156.91724733,418.03565467312876,0.18920528861286345,238265396.48824537,661.60723581329,0.6385091097055204,332845836.62877196,653.0227074500623,1.0326371655078903,228243748.6257085,375.42914076790413,1.4066347794028773
Titanium,3,3,0.25,0.10417812931537629,0.025226267969872585,0.24061148335281074,0.08935222804546357,0.031527190468650414,0.2513387281687766,0.07939378440380096,0.1307778164546343,0.4516704325572872,0.06164789706468582,0.2188109583941389,0.0,0.0,0.0,0.0,0.0,0.0,0.0,0.0,0.0,137181901.22395182,494.89242854751245,0.06527253619471088,112533636.16744924,464.01066888306445,0.16896777519893033,130687589.52080153,592.3684770485299,0.20520477796231185,0.0,0.0,0.0
Titanium,2,3,0.8077256411314011,0.12338495421409608,0.02366264769723806,0.4290483269674801,0.06886825919151307,0.4505358589642941,0.2821628815206485,0.10198032915592194,0.7048767572216355,0.0,0.0,0.0,0.0,0.0,0.0,0.0,0.0,0.0,0.0,0.0,0.0,227889955.21401557,786.5756137906417,0.12495415746983622,217210204.65355268,784.6439126180169,0.311246495363209,260051146.28580058,576.5244827650613,0.7269530762105353,0.0,0.0,0.0
Titanium,3,4,0.9398270294070245,0.10918647432327272,0.031028875629499172,0.1859932869410541,0.08140641450881958,0.1887862485226126,0.3588296188988742,0.08688360035419465,0.35538238323190124,0.36109339700108384,0.08721164524555207,0.6279567033335132,0.0,0.0,0.0,0.0,0.0,0.0,0.0,0.0,0.0,167731084.38581198,810.8426484061955,0.1125849390956204,170613602.11687168,251.07624016419348,0.4048094736233589,114416496.8979997,680.9519393153086,0.6088820030811621,157542248.27700585,389.9142820058578,0.8185911761588995
Titanium,2,2,0.8134096011519433,0.11255907690525056,0.03322664092755979,0.17907306136225543,0.10751462996006013,0.25401964569021196,0.350944204313764,0.02,0.5675963229323997,0.0,0.0,0.0,0.0,0.0,0.0,0.0,0.0,0.0,0.0,0.0,0.0,155542236.1009457,477.59932919800076,0.12597690501361142,146677894.4752719,242.91996138246793,0.7081177721341612,0.0,0.0,0.0,0.0,0.0,0.0
Titanium,6,4,0.592849562317133,0.08972032523155213,0.005694754957383056,0.12902247696008634,0.059919400513172155,0.07507897690006954,0.30130839594640507,0.07828598201274872,0.1637844738220678,0.24405505578736317,0.06611649364233017,0.2663216281473376,0.2855627550238778,0.07657719403505325,0.37932894000864403,0.4061828941992332,0.03322946734726429,0.43953885334255954,1.188860267363166,0.02,0.49525438661481647,220216232.81946743,204.98490956531705,0.10634416840316593,284847606.3431071,878.4817279702379,0.31882864186900367,233662339.36735156,430.1939900043312,0.40778144477199835,375359530.5597869,841.1264143862671,0.5330673069106046
Titanium,2,2,0.7959825873374939,0.12488654446601868,0.0035660189882323876,0.46382785942030536,0.06580738246440887,0.5218706229407348,0.2187008825809397,0.07962442934513092,0.627541448876652,0.0,0.0,0.0,0.0,0.0,0.0,0.0,0.0,0.0,0.0,0.0,0.0,395400329.5294372,603.16189070261,0.17058017809622206,463078167.87395114,761.9652105304707,0.6990869320210057,0.0,0.0,0.0,0.0,0.0,0.0
Titanium,3,2,0.48607990220189096,0.08923868930339814,0.025963927746203676,0.2539825283757993,0.12294953107833863,0.14114182607648376,0.34018189590269554,0.11352858483791352,0.32507258029084496,0.30031357303239814,0.07660204380750657,0.4320249584430691,0.0,0.0,0.0,0.0,0.0,0.0,0.0,0.0,0.0,361682692.7879979,161.05687406003568,0.12784141036531982,230515456.97447076,494.97380503466036,0.42200641674754,0.0,0.0,0.0,0.0,0.0,0.0
Titanium,2,4,1.1724167928099631,0.11990705275535585,0.046637094007394325,0.24742893119199227,0.02,0.6356519763833424,0.4022963548959808,0.05164417445659637,0.7757224173742385,0.0,0.0,0.0,0.0,0.0,0.0,0.0,0.0,0.0,0.0,0.0,0.0,96006704.4518709,601.313338738385,0.2016846105693006,97348428.04198474,706.5702264340239,0.5574058505230142,91765300.00364403,838.6875593810776,0.8802854399245126,118765218.44284892,583.809218270407,1.0514635913448287
Titanium,5,2,0.8756175175309181,0.12073228752613069,0.04058812775747553,0.4334458666428,0.07634776562452317,0.1510030428101363,0.25080744392756454,0.10877192616462708,0.2863982481284665,0.2778429568931541,0.08666453182697297,0.421528500485361,0.20189619526503047,0.07925907880067826,0.5697365007851661,0.512308788050814,0.030757156163454057,0.715672580716819,0.0,0.0,0.0,553493702.3957503,797.1378111198637,0.2161933878031822,554945645.4304016,191.2872083769598,0.7659814067277949,0.0,0.0,0.0,0.0,0.0,0.0
Titanium,3,2,0.25,0.10371300637722017,0.013251970532242014,0.36606372823308764,0.09826867818832398,0.03325392754686153,0.222506937495244,0.0447085851430893,0.1363997535652878,0.4012750211406868,0.05842479944229126,0.21020662243298038,0.0,0.0,0.0,0.0,0.0,0.0,0.0,0.0,0.0,191903590.51813582,636.4750232062062,0.04553632374535105,175112698.9809536,227.820633298237,0.19862720306262482,0.0,0.0,0.0,0.0,0.0,0.0
Titanium,6,3,1.0282385125756264,0.12604237759113313,0.011743093420697138,0.23942766862515497,0.06128928005695343,0.2365959949565482,0.21756198290522963,0.1240515685081482,0.3540929688209558,0.32238210710284604,0.09574576377868653,0.4901783782484587,0.4631798870269966,0.09085620880126953,0.6250568156462518,0.37618084343319486,0.08592814326286316,0.7525306826513485,0.24719679254496085,0.10012275636196137,0.887147755639063,641087983.9884193,674.2903968953902,0.1633571528383391,550000000.000001,452.71852829548675,0.5296574233847492,673236821.6265134,873.1448828288777,0.9197340373590523,0.0,0.0,0.0
Titanium,6,3,0.9518731564283371,0.09810170447826387,0.01851755960580021,0.16631399202561326,0.0886998188495636,0.11081975395714608,0.22054596340653912,0.07564129441976547,0.276347931997533,0.23937952492013256,0.0900780862569809,0.40925676169671205,0.3499192518048869,0.10493532121181488,0.553691354172958,0.24182998115387075,0.04314902171492577,0.7075737299009371,0.2910523223395474,0.05549978286027908,0.7776273521943631,282267487.02271426,485.7301502142915,0.09518731659470688,434141166.05136216,842.5925523423792,0.5723705045265467,337185270.65964484,389.20193024881695,0.8336603656303582,0.0,0.0,0.0
Titanium,2,3,1.4729844421148302,0.12727270114421846,0.020053501719541435,0.2813863726426088,0.09361022531986238,0.566626858133944,0.22338890489858848,0.13174269318580628,1.108912494761375,0.0,0.0,0.0,0.0,0.0,0.0,0.0,0.0,0.0,0.0,0.0,0.0,321950255.26172245,430.07770340785044,0.23433040202047534,345015088.2543432,760.9418694007811,0.8971567580540449,279225584.1181893,615.0497285691487,1.2960536960498144,0.0,0.0,0.0
Titanium,4,3,0.8555422931909561,0.12223809278011323,0.014955115533826684,0.2556473725048689,0.05346527069807053,0.13024956115204178,0.260917678093733,0.07721646547317505,0.26900254205046115,0.28250693832101953,0.07727736175060272,0.5205071350991349,0.3469582127504868,0.06779306679964066,0.687531723719745,0.0,0.0,0.0,0.0,0.0,0.0,176849664.36944267,551.8227384573458,0.0913864477708036,264286548.2804318,188.75530288144762,0.32842763473915365,194553214.8968137,581.944579697234,0.7523246781019527,0.0,0.0,0.0
Titanium,6,2,0.6992285408079624,0.13925792407989504,0.003581035708444626,0.15949893874465482,0.029934527575969698,0.10417924716830768,0.39289247036285624,0.053926948010921474,0.16508377819879758,0.25715572957912664,0.10705604434013367,0.2722874570419917,0.27322737329520924,0.1302345359325409,0.40767436694408393,0.24911877894974258,0.06058366894721985,0.5248181100328072,0.396756820672885,0.08386968404054643,0.6056313807999396,574587155.2094709,798.9985776454411,0.11457850053299994,543227393.9618311,602.37466472811,0.6207530863702948,0.0,0.0,0.0,0.0,0.0,0.0
Titanium,3,3,1.0672652691602709,0.14239098250865936,0.011188311083315847,0.3240606052797214,0.047951124012470245,0.27305560373522336,0.33146088343657326,0.09585697174072266,0.6346721379297506,0.17114575873294946,0.09042179882526398,0.8419720980679524,0.0,0.0,0.0,0.0,0.0,0.0,0.0,0.0,0.0,309744084.3181356,520.4486203024084,0.1487895583410756,234663606.73452386,562.1250364900977,0.6980550616984285,245661829.48742643,192.4579910371621,0.9600846601298,0.0,0.0,0.0
Titanium,2,3,0.4680438060313463,0.07341831386089326,0.03637730630033222,0.23204224841301657,0.1072788554430008,0.21490252556956427,0.3360365162310011,0.0633381348848343,0.3415621031450485,0.0,0.0,0.0,0.0,0.0,0.0,0.0,0.0,0.0,0.0,0.0,0.0,77319417.5673416,151.71599820307236,0.09118097487130275,92763638.3053635,743.029407027686,0.2643829993380237,71476267.17476846,703.2967005218442,0.4063838588770991,0.0,0.0,0.0
Titanium,4,4,1.028624342381954,0.09647988510131837,0.02213704106710879,0.2600545613420879,0.03863960355520249,0.31468165869171894,0.2762688086824047,0.08667625546455383,0.4684515107237934,0.3358825612975433,0.04454089373350144,0.6487938081209326,0.10131400974431994,0.0952036327123642,0.8026958705341674,0.0,0.0,0.0,0.0,0.0,0.0,128724521.00420728,880.0403077461601,0.13002612148080844,139828034.32797506,379.2491712239514,0.5511241660908371,124435410.79079804,422.19903069947105,0.729499597686937,125760770.18226428,467.77665423804564,0.9087656381347847
Titanium,5,4,0.7369312748312951,0.11562878334522249,0.02812683214045352,0.35273846523334135,0.08926108896732331,0.07591392684492619,0.12753057304257323,0.05989658862352372,0.2532903671092758,0.2640697214377089,0.1336661833524704,0.3913878138468988,0.3038304916221184,0.02,0.4934808097047506,0.29533983499466804,0.08249147087335587,0.6138492146296266,0.0,0.0,0.0,181989978.33895785,218.16958206297934,0.101813712801248,153465707.46261486,480.76970020148195,0.18879731722738383,187732688.02722195,418.3198426120102,0.30002483424465265,179616775.1347329,190.41757518146582,0.6254575253704806
Titanium,4,3,0.8178668782114983,0.08383733767271043,0.027293827407347013,0.2698210270161405,0.09931170225143433,0.15033399335546443,0.30246130271524324,0.08743158161640167,0.3249635120573193,0.29751446146241833,0.031131059229373932,0.5544166349591566,0.34371670654052405,0.11970577955245973,0.6933853066085139,0.0,0.0,0.0,0.0,0.0,0.0,546621622.7991561,320.4510464339563,0.0991751970298715,586385224.794449,813.256928981883,0.5852543776194667,457878543.82202524,370.6171564407514,0.7267581811350143,0.0,0.0,0.0
Titanium,4,3,0.6085316583514213,0.11463957822322847,0.015716669645857537,0.14026253055787385,0.02611655365675688,0.08048912294596719,0.30200468235171474,0.10172140955924988,0.204015285844533,0.316943834889561,0.08978628158569336,0.33941364409172,0.28819555026325017,0.051444256603717806,0.5476684925162792,0.0,0.0,0.0,0.0,0.0,0.0,152480117.6608361,304.00157943132575,0.06931880510566624,184079402.832394,467.2596816908167,0.2698362642967867,156485228.5634582,722.4836723334022,0.5227133700423232,0.0,0.0,0.0
Titanium,1,3,1.010633084177971,0.07931415379047395,0.012872651704609927,0.3627619215705443,0.08504364013671875,0.4474798553604276,0.0,0.0,0.0,0.0,0.0,0.0,0.0,0.0,0.0,0.0,0.0,0.0,0.0,0.0,0.0,99301561.52851763,424.4545508406222,0.19100129650880082,154684835.32852578,596.5167086185447,0.4062240019336615,166284710.93152767,422.51293423693716,0.7541608971286076,0.0,0.0,0.0
Titanium,6,2,0.4929057762026787,0.10366323041915895,0.016314459303203358,0.2941753494379313,0.02,0.055787368792005146,0.19426871629108106,0.11173507750034332,0.1302817664282049,0.23121986434729724,0.04088231489062309,0.2125772254513578,0.2407917089121135,0.08074240565299988,0.277353973882677,0.33794019055956875,0.06006894469261169,0.3572900203623434,0.34661428162700963,0.080303815305233,0.4377439175635712,301535643.6660001,306.9306394159259,0.07423022233543998,312198127.9218847,543.5847668511179,0.41226674088542087,0.0,0.0,0.0,0.0,0.0,0.0
Titanium,6,2,0.6596635356545448,0.1415928913354874,0.016151115923257447,0.2620236817492836,0.10773204028606416,0.06642338874364904,0.2786170025216878,0.0843292111158371,0.1679378337572018,0.2836491383580066,0.1469851964712143,0.29097296566653064,0.2504632880459405,0.047215396016836164,0.3933187681988032,0.23080530722549927,0.10555989742279054,0.47700464548799654,0.3859619703801562,0.11511387169361115,0.5921287035114734,583662550.2839801,326.15479482520965,0.08241021450198768,550000000.000001,152.7627889197678,0.5745330431489246,0.0,0.0,0.0,0.0,0.0,0.0
Titanium,1,2,0.7536859259009362,0.12382169783115388,0.01617299428186319,0.36955165775596943,0.04219032570719719,0.13846637393392772,0.0,0.0,0.0,0.0,0.0,0.0,0.0,0.0,0.0,0.0,0.0,0.0,0.0,0.0,0.0,134774451.55178586,505.68541661619156,0.09687018461539379,179810375.62755007,771.4840323176073,0.5824317518499814,0.0,0.0,0.0,0.0,0.0,0.0
Titanium,2,4,0.9382866322994232,0.060421545445919045,0.02453163627945433,0.23194194062934007,0.048242990672588346,0.31721301611341657,0.27158384457957546,0.05678781777620316,0.8381363222558704,0.0,0.0,0.0,0.0,0.0,0.0,0.0,0.0,0.0,0.0,0.0,0.0,111557006.01818837,220.52928392544297,0.12188809870395179,107942486.72562745,910.6197052361777,0.35984807093823246,113494153.04863311,164.35456521959685,0.5003042811453811,119672518.78111264,505.8343854813826,0.7817508181598765
Titanium,5,2,0.4188934829086065,0.095434547662735,0.03888359245703907,0.28435080294139525,0.06584186375141143,0.05778191157122051,0.10021629567337634,0.03805018857121468,0.11942933333207388,0.2223287346814397,0.0727803161740303,0.18958824116761658,0.24751805986655329,0.10446181952953339,0.28928428183672605,0.29391954600848225,0.05924541145563125,0.3769941346177459,0.0,0.0,0.0,201055079.53923348,839.2941708583762,0.08574156901221552,166168477.184411,668.7931244513596,0.35824698527004595,0.0,0.0,0.0,0.0,0.0,0.0
Titanium,2,3,0.8637628719210625,0.11440595877170565,0.017802893915020303,0.45643708971846453,0.08176589161157609,0.5273397997724353,0.22991800586949956,0.08207216680049896,0.6973054236417208,0.0,0.0,0.0,0.0,0.0,0.0,0.0,0.0,0.0,0.0,0.0,0.0,242310378.50736755,968.9783542361665,0.15558855071468392,327498548.1941382,187.5491680124972,0.3609146447055976,282511828.06712896,600.9803977694714,0.7351013767310969,0.0,0.0,0.0
Titanium,4,2,0.7799984380602837,0.15471535229682923,0.028202324742398463,0.2932942537739064,0.10753286242485047,0.17721030624409087,0.17722044029476391,0.053869399130344386,0.2696933573671744,0.21087719196710822,0.09049228787422181,0.4011533586721159,0.22961196043624377,0.10630634367465974,0.5375321876437238,0.0,0.0,0.0,0.0,0.0,0.0,353391016.96608096,213.98342067885693,0.09522111321116472,352011085.424371,408.70299496730775,0.6625176395049693,0.0,0.0,0.0,0.0,0.0,0.0
Titanium,3,3,1.2270980507135392,0.11973262107372286,0.006808031199529875,0.22354590656177112,0.05378756999969482,0.3282742981438505,0.24938135436663442,0.08653860926628114,0.49108151268966527,0.2893189539187779,0.10117500126361847,1.1043782456421853,0.0,0.0,0.0,0.0,0.0,0.0,0.0,0.0,0.0,189584732.83584625,151.2242556092089,0.16467959427754067,282647541.3467856,348.12470794476917,0.7458315590967391,178506406.8507032,236.18166705957117,1.0904634227080099,0.0,0.0,0.0
Titanium,2,4,0.7544796392321587,0.10299340903759004,0.03481356133238949,0.33732688300519087,0.06940479189157486,0.19489140721791542,0.44361389718647165,0.08441176086664201,0.4650404078415228,0.0,0.0,0.0,0.0,0.0,0.0,0.0,0.0,0.0,0.0,0.0,0.0,114704794.74866998,342.16951972347414,0.09652424431909219,149635996.86229038,222.738943519595,0.3105256128743568,111790262.27322628,289.7016514489479,0.42172524009038126,125986753.10029607,324.53426780205086,0.6402690224354478
Titanium,2,4,1.3750158697366714,0.11917051923274995,0.026197909751673285,0.161978033714836,0.07560931205749512,0.5186680855273876,0.2844462216734091,0.04206908136606216,0.8342293069820568,0.0,0.0,0.0,0.0,0.0,0.0,0.0,0.0,0.0,0.0,0.0,0.0,113711753.30011514,298.1434244757603,0.20302671242655584,107716787.44971733,389.68079471506115,0.7787269908593322,111434118.46392433,322.111013293663,0.9240024887446703,104826843.75216107,652.4292727460577,1.1997094599627436
Titanium,3,2,1.0457095235586167,0.11707743215560915,0.00929492361151092,0.2765975147860642,0.03856069564819336,0.16752965640804218,0.2309911965408378,0.07718255370855331,0.32848082218896235,0.17258607116952984,0.1413941526412964,0.8292173169250479,0.0,0.0,0.0,0.0,0.0,0.0,0.0,0.0,0.0,572095296.5048313,411.31390189256854,0.11909840320295813,551809678.3043698,562.9855708706515,0.8538006247553341,0.0,0.0,0.0,0.0,0.0,0.0
Titanium,3,4,1.1783863484859467,0.1258685553073883,0.022229767868746267,0.1557205769633255,0.06593369632959366,0.2586142039336561,0.31129575728703723,0.07971178710460664,0.6579811868628843,0.25388661039578436,0.13465380489826204,0.9791052219070647,0.0,0.0,0.0,0.0,0.0,0.0,0.0,0.0,0.0,196766803.20944288,349.79184986068435,0.13097710209677083,182801503.8714764,419.4819435160651,0.40062548431526535,211370295.23020104,447.76476897030057,0.6141216337175815,182130001.71847588,644.3089227707551,1.010362583037005
Titanium,3,4,0.9665085554122925,0.08705600380897523,0.02174841628565088,0.39576861649028583,0.028405400663614272,0.15998496122945724,0.29108017000258163,0.0790774166584015,0.45052654427197497,0.5290743980107063,0.10880076646804811,0.6945834339108755,0.0,0.0,0.0,0.0,0.0,0.0,0.0,0.0,0.0,716728859.2658846,232.63168037113275,0.11709547040478165,662757413.1294098,271.6815440428041,0.34339236383926786,550000000.000001,741.6668466163893,0.511416225749934,650492711.901324,627.7627788967242,0.7964418280905864
Titanium,2,3,0.6595134876668454,0.14918875670433043,0.01675777354803761,0.2682523993125321,0.08720418334007264,0.11592539230307994,0.2254910571284613,0.023995295632630587,0.43324676853040567,0.0,0.0,0.0,0.0,0.0,0.0,0.0,0.0,0.0,0.0,0.0,0.0,138064489.73967484,282.48384450653555,0.07177125908518918,144208365.9250571,525.6504928928885,0.4462902011268159,152543854.55968672,494.9993617095199,0.5695683458767102,0.0,0.0,0.0
Titanium,5,4,1.0523754805326462,0.14064812994003298,0.01694566618046618,0.40541632904221114,0.06869624793529511,0.13712960883170938,0.33704826002833993,0.02,0.25384323764503075,0.2095588698571119,0.08611270725727081,0.5099638086787021,0.27299294290572595,0.10880460977554322,0.6954358465659964,0.33646759190786374,0.07739750385284425,0.9378482324187742,0.0,0.0,0.0,311019375.4874733,724.4013083288096,0.11541042260614534,345940854.70064265,764.97878555085,0.23211301957855873,347469932.6469595,362.14145570053836,0.40040243442430873,310856256.4324715,622.6640489403882,0.8743910878366504
Titanium,3,3,1.0723968937993051,0.09842922198772432,0.02866689647954765,0.25555827649291957,0.06794109225273133,0.5012214030535617,0.31837346831946617,0.07178856074810028,0.647946783790836,0.2580331681222356,0.12944351196289064,0.8357044643528899,0.0,0.0,0.0,0.0,0.0,0.0,0.0,0.0,0.0,299401956.7817751,169.4893806348545,0.22554431304751726,198269345.75349262,646.8142808358343,0.6630125043872803,243173510.8522345,299.02390996869354,0.9607971779414147,0.0,0.0,0.0
Titanium,3,3,0.8872603923082352,0.08762585431337358,0.020534027651470596,0.24935137559911472,0.10088932573795319,0.33665947822751086,0.39540641661428544,0.029933689758181573,0.6076667653328185,0.13529383293659925,0.08280211627483368,0.7481972010283837,0.0,0.0,0.0,0.0,0.0,0.0,0.0,0.0,0.0,174052998.36240593,762.035766399948,0.15679192118805524,108730792.24268948,445.487642099329,0.49727848237570127,126457011.27119863,313.3015027422766,0.7917232077953105,0.0,0.0,0.0
Titanium,4,3,0.871167904138565,0.08530710381269456,0.008897565525549454,0.31053082694003503,0.04356315940618515,0.26208118218607,0.22342798372973427,0.06932068854570389,0.4329391884831497,0.2098050490410204,0.04265652239322662,0.5491567678147116,0.19945411817498004,0.02850577510893345,0.690937208907468,0.0,0.0,0.0,0.0,0.0,0.0,129625334.87534307,758.6526850502318,0.1175991900344687,141846066.7758979,631.7129198705269,0.33256650026299295,133450012.38517131,375.8819645460818,0.7782304490580051,0.0,0.0,0.0
Titanium,4,2,0.7194371074438095,0.0836645098924637,0.016140578234833853,0.29816995931537627,0.06355561882257461,0.14759713391295978,0.23558536019152618,0.08193477630615234,0.25266511042868656,0.36609637421018587,0.02,0.5601652697894175,0.23799726897481138,0.08332647591829301,0.6165744253783412,0.0,0.0,0.0,0.0,0.0,0.0,530348905.1939401,564.8095842051755,0.09310496606199571,676795894.4896314,292.69746116630137,0.6298207804972011,0.0,0.0,0.0,0.0,0.0,0.0
Titanium,4,3,1.1400000318884849,0.08166958242654801,0.029665903625176186,0.33486384084972537,0.09522294223308564,0.20956080054527093,0.3423864288991034,0.07303918540477752,0.5224231056411005,0.4219382908039925,0.06841271102428437,0.7941427366519309,0.4532473616833127,0.06649083644151688,1.0259900286996366,0.0,0.0,0.0,0.0,0.0,0.0,603263483.8045998,661.5374079551109,0.12919667123438602,555306895.0764873,839.6989822223454,0.5797324229075622,656783993.0326059,333.58424048643724,1.0050645746591422,0.0,0.0,0.0
Titanium,4,4,1.2666068464517595,0.109756862282753,0.02804573615397083,0.33207013012292164,0.0629803004860878,0.2006374227342942,0.29468443113619386,0.09706423521041871,0.39773211769961025,0.1486607879345386,0.03300537869334221,0.6396185259828621,0.37456093488777825,0.1110699063539505,0.9864515075310486,0.0,0.0,0.0,0.0,0.0,0.0,339392201.55205065,558.2576591134681,0.1486226913803545,344066650.5551892,428.1599580185731,0.7438787889521356,367410051.1179075,887.164432989258,0.8506915107733893,362686074.55679524,469.84230363898655,1.0957519323913874
Titanium,2,2,0.25,0.07234196907281876,0.023804144171365005,0.18093376656290455,0.05821263879537583,0.1345380250958646,0.192900447964012,0.03702272951602936,0.21407586639648024,0.0,0.0,0.0,0.0,0.0,0.0,0.0,0.0,0.0,0.0,0.0,0.0,43560261.24064314,395.81298633185264,0.03700841567306025,41185310.52478979,809.1440453995651,0.1882127187660833,0.0,0.0,0.0,0.0,0.0,0.0
Titanium,4,3,0.9197706609964371,0.10720160615444184,0.030629568417150435,0.291500366565454,0.05694736152887345,0.17808022457398595,0.20259238432640436,0.11307250201702118,0.3225424567386064,0.30213765620436434,0.11822983324527742,0.500725279879939,0.3211824396637445,0.02,0.5946885432060788,0.0,0.0,0.0,0.0,0.0,0.0,253145158.44251704,402.0284257725515,0.10557895499837336,205598521.4287772,558.3776455309757,0.4223558461010085,215498557.86852422,688.6563252898316,0.7930350619324822,0.0,0.0,0.0
Titanium,5,3,0.8914090275764466,0.121556498169899,0.03835451079923149,0.26981800390262983,0.07748440444469452,0.2624631416230744,0.19626597955658276,0.051608149260282524,0.39943300038470647,0.2278200224288994,0.05640554428100586,0.5292598227502736,0.33147712032936016,0.0425035397708416,0.7238529727476162,0.1912567990127495,0.02,0.802258124818802,0.0,0.0,0.0,160396645.9683151,848.6815613680313,0.11573655348117605,177791107.1805357,852.2058039621213,0.2948553003967744,161185306.73230085,398.9408642153263,0.7914128772092235,0.0,0.0,0.0
Titanium,6,3,1.095453615486622,0.1093984855413437,0.016383823086651823,0.30175047691016155,0.07063082247972488,0.1356063842621784,0.25015114680133504,0.08158035516738892,0.3726440700382796,0.33933608613478805,0.04018489599227905,0.4975677035320862,0.3663863589811239,0.12777197539806365,0.6028224593322139,0.3647981036009051,0.06708446472883224,0.7550071022550919,0.4035022696999728,0.1205358797311783,0.9477690261952324,599618513.3074541,84.62662824955217,0.16188250580877828,569411341.0091982,663.9455469001938,0.5275112105931787,690321011.8514832,835.1753029040502,0.9809188106044776,0.0,0.0,0.0
Titanium,1,2,0.5025278411805629,0.09857412326335908,0.02614285030816063,0.2055276516651279,0.11088886797428132,0.2084948271334761,0.0,0.0,0.0,0.0,0.0,0.0,0.0,0.0,0.0,0.0,0.0,0.0,0.0,0.0,0.0,86504814.45778479,705.9348551157772,0.07442038600671134,66096909.858196415,476.90537949514567,0.3372849185415315,0.0,0.0,0.0,0.0,0.0,0.0
Titanium,6,3,0.8802055180072784,0.09152378749847413,0.032328908783729474,0.33540729470849795,0.10104472398757935,0.09967920104948856,0.1753905019768324,0.04198921650648117,0.1851632396150214,0.28292792969485087,0.027772295176982882,0.3054218633798927,0.18881016791682234,0.07859075397253036,0.4068532023067794,0.365414540227379,0.14445416152477264,0.5772222376544779,0.32765505978262227,0.06163310110569001,0.7741474471923049,429266349.7676858,716.5671466553628,0.12073103775700765,386682668.79208714,775.36501271712,0.6142141716117452,478730746.3851807,132.94951453602928,0.7472414277473745,0.0,0.0,0.0
Titanium,3,4,0.3607893707230687,0.07742119890451432,0.009779003708529395,0.20186796411269275,0.046123017221689225,0.07857097617601888,0.30900768980413673,0.09255402088165283,0.18848901324184592,0.19918152459162933,0.07799329012632371,0.3011724510751316,0.0,0.0,0.0,0.0,0.0,0.0,0.0,0.0,0.0,67786023.75200202,330.25739575166864,0.04391799020235858,64211702.06683027,359.58164148118914,0.1527084945835515,55671708.774230465,717.9484275360293,0.17660074384189797,64032203.70412918,662.2560795638731,0.31654260092238773
Titanium,2,3,1.0151065707206728,0.10557943975925446,0.002285973233401739,0.34947488542118366,0.15,0.19614206932422595,0.339592340477023,0.051166482716798786,0.552825434475763,0.0,0.0,0.0,0.0,0.0,0.0,0.0,0.0,0.0,0.0,0.0,0.0,276666104.15761966,662.6181698135423,0.12885107852748662,205487951.8025704,841.0225776333588,0.4671157429840137,218680602.0810187,583.0989063517724,0.8268510858421938,0.0,0.0,0.0
Titanium,4,4,0.8048840194940567,0.10633709061145784,0.029135400881834306,0.34192503961370957,0.10229857981204987,0.14926019319642542,0.1744099802420809,0.08582121253013611,0.3255430525709445,0.24429171116802137,0.09770922124385835,0.4982061240353762,0.2998783683901638,0.12408443033695221,0.6396070227684922,0.0,0.0,0.0,0.0,0.0,0.0,113500056.90669017,673.1114674158157,0.09621184478646005,183240291.70844662,111.75323734882612,0.23338408833969634,196848190.317023,380.8018435892807,0.39640503337040317,188415431.87530828,555.0725910778476,0.7158422321972662
Titanium,2,3,0.4537731893360615,0.09227194190025331,0.020988018832537564,0.30144683516188964,0.09075384199619294,0.08297390521708714,0.2816948921767176,0.03694953620433808,0.228619332511102,0.0,0.0,0.0,0.0,0.0,0.0,0.0,0.0,0.0,0.0,0.0,0.0,94614696.75198743,895.2398667794942,0.048442419800549495,76668603.94538786,776.6885564895248,0.18356867427517232,77313321.13187702,580.8267309366873,0.3886143430610746,0.0,0.0,0.0
Titanium,3,4,0.9582977354526521,0.09926478266716005,0.018602278603449516,0.40372097500861365,0.0849075010418892,0.2594124830165319,0.3188090297295861,0.05501292258501053,0.45401663535045106,0.2444094305938276,0.05951849550008774,0.75060873623278,0.0,0.0,0.0,0.0,0.0,0.0,0.0,0.0,0.0,145871675.10293284,633.1033357089383,0.13759908977665164,151842874.36948153,343.88898228119774,0.4064160666290592,135374081.54051644,791.0550101405236,0.4428006624948878,153203901.212449,263.4549771857998,0.8390330370439486
Titanium,3,2,0.39371497295796876,0.08841788536310197,0.011172582217909748,0.23382616072592152,0.10504373967647553,0.056119730823809416,0.36998866104722,0.058147763609886174,0.19499282953005745,0.3532900358216158,0.08188180297613144,0.312333898360328,0.0,0.0,0.0,0.0,0.0,0.0,0.0,0.0,0.0,193516507.60015166,363.0345270763815,0.07295288064044309,216767245.36026144,267.18807363981193,0.32614933576778626,0.0,0.0,0.0,0.0,0.0,0.0
Titanium,2,2,0.3006929152645171,0.10398374831676484,0.0266601014389104,0.2669971208443874,0.11369626462459564,0.07909975587447748,0.2906362377224879,0.11496040284633637,0.2386865915485527,0.0,0.0,0.0,0.0,0.0,0.0,0.0,0.0,0.0,0.0,0.0,0.0,153773058.9497929,716.0913934822348,0.04640362486540686,149607305.35513246,699.9828603914845,0.2555566129098909,0.0,0.0,0.0,0.0,0.0,0.0
Titanium,3,3,0.8203701406717301,0.12252268159389497,0.008877591398426499,0.33873171944793445,0.12423761248588562,0.12253980407503068,0.27782684846822187,0.05567019015550613,0.2691679025165138,0.392599083885735,0.12553764998912811,0.5238830427059233,0.0,0.0,0.0,0.0,0.0,0.0,0.0,0.0,0.0,243546598.40958628,604.6627019249297,0.08852568729040462,244259209.14297754,86.0663295526207,0.2956644459624419,306764966.1299239,452.9682971264659,0.6705627079104299,0.0,0.0,0.0
Titanium,4,4,0.9247745394706727,0.0969852536916733,0.011163681372304191,0.4083025188687408,0.06435347318649293,0.20005794360749768,0.3067971672587555,0.05615592688322067,0.43903473771986357,0.30535602037883974,0.05698554277420044,0.5538689319079955,0.2672208878735309,0.10262494325637818,0.7716628241829148,0.0,0.0,0.0,0.0,0.0,0.0,482057487.83972085,379.6640678893722,0.12532606589275808,447537205.6200139,748.2526431056252,0.6619373473435665,444002579.2542302,834.8549007549761,0.7080286769606932,480559155.8796083,170.46855481404128,0.8138742861994545
Titanium,6,3,0.84571250975132,0.07571369141340256,0.03409945493968875,0.1821022231099107,0.1481904685497284,0.10920747774007336,0.3376558149568137,0.05085650563240052,0.25629042810126057,0.29781225997814165,0.11519246578216553,0.3554411248306502,0.17011094055026052,0.03572480447590351,0.45116281026671184,0.27360243957059277,0.0853498649597168,0.5262723917760562,0.35520280238468366,0.08349981606006623,0.6621304379801057,352934511.6594104,720.6488193809113,0.12423327226093853,354331070.294219,558.0135110864786,0.37606931405504496,423382641.51132834,244.72885390076326,0.7301817740046705,0.0,0.0,0.0
Titanium,3,4,1.7746751219034196,0.09549880528450014,0.013355477362279544,0.38416610602226076,0.06839446306228637,0.2948957954589626,0.3098540406507923,0.11311749815940858,0.5181310027657955,0.24797724859414147,0.11371585309505464,1.1793206671351548,0.0,0.0,0.0,0.0,0.0,0.0,0.0,0.0,0.0,521066130.54605395,860.9889517230622,0.18372114778936893,460392072.85979766,524.5955010409779,0.564792508558374,529898328.0965016,649.9668027562666,0.9709576604045711,543105554.9227357,261.4693613748711,1.4794670756415331
