tag,encoding,material,target,fam,n,med_abs,in1,in5,in10
armV_ema,z,Steel,3600,1_2,148,0.23211805555555554,0.013513513513513514,0.07432432432432433,0.19594594594594594
armV_ema,z,Steel,3600,1_3,167,0.1832083333333334,0.017964071856287425,0.11976047904191617,0.25748502994011974
armV_ema,z,Steel,3600,1_4,161,0.17744722222222234,0.018633540372670808,0.11801242236024845,0.2857142857142857
armV_ema,z,Steel,3600,2_2,150,0.1892916666666667,0.02,0.16,0.32
armV_ema,z,Steel,3600,2_3,166,0.15506944444444443,0.05421686746987952,0.13855421686746988,0.28313253012048195
armV_ema,z,Steel,3600,2_4,177,0.22567222222222225,0.022598870056497175,0.0903954802259887,0.2768361581920904
armV_ema,z,Steel,3600,3_2,164,0.1812013888888889,0.018292682926829267,0.10365853658536585,0.3170731707317073
armV_ema,z,Steel,3600,3_3,175,0.14218611111111107,0.03428571428571429,0.18285714285714286,0.3942857142857143
armV_ema,z,Steel,3600,3_4,182,0.16528611111111105,0.03296703296703297,0.15934065934065933,0.27472527472527475
armV_ema,z,Steel,3600,4_2,184,0.15400138888888892,0.04891304347826087,0.15760869565217392,0.3423913043478261
armV_ema,z,Steel,3600,4_3,146,0.18282777777777773,0.02054794520547945,0.17123287671232876,0.2945205479452055
armV_ema,z,Steel,3600,4_4,187,0.19529166666666672,0.0481283422459893,0.17647058823529413,0.2887700534759358
armV_ema,z,Steel,3600,5_2,160,0.17019305555555553,0.0125,0.125,0.275
armV_ema,z,Steel,3600,5_3,162,0.1621625000000001,0.018518518518518517,0.14814814814814814,0.3333333333333333
armV_ema,z,Steel,3600,5_4,151,0.1802499999999999,0.013245033112582781,0.1390728476821192,0.2582781456953642
armV_ema,z,Steel,3600,6_2,165,0.12523333333333336,0.030303030303030304,0.15151515151515152,0.4
armV_ema,z,Steel,3600,6_3,189,0.1567694444444444,0.026455026455026454,0.164021164021164,0.328042328042328
armV_ema,z,Steel,3600,6_4,166,0.1386041666666667,0.030120481927710843,0.2289156626506024,0.37349397590361444
armV_ema,z,Steel,5000,1_2,183,0.22032199999999993,0.0273224043715847,0.18579234972677597,0.3005464480874317
armV_ema,z,Steel,5000,1_3,157,0.1733379999999999,0.012738853503184714,0.12101910828025478,0.2802547770700637
armV_ema,z,Steel,5000,1_4,152,0.19802000000000008,0.013157894736842105,0.1513157894736842,0.2565789473684211
armV_ema,z,Steel,5000,2_2,180,0.15075,0.044444444444444446,0.2222222222222222,0.34444444444444444
armV_ema,z,Steel,5000,2_3,180,0.15351399999999993,0.03888888888888889,0.1388888888888889,0.3277777777777778
armV_ema,z,Steel,5000,2_4,151,0.19238999999999995,0.013245033112582781,0.1456953642384106,0.33112582781456956
armV_ema,z,Steel,5000,3_2,167,0.1453379999999999,0.03592814371257485,0.19760479041916168,0.3712574850299401
armV_ema,z,Steel,5000,3_3,160,0.16455199999999995,0.01875,0.15,0.31875
armV_ema,z,Steel,5000,3_4,161,0.18546399999999993,0.018633540372670808,0.18633540372670807,0.2732919254658385
armV_ema,z,Steel,5000,4_2,179,0.14292000000000007,0.0335195530726257,0.19553072625698323,0.3687150837988827
armV_ema,z,Steel,5000,4_3,170,0.15886900000000004,0.041176470588235294,0.14705882352941177,0.3235294117647059
armV_ema,z,Steel,5000,4_4,160,0.15617200000000003,0.0375,0.2,0.35
armV_ema,z,Steel,5000,5_2,168,0.13323800000000002,0.023809523809523808,0.24404761904761904,0.39285714285714285
armV_ema,z,Steel,5000,5_3,167,0.17424400000000004,0.03592814371257485,0.1317365269461078,0.2694610778443114
armV_ema,z,Steel,5000,5_4,167,0.16233600000000006,0.005988023952095809,0.17365269461077845,0.31736526946107785
armV_ema,z,Steel,5000,6_2,176,0.15005500000000002,0.03977272727272727,0.21022727272727273,0.3352272727272727
armV_ema,z,Steel,5000,6_3,172,0.14373500000000003,0.023255813953488372,0.13953488372093023,0.32558139534883723
armV_ema,z,Steel,5000,6_4,150,0.14956499999999995,0.06,0.20666666666666667,0.41333333333333333
armV_ema,z,Steel,8000,1_2,148,0.14476687499999996,0.02027027027027027,0.14189189189189189,0.32432432432432434
armV_ema,z,Steel,8000,1_3,163,0.15596749999999998,0.04294478527607362,0.147239263803681,0.3128834355828221
armV_ema,z,Steel,8000,1_4,164,0.17808000000000004,0.024390243902439025,0.1951219512195122,0.35365853658536583
armV_ema,z,Steel,8000,2_2,163,0.12132624999999995,0.04294478527607362,0.22085889570552147,0.4233128834355828
armV_ema,z,Steel,8000,2_3,142,0.145729375,0.028169014084507043,0.18309859154929578,0.34507042253521125
armV_ema,z,Steel,8000,2_4,195,0.13966999999999996,0.046153846153846156,0.21025641025641026,0.39487179487179486
armV_ema,z,Steel,8000,3_2,179,0.12538999999999997,0.05027932960893855,0.26256983240223464,0.40782122905027934
armV_ema,z,Steel,8000,3_3,154,0.14791812499999996,0.012987012987012988,0.18181818181818182,0.38311688311688313
armV_ema,z,Steel,8000,3_4,170,0.14768624999999996,0.03529411764705882,0.17647058823529413,0.32941176470588235
armV_ema,z,Steel,8000,4_2,177,0.12267499999999995,0.022598870056497175,0.23728813559322035,0.4463276836158192
armV_ema,z,Steel,8000,4_3,167,0.13819000000000006,0.03592814371257485,0.17964071856287425,0.32335329341317365
armV_ema,z,Steel,8000,4_4,161,0.1720687499999999,0.043478260869565216,0.16149068322981366,0.34782608695652173
armV_ema,z,Steel,8000,5_2,154,0.11863937500000002,0.01948051948051948,0.17532467532467533,0.44155844155844154
armV_ema,z,Steel,8000,5_3,174,0.14804125000000004,0.028735632183908046,0.1839080459770115,0.3275862068965517
armV_ema,z,Steel,8000,5_4,188,0.15946249999999998,0.0425531914893617,0.18617021276595744,0.35638297872340424
armV_ema,z,Steel,8000,6_2,168,0.12015999999999996,0.05357142857142857,0.23809523809523808,0.4166666666666667
armV_ema,z,Steel,8000,6_3,173,0.13621499999999992,0.046242774566473986,0.1791907514450867,0.4046242774566474
armV_ema,z,Steel,8000,6_4,160,0.12084937500000001,0.025,0.20625,0.39375
armV_ema,z,Steel,16000,1_2,147,0.14501874999999995,0.027210884353741496,0.1564625850340136,0.3673469387755102
armV_ema,z,Steel,16000,1_3,162,0.15108187499999998,0.037037037037037035,0.17901234567901234,0.35802469135802467
armV_ema,z,Steel,16000,1_4,168,0.148898125,0.047619047619047616,0.1488095238095238,0.3333333333333333
armV_ema,z,Steel,16000,2_2,163,0.11433187499999997,0.08588957055214724,0.22085889570552147,0.43558282208588955
armV_ema,z,Steel,16000,2_3,171,0.12627125,0.05847953216374269,0.18128654970760233,0.391812865497076
armV_ema,z,Steel,16000,2_4,151,0.12606937500000004,0.052980132450331126,0.2185430463576159,0.37748344370860926
armV_ema,z,Steel,16000,3_2,169,0.10917499999999995,0.05325443786982249,0.2485207100591716,0.47928994082840237
armV_ema,z,Steel,16000,3_3,173,0.0928587500000001,0.057803468208092484,0.30057803468208094,0.5260115606936416
armV_ema,z,Steel,16000,3_4,170,0.11760500000000002,0.047058823529411764,0.24705882352941178,0.4294117647058823
armV_ema,z,Steel,16000,4_2,139,0.1253712499999999,0.03597122302158273,0.19424460431654678,0.4172661870503597
armV_ema,z,Steel,16000,4_3,179,0.11220125000000007,0.055865921787709494,0.2737430167597765,0.46368715083798884
armV_ema,z,Steel,16000,4_4,177,0.152026875,0.02824858757062147,0.192090395480226,0.3559322033898305
armV_ema,z,Steel,16000,5_2,159,0.1450318749999999,0.050314465408805034,0.23270440251572327,0.36477987421383645
armV_ema,z,Steel,16000,5_3,174,0.10661031250000003,0.04597701149425287,0.26436781609195403,0.45977011494252873
armV_ema,z,Steel,16000,5_4,165,0.1268587500000001,0.06666666666666667,0.21818181818181817,0.4121212121212121
armV_ema,z,Steel,16000,6_2,172,0.18669156250000002,0.01744186046511628,0.19186046511627908,0.3372093023255814
armV_ema,z,Steel,16000,6_3,185,0.11159625000000005,0.03783783783783784,0.22162162162162163,0.43243243243243246
armV_ema,z,Steel,16000,6_4,176,0.12310937499999994,0.022727272727272728,0.25,0.38636363636363635
armV_ema,z,Aluminum,6000,1_2,169,0.22671000000000002,0.011834319526627219,0.11242603550295859,0.2485207100591716
armV_ema,z,Aluminum,6000,1_3,171,0.19768833333333335,0.03508771929824561,0.12280701754385964,0.27485380116959063
armV_ema,z,Aluminum,6000,1_4,163,0.25384,0.024539877300613498,0.09202453987730061,0.18404907975460122
armV_ema,z,Aluminum,6000,2_2,170,0.16415500000000005,0.03529411764705882,0.1588235294117647,0.3588235294117647
armV_ema,z,Aluminum,6000,2_3,180,0.24105749999999998,0.03333333333333333,0.10555555555555556,0.26666666666666666
armV_ema,z,Aluminum,6000,2_4,168,0.2137058333333333,0.02976190476190476,0.16071428571428573,0.26785714285714285
armV_ema,z,Aluminum,6000,3_2,173,0.16404166666666667,0.028901734104046242,0.11560693641618497,0.2774566473988439
armV_ema,z,Aluminum,6000,3_3,176,0.17490333333333336,0.017045454545454544,0.13636363636363635,0.2840909090909091
armV_ema,z,Aluminum,6000,3_4,173,0.22675333333333342,0.023121387283236993,0.10982658959537572,0.2543352601156069
armV_ema,z,Aluminum,6000,4_2,173,0.139145,0.028901734104046242,0.1676300578034682,0.3352601156069364
armV_ema,z,Aluminum,6000,4_3,152,0.17443916666666665,0.039473684210526314,0.17763157894736842,0.3026315789473684
armV_ema,z,Aluminum,6000,4_4,176,0.18578666666666666,0.022727272727272728,0.1534090909090909,0.25
armV_ema,z,Aluminum,6000,5_2,145,0.15818,0.04827586206896552,0.19310344827586207,0.35172413793103446
armV_ema,z,Aluminum,6000,5_3,143,0.18234,0.055944055944055944,0.16083916083916083,0.32167832167832167
armV_ema,z,Aluminum,6000,5_4,152,0.19316499999999998,0.0,0.08552631578947369,0.23684210526315788
armV_ema,z,Aluminum,6000,6_2,172,0.13822166666666663,0.03488372093023256,0.1744186046511628,0.3488372093023256
armV_ema,z,Aluminum,6000,6_3,169,0.21403833333333325,0.029585798816568046,0.16568047337278108,0.2485207100591716
armV_ema,z,Aluminum,6000,6_4,175,0.17860833333333329,0.03428571428571429,0.16,0.34285714285714286
armV_ema,z,Titanium,8000,1_2,159,0.1883912499999999,0.031446540880503145,0.1509433962264151,0.3270440251572327
armV_ema,z,Titanium,8000,1_3,163,0.14237249999999996,0.05521472392638037,0.18404907975460122,0.3619631901840491
armV_ema,z,Titanium,8000,1_4,167,0.19346124999999995,0.017964071856287425,0.1317365269461078,0.2694610778443114
armV_ema,z,Titanium,8000,2_2,180,0.14623062499999998,0.022222222222222223,0.2222222222222222,0.35555555555555557
armV_ema,z,Titanium,8000,2_3,142,0.15469937499999997,0.035211267605633804,0.22535211267605634,0.3873239436619718
armV_ema,z,Titanium,8000,2_4,162,0.15963812500000005,0.043209876543209874,0.19135802469135801,0.35802469135802467
armV_ema,z,Titanium,8000,3_2,168,0.13191000000000003,0.03571428571428571,0.18452380952380953,0.3869047619047619
armV_ema,z,Titanium,8000,3_3,172,0.15465250000000003,0.023255813953488372,0.16279069767441862,0.3313953488372093
armV_ema,z,Titanium,8000,3_4,163,0.1975625,0.03680981595092025,0.15950920245398773,0.26993865030674846
armV_ema,z,Titanium,8000,4_2,157,0.10694499999999994,0.044585987261146494,0.17197452229299362,0.4585987261146497
armV_ema,z,Titanium,8000,4_3,162,0.18582125000000002,0.030864197530864196,0.16049382716049382,0.2716049382716049
armV_ema,z,Titanium,8000,4_4,202,0.19938499999999998,0.019801980198019802,0.14356435643564355,0.2722772277227723
armV_ema,z,Titanium,8000,5_2,175,0.12513750000000004,0.02857142857142857,0.19428571428571428,0.4114285714285714
armV_ema,z,Titanium,8000,5_3,166,0.13235624999999998,0.03614457831325301,0.18674698795180722,0.35542168674698793
armV_ema,z,Titanium,8000,5_4,171,0.17609625000000007,0.07017543859649122,0.2222222222222222,0.3333333333333333
armV_ema,z,Titanium,8000,6_2,163,0.12356375000000003,0.05521472392638037,0.20245398773006135,0.4049079754601227
armV_ema,z,Titanium,8000,6_3,162,0.15546875,0.04938271604938271,0.16049382716049382,0.30246913580246915
armV_ema,z,Titanium,8000,6_4,166,0.15100687500000004,0.04216867469879518,0.19879518072289157,0.2891566265060241
armF,fourier,Steel,3600,1_2,148,0.21461805555555555,0.02027027027027027,0.0945945945945946,0.25
armF,fourier,Steel,3600,1_3,167,0.1856750000000001,0.029940119760479042,0.1437125748502994,0.2754491017964072
armF,fourier,Steel,3600,1_4,161,0.16539166666666663,0.018633540372670808,0.14285714285714285,0.3167701863354037
armF,fourier,Steel,3600,2_2,150,0.19319861111111108,0.06,0.17333333333333334,0.32
armF,fourier,Steel,3600,2_3,166,0.15832222222222223,0.04819277108433735,0.13855421686746988,0.3072289156626506
armF,fourier,Steel,3600,2_4,177,0.1962388888888889,0.03389830508474576,0.12429378531073447,0.2711864406779661
armF,fourier,Steel,3600,3_2,164,0.18142777777777774,0.012195121951219513,0.1402439024390244,0.3048780487804878
armF,fourier,Steel,3600,3_3,175,0.13197222222222219,0.03428571428571429,0.2057142857142857,0.4114285714285714
armF,fourier,Steel,3600,3_4,182,0.16283611111111107,0.02197802197802198,0.17582417582417584,0.3131868131868132
armF,fourier,Steel,3600,4_2,184,0.15083611111111106,0.02717391304347826,0.15217391304347827,0.3641304347826087
armF,fourier,Steel,3600,4_3,146,0.15217499999999998,0.0547945205479452,0.2191780821917808,0.3356164383561644
armF,fourier,Steel,3600,4_4,187,0.16403611111111105,0.026737967914438502,0.18716577540106952,0.3315508021390374
armF,fourier,Steel,3600,5_2,160,0.15844166666666665,0.025,0.1375,0.3
armF,fourier,Steel,3600,5_3,162,0.15200833333333336,0.018518518518518517,0.16666666666666666,0.3395061728395062
armF,fourier,Steel,3600,5_4,151,0.17680555555555555,0.019867549668874173,0.1390728476821192,0.31788079470198677
armF,fourier,Steel,3600,6_2,165,0.12480000000000005,0.07272727272727272,0.24242424242424243,0.40606060606060607
armF,fourier,Steel,3600,6_3,189,0.1407027777777777,0.031746031746031744,0.20634920634920634,0.3492063492063492
armF,fourier,Steel,3600,6_4,166,0.12053749999999999,0.0783132530120482,0.25301204819277107,0.4457831325301205
armF,fourier,Steel,5000,1_2,183,0.20326800000000003,0.03825136612021858,0.16393442622950818,0.2896174863387978
armF,fourier,Steel,5000,1_3,157,0.18511599999999998,0.006369426751592357,0.10828025477707007,0.28662420382165604
armF,fourier,Steel,5000,1_4,152,0.182396,0.03289473684210526,0.13157894736842105,0.27631578947368424
armF,fourier,Steel,5000,2_2,180,0.156946,0.03333333333333333,0.19444444444444445,0.35
armF,fourier,Steel,5000,2_3,180,0.16222799999999998,0.027777777777777776,0.16111111111111112,0.3277777777777778
armF,fourier,Steel,5000,2_4,151,0.1682,0.006622516556291391,0.13245033112582782,0.33112582781456956
armF,fourier,Steel,5000,3_2,167,0.14793600000000007,0.04790419161676647,0.15568862275449102,0.38323353293413176
armF,fourier,Steel,5000,3_3,160,0.14964000000000005,0.05,0.1875,0.31875
armF,fourier,Steel,5000,3_4,161,0.18885599999999994,0.049689440993788817,0.18012422360248448,0.2795031055900621
armF,fourier,Steel,5000,4_2,179,0.15291800000000003,0.03910614525139665,0.19553072625698323,0.3743016759776536
armF,fourier,Steel,5000,4_3,170,0.15093100000000004,0.041176470588235294,0.14705882352941177,0.3352941176470588
armF,fourier,Steel,5000,4_4,160,0.149162,0.0375,0.18125,0.3375
armF,fourier,Steel,5000,5_2,168,0.13276099999999996,0.03571428571428571,0.2261904761904762,0.42857142857142855
armF,fourier,Steel,5000,5_3,167,0.1673,0.04790419161676647,0.1497005988023952,0.281437125748503
armF,fourier,Steel,5000,5_4,167,0.15869799999999995,0.041916167664670656,0.17365269461077845,0.3652694610778443
armF,fourier,Steel,5000,6_2,176,0.146109,0.03977272727272727,0.19886363636363635,0.3352272727272727
armF,fourier,Steel,5000,6_3,172,0.13934700000000003,0.05232558139534884,0.1686046511627907,0.36046511627906974
armF,fourier,Steel,5000,6_4,150,0.12884300000000004,0.03333333333333333,0.22666666666666666,0.4
armF,fourier,Steel,8000,1_2,148,0.159546875,0.033783783783783786,0.12162162162162163,0.32432432432432434
armF,fourier,Steel,8000,1_3,163,0.15566375000000005,0.04294478527607362,0.19631901840490798,0.3312883435582822
armF,fourier,Steel,8000,1_4,164,0.15469000000000005,0.018292682926829267,0.17073170731707318,0.34146341463414637
armF,fourier,Steel,8000,2_2,163,0.13369624999999996,0.04294478527607362,0.2331288343558282,0.4110429447852761
armF,fourier,Steel,8000,2_3,142,0.16823312499999998,0.035211267605633804,0.18309859154929578,0.36619718309859156
armF,fourier,Steel,8000,2_4,195,0.14032124999999995,0.035897435897435895,0.2,0.41025641025641024
armF,fourier,Steel,8000,3_2,179,0.12461000000000001,0.03910614525139665,0.20670391061452514,0.4134078212290503
armF,fourier,Steel,8000,3_3,154,0.15541562499999992,0.025974025974025976,0.16233766233766234,0.34415584415584416
armF,fourier,Steel,8000,3_4,170,0.15603125000000007,0.047058823529411764,0.13529411764705881,0.3176470588235294
armF,fourier,Steel,8000,4_2,177,0.13883749999999997,0.04519774011299435,0.1864406779661017,0.3954802259887006
armF,fourier,Steel,8000,4_3,167,0.152375,0.04790419161676647,0.18562874251497005,0.31137724550898205
armF,fourier,Steel,8000,4_4,161,0.19245624999999997,0.06832298136645963,0.18012422360248448,0.3416149068322981
armF,fourier,Steel,8000,5_2,154,0.1340225,0.045454545454545456,0.22727272727272727,0.4090909090909091
armF,fourier,Steel,8000,5_3,174,0.157648125,0.034482758620689655,0.1724137931034483,0.28735632183908044
armF,fourier,Steel,8000,5_4,188,0.15632249999999998,0.03723404255319149,0.2127659574468085,0.3723404255319149
armF,fourier,Steel,8000,6_2,168,0.14539,0.047619047619047616,0.21428571428571427,0.38095238095238093
armF,fourier,Steel,8000,6_3,173,0.14086875,0.046242774566473986,0.24277456647398843,0.3468208092485549
armF,fourier,Steel,8000,6_4,160,0.13944812499999998,0.0625,0.23125,0.43125
armF,fourier,Steel,16000,1_2,147,0.14960312499999998,0.027210884353741496,0.1360544217687075,0.35374149659863946
armF,fourier,Steel,16000,1_3,162,0.1397325,0.024691358024691357,0.2037037037037037,0.38271604938271603
armF,fourier,Steel,16000,1_4,168,0.152100625,0.06547619047619048,0.17857142857142858,0.32142857142857145
armF,fourier,Steel,16000,2_2,163,0.13747375,0.06748466257668712,0.2147239263803681,0.3803680981595092
armF,fourier,Steel,16000,2_3,171,0.13889374999999995,0.03508771929824561,0.18128654970760233,0.3391812865497076
armF,fourier,Steel,16000,2_4,151,0.13114187500000002,0.039735099337748346,0.17218543046357615,0.37748344370860926
armF,fourier,Steel,16000,3_2,169,0.12490937499999996,0.0650887573964497,0.21893491124260356,0.40828402366863903
armF,fourier,Steel,16000,3_3,173,0.10689812499999994,0.023121387283236993,0.26011560693641617,0.4797687861271676
armF,fourier,Steel,16000,3_4,170,0.12797156250000002,0.047058823529411764,0.20588235294117646,0.40588235294117647
armF,fourier,Steel,16000,4_2,139,0.15645125000000007,0.02877697841726619,0.15827338129496402,0.30935251798561153
armF,fourier,Steel,16000,4_3,179,0.12591875000000005,0.0446927374301676,0.2122905027932961,0.4134078212290503
armF,fourier,Steel,16000,4_4,177,0.16237312499999995,0.022598870056497175,0.1638418079096045,0.3163841807909605
armF,fourier,Steel,16000,5_2,159,0.16828500000000007,0.031446540880503145,0.20125786163522014,0.34591194968553457
armF,fourier,Steel,16000,5_3,174,0.12288875000000002,0.040229885057471264,0.25287356321839083,0.43103448275862066
armF,fourier,Steel,16000,5_4,165,0.12524187499999995,0.06666666666666667,0.23636363636363636,0.4121212121212121
armF,fourier,Steel,16000,6_2,172,0.1879953125,0.029069767441860465,0.18023255813953487,0.313953488372093
armF,fourier,Steel,16000,6_3,185,0.11876125000000001,0.021621621621621623,0.23243243243243245,0.43243243243243246
armF,fourier,Steel,16000,6_4,176,0.1408715625,0.03977272727272727,0.2159090909090909,0.39204545454545453
armF,fourier,Aluminum,6000,1_2,169,0.22529833333333332,0.01775147928994083,0.10650887573964497,0.2485207100591716
armF,fourier,Aluminum,6000,1_3,171,0.2111566666666666,0.023391812865497075,0.11695906432748537,0.25146198830409355
armF,fourier,Aluminum,6000,1_4,163,0.2597733333333334,0.006134969325153374,0.09815950920245399,0.19631901840490798
armF,fourier,Aluminum,6000,2_2,170,0.17413416666666665,0.03529411764705882,0.15294117647058825,0.3352941176470588
armF,fourier,Aluminum,6000,2_3,180,0.24321166666666666,0.005555555555555556,0.16111111111111112,0.25555555555555554
armF,fourier,Aluminum,6000,2_4,168,0.2176991666666667,0.017857142857142856,0.1488095238095238,0.2857142857142857
armF,fourier,Aluminum,6000,3_2,173,0.1745233333333334,0.023121387283236993,0.12138728323699421,0.2832369942196532
armF,fourier,Aluminum,6000,3_3,176,0.18575416666666666,0.03977272727272727,0.13636363636363635,0.2727272727272727
armF,fourier,Aluminum,6000,3_4,173,0.22998000000000002,0.005780346820809248,0.11560693641618497,0.2947976878612717
armF,fourier,Aluminum,6000,4_2,173,0.15711166666666668,0.03468208092485549,0.17341040462427745,0.3352601156069364
armF,fourier,Aluminum,6000,4_3,152,0.17868916666666662,0.039473684210526314,0.17105263157894737,0.3355263157894737
armF,fourier,Aluminum,6000,4_4,176,0.2049591666666666,0.017045454545454544,0.14204545454545456,0.24431818181818182
armF,fourier,Aluminum,6000,5_2,145,0.14240166666666665,0.06206896551724138,0.19310344827586207,0.3586206896551724
armF,fourier,Aluminum,6000,5_3,143,0.20343833333333336,0.04895104895104895,0.20279720279720279,0.2937062937062937
armF,fourier,Aluminum,6000,5_4,152,0.1859391666666667,0.03289473684210526,0.10526315789473684,0.23026315789473684
armF,fourier,Aluminum,6000,6_2,172,0.14490916666666664,0.029069767441860465,0.16279069767441862,0.38953488372093026
armF,fourier,Aluminum,6000,6_3,169,0.20163166666666665,0.011834319526627219,0.11242603550295859,0.2958579881656805
armF,fourier,Aluminum,6000,6_4,175,0.19029166666666666,0.03428571428571429,0.13714285714285715,0.3028571428571429
armF,fourier,Titanium,8000,1_2,159,0.19276749999999993,0.025157232704402517,0.15723270440251572,0.2893081761006289
armF,fourier,Titanium,8000,1_3,163,0.14487249999999993,0.006134969325153374,0.1901840490797546,0.3803680981595092
armF,fourier,Titanium,8000,1_4,167,0.19886374999999998,0.03592814371257485,0.1317365269461078,0.24550898203592814
armF,fourier,Titanium,8000,2_2,180,0.14843749999999994,0.03888888888888889,0.20555555555555555,0.37777777777777777
armF,fourier,Titanium,8000,2_3,142,0.157116875,0.02112676056338028,0.20422535211267606,0.34507042253521125
armF,fourier,Titanium,8000,2_4,162,0.148125,0.05555555555555555,0.17901234567901234,0.345679012345679
armF,fourier,Titanium,8000,3_2,168,0.13988750000000005,0.02976190476190476,0.19642857142857142,0.3869047619047619
armF,fourier,Titanium,8000,3_3,172,0.1724775,0.03488372093023256,0.1511627906976744,0.27906976744186046
armF,fourier,Titanium,8000,3_4,163,0.19065,0.024539877300613498,0.15950920245398773,0.27607361963190186
armF,fourier,Titanium,8000,4_2,157,0.11959625000000006,0.01910828025477707,0.1910828025477707,0.4140127388535032
armF,fourier,Titanium,8000,4_3,162,0.19551312500000007,0.012345679012345678,0.13580246913580246,0.30246913580246915
armF,fourier,Titanium,8000,4_4,202,0.20129499999999995,0.034653465346534656,0.10891089108910891,0.2524752475247525
armF,fourier,Titanium,8000,5_2,175,0.12633000000000005,0.03428571428571429,0.17714285714285713,0.38285714285714284
armF,fourier,Titanium,8000,5_3,166,0.13666375000000003,0.04819277108433735,0.18674698795180722,0.37349397590361444
armF,fourier,Titanium,8000,5_4,171,0.16108625000000007,0.03508771929824561,0.1871345029239766,0.3391812865497076
armF,fourier,Titanium,8000,6_2,163,0.14161999999999988,0.04294478527607362,0.1901840490797546,0.3987730061349693
armF,fourier,Titanium,8000,6_3,162,0.16000625000000002,0.043209876543209874,0.16666666666666666,0.30246913580246915
armF,fourier,Titanium,8000,6_4,166,0.166760625,0.030120481927710843,0.13855421686746988,0.28313253012048195
armD0,z_no_dropout,Steel,3600,1_2,148,0.25225694444444446,0.0,0.08783783783783784,0.16891891891891891
armD0,z_no_dropout,Steel,3600,1_3,167,0.21481111111111115,0.017964071856287425,0.1377245508982036,0.2694610778443114
armD0,z_no_dropout,Steel,3600,1_4,161,0.18956111111111112,0.043478260869565216,0.12422360248447205,0.2484472049689441
armD0,z_no_dropout,Steel,3600,2_2,150,0.2182305555555556,0.02,0.14666666666666667,0.32666666666666666
armD0,z_no_dropout,Steel,3600,2_3,166,0.19700555555555563,0.030120481927710843,0.15060240963855423,0.26506024096385544
armD0,z_no_dropout,Steel,3600,2_4,177,0.23954166666666676,0.02824858757062147,0.12994350282485875,0.23163841807909605
armD0,z_no_dropout,Steel,3600,3_2,164,0.19453055555555554,0.03048780487804878,0.12195121951219512,0.2621951219512195
armD0,z_no_dropout,Steel,3600,3_3,175,0.160838888888889,0.02857142857142857,0.17142857142857143,0.3657142857142857
armD0,z_no_dropout,Steel,3600,3_4,182,0.16984166666666667,0.038461538461538464,0.16483516483516483,0.2802197802197802
armD0,z_no_dropout,Steel,3600,4_2,184,0.16184027777777776,0.059782608695652176,0.16304347826086957,0.34782608695652173
armD0,z_no_dropout,Steel,3600,4_3,146,0.1911222222222222,0.03424657534246575,0.15753424657534246,0.2671232876712329
armD0,z_no_dropout,Steel,3600,4_4,187,0.1967361111111111,0.0374331550802139,0.15508021390374332,0.2887700534759358
armD0,z_no_dropout,Steel,3600,5_2,160,0.17906944444444448,0.01875,0.13125,0.25625
armD0,z_no_dropout,Steel,3600,5_3,162,0.1836527777777778,0.024691358024691357,0.1728395061728395,0.29012345679012347
armD0,z_no_dropout,Steel,3600,5_4,151,0.19137777777777779,0.013245033112582781,0.1390728476821192,0.26490066225165565
armD0,z_no_dropout,Steel,3600,6_2,165,0.1441027777777779,0.01818181818181818,0.17575757575757575,0.37575757575757573
armD0,z_no_dropout,Steel,3600,6_3,189,0.16495833333333343,0.021164021164021163,0.19576719576719576,0.31746031746031744
armD0,z_no_dropout,Steel,3600,6_4,166,0.14961944444444436,0.04216867469879518,0.23493975903614459,0.3795180722891566
armD0,z_no_dropout,Steel,5000,1_2,183,0.220608,0.04918032786885246,0.16939890710382513,0.3114754098360656
armD0,z_no_dropout,Steel,5000,1_3,157,0.19481000000000004,0.006369426751592357,0.12738853503184713,0.2484076433121019
armD0,z_no_dropout,Steel,5000,1_4,152,0.18721900000000005,0.013157894736842105,0.11842105263157894,0.2236842105263158
armD0,z_no_dropout,Steel,5000,2_2,180,0.16634500000000008,0.05555555555555555,0.2,0.3611111111111111
armD0,z_no_dropout,Steel,5000,2_3,180,0.16155600000000003,0.03333333333333333,0.18333333333333332,0.32222222222222224
armD0,z_no_dropout,Steel,5000,2_4,151,0.214966,0.039735099337748346,0.12582781456953643,0.26490066225165565
armD0,z_no_dropout,Steel,5000,3_2,167,0.15345799999999998,0.017964071856287425,0.17964071856287425,0.39520958083832336
armD0,z_no_dropout,Steel,5000,3_3,160,0.17889899999999997,0.0125,0.1625,0.3125
armD0,z_no_dropout,Steel,5000,3_4,161,0.19720599999999994,0.037267080745341616,0.14906832298136646,0.2795031055900621
armD0,z_no_dropout,Steel,5000,4_2,179,0.16277600000000003,0.0446927374301676,0.1787709497206704,0.33519553072625696
armD0,z_no_dropout,Steel,5000,4_3,170,0.17584400000000006,0.023529411764705882,0.16470588235294117,0.3352941176470588
armD0,z_no_dropout,Steel,5000,4_4,160,0.17330100000000004,0.05625,0.1875,0.33125
armD0,z_no_dropout,Steel,5000,5_2,168,0.149729,0.05357142857142857,0.19642857142857142,0.35714285714285715
armD0,z_no_dropout,Steel,5000,5_3,167,0.18675200000000006,0.017964071856287425,0.15568862275449102,0.2694610778443114
armD0,z_no_dropout,Steel,5000,5_4,167,0.174316,0.029940119760479042,0.1437125748502994,0.31137724550898205
armD0,z_no_dropout,Steel,5000,6_2,176,0.14118200000000006,0.03977272727272727,0.17045454545454544,0.3522727272727273
armD0,z_no_dropout,Steel,5000,6_3,172,0.14913400000000002,0.023255813953488372,0.1686046511627907,0.3372093023255814
armD0,z_no_dropout,Steel,5000,6_4,150,0.14153999999999997,0.02666666666666667,0.21333333333333335,0.42
armD0,z_no_dropout,Steel,8000,1_2,148,0.16952062499999998,0.013513513513513514,0.14864864864864866,0.31756756756756754
armD0,z_no_dropout,Steel,8000,1_3,163,0.16884749999999996,0.024539877300613498,0.18404907975460122,0.294478527607362
armD0,z_no_dropout,Steel,8000,1_4,164,0.19028687499999997,0.036585365853658534,0.17073170731707318,0.3475609756097561
armD0,z_no_dropout,Steel,8000,2_2,163,0.12884124999999993,0.04294478527607362,0.17177914110429449,0.3803680981595092
armD0,z_no_dropout,Steel,8000,2_3,142,0.1705224999999999,0.028169014084507043,0.176056338028169,0.33098591549295775
armD0,z_no_dropout,Steel,8000,2_4,195,0.14826,0.046153846153846156,0.2,0.40512820512820513
armD0,z_no_dropout,Steel,8000,3_2,179,0.13686749999999995,0.0446927374301676,0.24022346368715083,0.4022346368715084
armD0,z_no_dropout,Steel,8000,3_3,154,0.15512562500000002,0.032467532467532464,0.15584415584415584,0.35064935064935066
armD0,z_no_dropout,Steel,8000,3_4,170,0.15627125,0.047058823529411764,0.1588235294117647,0.31176470588235294
armD0,z_no_dropout,Steel,8000,4_2,177,0.12586374999999997,0.062146892655367235,0.22033898305084745,0.4350282485875706
armD0,z_no_dropout,Steel,8000,4_3,167,0.15303375000000005,0.05389221556886228,0.16167664670658682,0.3592814371257485
armD0,z_no_dropout,Steel,8000,4_4,161,0.1932662499999999,0.062111801242236024,0.14285714285714285,0.30434782608695654
armD0,z_no_dropout,Steel,8000,5_2,154,0.125406875,0.03896103896103896,0.15584415584415584,0.38961038961038963
armD0,z_no_dropout,Steel,8000,5_3,174,0.150541875,0.028735632183908046,0.12643678160919541,0.2988505747126437
armD0,z_no_dropout,Steel,8000,5_4,188,0.16583124999999993,0.05319148936170213,0.18085106382978725,0.3351063829787234
armD0,z_no_dropout,Steel,8000,6_2,168,0.1389806249999999,0.02976190476190476,0.20238095238095238,0.375
armD0,z_no_dropout,Steel,8000,6_3,173,0.14657625000000007,0.046242774566473986,0.18497109826589594,0.3699421965317919
armD0,z_no_dropout,Steel,8000,6_4,160,0.12174374999999998,0.03125,0.16875,0.38125
armD0,z_no_dropout,Steel,16000,1_2,147,0.15876874999999996,0.006802721088435374,0.1360544217687075,0.3673469387755102
armD0,z_no_dropout,Steel,16000,1_3,162,0.14800437500000008,0.012345679012345678,0.1728395061728395,0.36419753086419754
armD0,z_no_dropout,Steel,16000,1_4,168,0.1686065625,0.05357142857142857,0.20238095238095238,0.34523809523809523
armD0,z_no_dropout,Steel,16000,2_2,163,0.12234124999999994,0.024539877300613498,0.17791411042944785,0.4233128834355828
armD0,z_no_dropout,Steel,16000,2_3,171,0.1386624999999999,0.06432748538011696,0.19298245614035087,0.3391812865497076
armD0,z_no_dropout,Steel,16000,2_4,151,0.12964187500000002,0.039735099337748346,0.17218543046357615,0.37748344370860926
armD0,z_no_dropout,Steel,16000,3_2,169,0.1231556250000001,0.05917159763313609,0.24260355029585798,0.4378698224852071
armD0,z_no_dropout,Steel,16000,3_3,173,0.09956812500000001,0.046242774566473986,0.26011560693641617,0.5028901734104047
armD0,z_no_dropout,Steel,16000,3_4,170,0.13117843750000002,0.047058823529411764,0.22941176470588234,0.4
armD0,z_no_dropout,Steel,16000,4_2,139,0.13482375000000002,0.03597122302158273,0.19424460431654678,0.3669064748201439
armD0,z_no_dropout,Steel,16000,4_3,179,0.10266875000000004,0.07262569832402235,0.2905027932960894,0.49162011173184356
armD0,z_no_dropout,Steel,16000,4_4,177,0.16413187500000004,0.022598870056497175,0.1977401129943503,0.327683615819209
armD0,z_no_dropout,Steel,16000,5_2,159,0.15254812500000003,0.0440251572327044,0.20125786163522014,0.3522012578616352
armD0,z_no_dropout,Steel,16000,5_3,174,0.11248562500000003,0.05172413793103448,0.23563218390804597,0.4482758620689655
armD0,z_no_dropout,Steel,16000,5_4,165,0.1255374999999999,0.04242424242424243,0.21818181818181817,0.41818181818181815
armD0,z_no_dropout,Steel,16000,6_2,172,0.20442125,0.03488372093023256,0.1569767441860465,0.3313953488372093
armD0,z_no_dropout,Steel,16000,6_3,185,0.1199937500000001,0.043243243243243246,0.1891891891891892,0.40540540540540543
armD0,z_no_dropout,Steel,16000,6_4,176,0.13938218749999998,0.056818181818181816,0.22727272727272727,0.36363636363636365
armD0,z_no_dropout,Aluminum,6000,1_2,169,0.21784166666666668,0.023668639053254437,0.11242603550295859,0.21301775147928995
armD0,z_no_dropout,Aluminum,6000,1_3,171,0.20241,0.011695906432748537,0.10526315789473684,0.23391812865497075
armD0,z_no_dropout,Aluminum,6000,1_4,163,0.26198,0.018404907975460124,0.09815950920245399,0.17791411042944785
armD0,z_no_dropout,Aluminum,6000,2_2,170,0.17510916666666665,0.023529411764705882,0.20588235294117646,0.32941176470588235
armD0,z_no_dropout,Aluminum,6000,2_3,180,0.24667166666666662,0.027777777777777776,0.1111111111111111,0.23333333333333334
armD0,z_no_dropout,Aluminum,6000,2_4,168,0.2321225,0.041666666666666664,0.16071428571428573,0.2619047619047619
armD0,z_no_dropout,Aluminum,6000,3_2,173,0.1912283333333333,0.04046242774566474,0.13872832369942195,0.30057803468208094
armD0,z_no_dropout,Aluminum,6000,3_3,176,0.19803583333333336,0.017045454545454544,0.14204545454545456,0.2727272727272727
armD0,z_no_dropout,Aluminum,6000,3_4,173,0.25269666666666674,0.011560693641618497,0.08670520231213873,0.24855491329479767
armD0,z_no_dropout,Aluminum,6000,4_2,173,0.15475499999999995,0.04046242774566474,0.15606936416184972,0.3063583815028902
armD0,z_no_dropout,Aluminum,6000,4_3,152,0.17188749999999997,0.05263157894736842,0.21052631578947367,0.34210526315789475
armD0,z_no_dropout,Aluminum,6000,4_4,176,0.20257583333333332,0.045454545454545456,0.13636363636363635,0.25
armD0,z_no_dropout,Aluminum,6000,5_2,145,0.17401999999999998,0.013793103448275862,0.21379310344827587,0.3310344827586207
armD0,z_no_dropout,Aluminum,6000,5_3,143,0.18153833333333327,0.027972027972027972,0.1888111888111888,0.3146853146853147
armD0,z_no_dropout,Aluminum,6000,5_4,152,0.19491666666666665,0.019736842105263157,0.08552631578947369,0.21052631578947367
armD0,z_no_dropout,Aluminum,6000,6_2,172,0.13267749999999995,0.03488372093023256,0.20930232558139536,0.38953488372093026
armD0,z_no_dropout,Aluminum,6000,6_3,169,0.21042166666666662,0.01775147928994083,0.11834319526627218,0.24260355029585798
armD0,z_no_dropout,Aluminum,6000,6_4,175,0.1906933333333333,0.011428571428571429,0.10857142857142857,0.28
armD0,z_no_dropout,Titanium,8000,1_2,159,0.19075750000000005,0.031446540880503145,0.1509433962264151,0.2893081761006289
armD0,z_no_dropout,Titanium,8000,1_3,163,0.16513249999999993,0.05521472392638037,0.15337423312883436,0.3312883435582822
armD0,z_no_dropout,Titanium,8000,1_4,167,0.18600874999999997,0.029940119760479042,0.10179640718562874,0.23952095808383234
armD0,z_no_dropout,Titanium,8000,2_2,180,0.15980187499999998,0.03888888888888889,0.20555555555555555,0.37777777777777777
armD0,z_no_dropout,Titanium,8000,2_3,142,0.16530999999999996,0.04929577464788732,0.2323943661971831,0.352112676056338
armD0,z_no_dropout,Titanium,8000,2_4,162,0.16881249999999998,0.030864197530864196,0.14814814814814814,0.3395061728395062
armD0,z_no_dropout,Titanium,8000,3_2,168,0.1545,0.03571428571428571,0.18452380952380953,0.35119047619047616
armD0,z_no_dropout,Titanium,8000,3_3,172,0.16146875,0.01744186046511628,0.11627906976744186,0.32558139534883723
armD0,z_no_dropout,Titanium,8000,3_4,163,0.21206375000000002,0.012269938650306749,0.10429447852760736,0.24539877300613497
armD0,z_no_dropout,Titanium,8000,4_2,157,0.12103125,0.050955414012738856,0.18471337579617833,0.4140127388535032
armD0,z_no_dropout,Titanium,8000,4_3,162,0.19595687499999997,0.018518518518518517,0.13580246913580246,0.2654320987654321
armD0,z_no_dropout,Titanium,8000,4_4,202,0.19979062499999997,0.01485148514851485,0.12376237623762376,0.25742574257425743
armD0,z_no_dropout,Titanium,8000,5_2,175,0.13291750000000002,0.03428571428571429,0.16,0.4114285714285714
armD0,z_no_dropout,Titanium,8000,5_3,166,0.1415450000000001,0.012048192771084338,0.16265060240963855,0.3313253012048193
armD0,z_no_dropout,Titanium,8000,5_4,171,0.17144624999999997,0.04093567251461988,0.16374269005847952,0.3391812865497076
armD0,z_no_dropout,Titanium,8000,6_2,163,0.142355,0.024539877300613498,0.15950920245398773,0.3803680981595092
armD0,z_no_dropout,Titanium,8000,6_3,162,0.16586375000000003,0.043209876543209874,0.19135802469135801,0.3333333333333333
armD0,z_no_dropout,Titanium,8000,6_4,166,0.14989812499999994,0.024096385542168676,0.13253012048192772,0.3132530120481928
armX0,x0,Steel,3600,1_2,148,0.24029027777777773,0.033783783783783786,0.0945945945945946,0.19594594594594594
armX0,x0,Steel,3600,1_3,167,0.1903777777777778,0.03592814371257485,0.10778443113772455,0.25748502994011974
armX0,x0,Steel,3600,1_4,161,0.1790527777777778,0.024844720496894408,0.12422360248447205,0.2795031055900621
armX0,x0,Steel,3600,2_2,150,0.23065416666666666,0.04666666666666667,0.15333333333333332,0.23333333333333334
armX0,x0,Steel,3600,2_3,166,0.1786097222222222,0.03614457831325301,0.1566265060240964,0.27710843373493976
armX0,x0,Steel,3600,2_4,177,0.20423888888888894,0.03389830508474576,0.096045197740113,0.2598870056497175
armX0,x0,Steel,3600,3_2,164,0.199675,0.042682926829268296,0.12804878048780488,0.2926829268292683
armX0,x0,Steel,3600,3_3,175,0.14795277777777782,0.022857142857142857,0.17714285714285713,0.37714285714285717
armX0,x0,Steel,3600,3_4,182,0.19053333333333333,0.016483516483516484,0.1043956043956044,0.21978021978021978
armX0,x0,Steel,3600,4_2,184,0.1927263888888889,0.02717391304347826,0.16304347826086957,0.30978260869565216
armX0,x0,Steel,3600,4_3,146,0.18719999999999995,0.0273972602739726,0.13013698630136986,0.2876712328767123
armX0,x0,Steel,3600,4_4,187,0.22007500000000013,0.026737967914438502,0.12299465240641712,0.2887700534759358
armX0,x0,Steel,3600,5_2,160,0.17401111111111112,0.0375,0.15625,0.3125
armX0,x0,Steel,3600,5_3,162,0.1974125,0.030864197530864196,0.12962962962962962,0.25308641975308643
armX0,x0,Steel,3600,5_4,151,0.24390555555555565,0.019867549668874173,0.11258278145695365,0.1986754966887417
armX0,x0,Steel,3600,6_2,165,0.17849166666666658,0.03636363636363636,0.17575757575757575,0.32727272727272727
armX0,x0,Steel,3600,6_3,189,0.20517777777777788,0.06349206349206349,0.14285714285714285,0.2962962962962963
armX0,x0,Steel,3600,6_4,166,0.15198194444444452,0.05421686746987952,0.19879518072289157,0.37349397590361444
armX0,x0,Steel,5000,1_2,183,0.21931399999999995,0.0273224043715847,0.16939890710382513,0.29508196721311475
armX0,x0,Steel,5000,1_3,157,0.22612600000000002,0.012738853503184714,0.1337579617834395,0.22929936305732485
armX0,x0,Steel,5000,1_4,152,0.204179,0.013157894736842105,0.09868421052631579,0.23684210526315788
armX0,x0,Steel,5000,2_2,180,0.192023,0.022222222222222223,0.13333333333333333,0.2777777777777778
armX0,x0,Steel,5000,2_3,180,0.17901900000000004,0.03888888888888889,0.16111111111111112,0.28888888888888886
armX0,x0,Steel,5000,2_4,151,0.21597000000000008,0.019867549668874173,0.15894039735099338,0.26490066225165565
armX0,x0,Steel,5000,3_2,167,0.14476200000000009,0.011976047904191617,0.1497005988023952,0.3592814371257485
armX0,x0,Steel,5000,3_3,160,0.15719000000000005,0.025,0.13125,0.31875
armX0,x0,Steel,5000,3_4,161,0.21235,0.031055900621118012,0.11180124223602485,0.2236024844720497
armX0,x0,Steel,5000,4_2,179,0.15092199999999995,0.0446927374301676,0.22346368715083798,0.37988826815642457
armX0,x0,Steel,5000,4_3,170,0.18214900000000006,0.023529411764705882,0.1,0.27647058823529413
armX0,x0,Steel,5000,4_4,160,0.24234399999999995,0.04375,0.09375,0.1875
armX0,x0,Steel,5000,5_2,168,0.128008,0.03571428571428571,0.23214285714285715,0.42857142857142855
armX0,x0,Steel,5000,5_3,167,0.23374599999999993,0.017964071856287425,0.10179640718562874,0.20359281437125748
armX0,x0,Steel,5000,5_4,167,0.2590459999999999,0.041916167664670656,0.12574850299401197,0.2215568862275449
armX0,x0,Steel,5000,6_2,176,0.16445500000000002,0.03977272727272727,0.1590909090909091,0.29545454545454547
armX0,x0,Steel,5000,6_3,172,0.209033,0.01744186046511628,0.09302325581395349,0.20930232558139536
armX0,x0,Steel,5000,6_4,150,0.210725,0.03333333333333333,0.14,0.29333333333333333
armX0,x0,Steel,8000,1_2,148,0.16525562500000007,0.02702702702702703,0.16216216216216217,0.31756756756756754
armX0,x0,Steel,8000,1_3,163,0.15948625000000005,0.03067484662576687,0.1411042944785276,0.37423312883435583
armX0,x0,Steel,8000,1_4,164,0.188596875,0.04878048780487805,0.13414634146341464,0.34146341463414637
armX0,x0,Steel,8000,2_2,163,0.12602750000000004,0.04294478527607362,0.2147239263803681,0.4171779141104294
armX0,x0,Steel,8000,2_3,142,0.191635,0.04225352112676056,0.14084507042253522,0.2746478873239437
armX0,x0,Steel,8000,2_4,195,0.20325,0.02564102564102564,0.13333333333333333,0.28205128205128205
armX0,x0,Steel,8000,3_2,179,0.11399624999999992,0.0446927374301676,0.22346368715083798,0.4581005586592179
armX0,x0,Steel,8000,3_3,154,0.179895625,0.05194805194805195,0.16883116883116883,0.2987012987012987
armX0,x0,Steel,8000,3_4,170,0.20039750000000003,0.011764705882352941,0.12352941176470589,0.2529411764705882
armX0,x0,Steel,8000,4_2,177,0.1251775,0.02824858757062147,0.24293785310734464,0.4406779661016949
armX0,x0,Steel,8000,4_3,167,0.18989249999999994,0.017964071856287425,0.11377245508982035,0.20359281437125748
armX0,x0,Steel,8000,4_4,161,0.25681125,0.024844720496894408,0.11180124223602485,0.18012422360248448
armX0,x0,Steel,8000,5_2,154,0.13325812500000006,0.05844155844155844,0.21428571428571427,0.38311688311688313
armX0,x0,Steel,8000,5_3,174,0.18495687499999997,0.028735632183908046,0.13218390804597702,0.28735632183908044
armX0,x0,Steel,8000,5_4,188,0.21086,0.026595744680851064,0.1595744680851064,0.28191489361702127
armX0,x0,Steel,8000,6_2,168,0.11578375000000005,0.041666666666666664,0.25595238095238093,0.4107142857142857
armX0,x0,Steel,8000,6_3,173,0.16592374999999993,0.046242774566473986,0.17341040462427745,0.3236994219653179
armX0,x0,Steel,8000,6_4,160,0.15313250000000006,0.05625,0.19375,0.36875
armX0,x0,Steel,16000,1_2,147,0.1211412499999999,0.05442176870748299,0.1836734693877551,0.38095238095238093
armX0,x0,Steel,16000,1_3,162,0.13627843750000004,0.030864197530864196,0.19753086419753085,0.4074074074074074
armX0,x0,Steel,16000,1_4,168,0.16819843750000002,0.017857142857142856,0.17857142857142858,0.2857142857142857
armX0,x0,Steel,16000,2_2,163,0.09830937500000005,0.0736196319018405,0.2883435582822086,0.5030674846625767
armX0,x0,Steel,16000,2_3,171,0.130765625,0.05847953216374269,0.2573099415204678,0.39766081871345027
armX0,x0,Steel,16000,2_4,151,0.17136124999999994,0.039735099337748346,0.17218543046357615,0.2913907284768212
armX0,x0,Steel,16000,3_2,169,0.09474,0.07100591715976332,0.2958579881656805,0.5384615384615384
armX0,x0,Steel,16000,3_3,173,0.0961556250000001,0.08670520231213873,0.3236994219653179,0.5433526011560693
armX0,x0,Steel,16000,3_4,170,0.14776874999999995,0.041176470588235294,0.21176470588235294,0.38235294117647056
armX0,x0,Steel,16000,4_2,139,0.12297500000000003,0.07194244604316546,0.2446043165467626,0.4316546762589928
armX0,x0,Steel,16000,4_3,179,0.114609375,0.05027932960893855,0.26256983240223464,0.46368715083798884
armX0,x0,Steel,16000,4_4,177,0.17299874999999998,0.02824858757062147,0.15254237288135594,0.2937853107344633
armX0,x0,Steel,16000,5_2,159,0.138583125,0.0440251572327044,0.1761006289308176,0.33962264150943394
armX0,x0,Steel,16000,5_3,174,0.09125312499999996,0.04597701149425287,0.3103448275862069,0.5459770114942529
armX0,x0,Steel,16000,5_4,165,0.1282962500000001,0.05454545454545454,0.2,0.41818181818181815
armX0,x0,Steel,16000,6_2,172,0.15473374999999998,0.029069767441860465,0.19186046511627908,0.3488372093023256
armX0,x0,Steel,16000,6_3,185,0.09006124999999997,0.05945945945945946,0.2864864864864865,0.5459459459459459
armX0,x0,Steel,16000,6_4,176,0.12314031249999993,0.03409090909090909,0.1875,0.3806818181818182
armX0,x0,Aluminum,6000,1_2,169,0.2500183333333333,0.005917159763313609,0.07100591715976332,0.17751479289940827
armX0,x0,Aluminum,6000,1_3,171,0.270195,0.029239766081871343,0.10526315789473684,0.2046783625730994
armX0,x0,Aluminum,6000,1_4,163,0.25823333333333326,0.024539877300613498,0.12269938650306748,0.2331288343558282
armX0,x0,Aluminum,6000,2_2,170,0.18558500000000006,0.01764705882352941,0.19411764705882353,0.29411764705882354
armX0,x0,Aluminum,6000,2_3,180,0.2546966666666667,0.016666666666666666,0.10555555555555556,0.17777777777777778
armX0,x0,Aluminum,6000,2_4,168,0.20226000000000008,0.02976190476190476,0.1488095238095238,0.25595238095238093
armX0,x0,Aluminum,6000,3_2,173,0.19122500000000006,0.028901734104046242,0.13872832369942195,0.3063583815028902
armX0,x0,Aluminum,6000,3_3,176,0.1886133333333333,0.03409090909090909,0.1534090909090909,0.2840909090909091
armX0,x0,Aluminum,6000,3_4,173,0.20841333333333326,0.017341040462427744,0.12716763005780346,0.21965317919075145
armX0,x0,Aluminum,6000,4_2,173,0.15841499999999997,0.046242774566473986,0.15028901734104047,0.3236994219653179
armX0,x0,Aluminum,6000,4_3,152,0.23475666666666667,0.08552631578947369,0.13815789473684212,0.2565789473684211
armX0,x0,Aluminum,6000,4_4,176,0.24041500000000005,0.0,0.11931818181818182,0.23863636363636365
armX0,x0,Aluminum,6000,5_2,145,0.1386816666666667,0.034482758620689655,0.16551724137931034,0.38620689655172413
armX0,x0,Aluminum,6000,5_3,143,0.25328999999999996,0.027972027972027972,0.09090909090909091,0.21678321678321677
armX0,x0,Aluminum,6000,5_4,152,0.2439216666666667,0.03289473684210526,0.09210526315789473,0.17105263157894737
armX0,x0,Aluminum,6000,6_2,172,0.15083333333333332,0.023255813953488372,0.1744186046511628,0.3546511627906977
armX0,x0,Aluminum,6000,6_3,169,0.22882499999999997,0.011834319526627219,0.07692307692307693,0.21301775147928995
armX0,x0,Aluminum,6000,6_4,175,0.24273499999999998,0.02857142857142857,0.12571428571428572,0.26857142857142857
armX0,x0,Titanium,8000,1_2,159,0.21100749999999993,0.018867924528301886,0.13836477987421383,0.2578616352201258
armX0,x0,Titanium,8000,1_3,163,0.21564374999999997,0.03067484662576687,0.17177914110429449,0.3128834355828221
armX0,x0,Titanium,8000,1_4,167,0.21897125000000006,0.03592814371257485,0.1497005988023952,0.24550898203592814
armX0,x0,Titanium,8000,2_2,180,0.15235937500000007,0.03333333333333333,0.19444444444444445,0.3277777777777778
armX0,x0,Titanium,8000,2_3,142,0.20229312500000002,0.007042253521126761,0.11971830985915492,0.2112676056338028
armX0,x0,Titanium,8000,2_4,162,0.22552999999999998,0.030864197530864196,0.18518518518518517,0.2839506172839506
armX0,x0,Titanium,8000,3_2,168,0.15357062500000002,0.041666666666666664,0.20833333333333334,0.36904761904761907
armX0,x0,Titanium,8000,3_3,172,0.18759750000000008,0.01744186046511628,0.12209302325581395,0.28488372093023256
armX0,x0,Titanium,8000,3_4,163,0.23266750000000003,0.049079754601226995,0.12269938650306748,0.2392638036809816
armX0,x0,Titanium,8000,4_2,157,0.10663999999999998,0.044585987261146494,0.21656050955414013,0.4585987261146497
armX0,x0,Titanium,8000,4_3,162,0.26208687500000005,0.024691358024691357,0.08024691358024691,0.1728395061728395
armX0,x0,Titanium,8000,4_4,202,0.256453125,0.034653465346534656,0.10891089108910891,0.19306930693069307
armX0,x0,Titanium,8000,5_2,175,0.10280875000000003,0.045714285714285714,0.2742857142857143,0.49142857142857144
armX0,x0,Titanium,8000,5_3,166,0.18809999999999996,0.04216867469879518,0.13855421686746988,0.29518072289156627
armX0,x0,Titanium,8000,5_4,171,0.25207500000000005,0.023391812865497075,0.10526315789473684,0.23976608187134502
armX0,x0,Titanium,8000,6_2,163,0.1347774999999999,0.03680981595092025,0.18404907975460122,0.37423312883435583
armX0,x0,Titanium,8000,6_3,162,0.19987875000000002,0.037037037037037035,0.15432098765432098,0.2345679012345679
armX0,x0,Titanium,8000,6_4,166,0.18556937500000004,0.012048192771084338,0.10240963855421686,0.2710843373493976
