n,median_abs,mean_abs,median_dev_pct,std_pct,in1,in5,in10,tag,lambda,material,target,seconds
3000,0.160208,0.23720297466666668,9.819300000000004,34.68758915101037,0.029333333333333333,0.17533333333333334,0.328,armV_ema,0.0,Steel,5000,11.238848686218262
3000,0.06703300000000009,0.09084732000000001,3.6661999999999986,11.736545404060184,0.087,0.39166666666666666,0.6646666666666666,armV_ema,0.02,Steel,5000,20.9115309715271
3000,0.010935000000000037,0.02239650066666667,0.2669000000000051,5.717287348575168,0.47833333333333333,0.9133333333333333,0.9746666666666667,armV_ema,0.05,Steel,5000,21.066439867019653
3000,0.019136999999999987,0.067254998,0.08279999999999746,20.260793774565958,0.359,0.714,0.832,armV_ema,0.1,Steel,5000,21.515031337738037
3000,0.248696,0.45074548600000003,-4.204799999999996,114.07522206715832,0.025,0.12933333333333333,0.252,armV_ema,0.2,Steel,5000,21.528953552246094
3000,0.9250729999999999,1.5395655793333332,-75.2178,318.5431123897806,0.0016666666666666668,0.013666666666666667,0.027666666666666666,armV_ema,0.5,Steel,5000,21.8526668548584
3000,0.12640562499999997,0.2530625358333333,3.3200312499999995,50.6130268383304,0.046,0.22,0.408,armV_ema,0.0,Steel,16000,11.323557376861572
3000,0.05962156250000004,0.094612520625,0.9279687500000022,16.455006051344036,0.09033333333333333,0.43433333333333335,0.7156666666666667,armV_ema,0.02,Steel,16000,21.52073884010315
3000,0.010778750000000002,0.029272064166666667,0.05421875000000114,8.945334201037374,0.47633333333333333,0.865,0.9426666666666667,armV_ema,0.05,Steel,16000,21.66095209121704
3000,0.017688750000000027,0.07406465041666667,0.030843749999996815,29.678324405210777,0.38233333333333336,0.7363333333333333,0.847,armV_ema,0.1,Steel,16000,21.857161283493042
3000,0.187198125,0.372640825625,-0.12574999999999933,78.0759675321383,0.08633333333333333,0.22833333333333333,0.345,armV_ema,0.2,Steel,16000,21.777248859405518
3000,0.7765446875,0.9634335799999999,-37.6728125,148.98900701488807,0.015,0.046,0.07633333333333334,armV_ema,0.5,Steel,16000,21.64244556427002
