material,n_disks,n_bearings,cs1_pred,rel_err_pct,L,OD,ID,d0_OD,d0_W,d0_pos,d1_OD,d1_W,d1_pos,d2_OD,d2_W,d2_pos,d3_OD,d3_W,d3_pos,d4_OD,d4_W,d4_pos,d5_OD,d5_W,d5_pos,b0_K,b0_C,b0_pos,b1_K,b1_C,b1_pos,b2_K,b2_C,b2_pos,b3_K,b3_C,b3_pos
Steel,4,3,5000.01,0.0,0.9505966320633888,0.08001661604642868,0.0349621595262035,0.41615193263297506,0.10584004044532777,0.16712422647474012,0.2954239800214845,0.05474141538143158,0.3493998049417718,0.1716616270654704,0.10242842316627503,0.444255736458873,0.2766807964440823,0.12365361571311952,0.66589631439221,0.0,0.0,0.0,0.0,0.0,0.0,36119101.02470328,727.6215317205879,0.1233071268137148,32322310.556416158,359.6767426885139,0.5854742896282544,38183788.63029385,78.99560805136103,0.8455453924008649,0.0,0.0,0.0
Steel,2,2,5000.04,0.001,0.6398655816912651,0.05295056220889091,0.021548944348618777,0.2717267284020346,0.14580866396427153,0.21427353096253665,0.535693219632226,0.11903291404247285,0.4951172765746672,0.0,0.0,0.0,0.0,0.0,0.0,0.0,0.0,0.0,0.0,0.0,0.0,94422124.082958,429.44003875642846,0.09998737387868989,100263775.4994911,468.42679789610105,0.575879022882273,0.0,0.0,0.0,0.0,0.0,0.0
Steel,3,4,5000.04,0.001,1.1103515088558198,0.09480171334743501,0.014395382859499128,0.3771883223408695,0.11341495931148529,0.33073141526972216,0.36519812816235525,0.061283666193485256,0.7897357704568522,0.4845468075350959,0.09347904920578004,0.9689915111109295,0.0,0.0,0.0,0.0,0.0,0.0,0.0,0.0,0.0,39852267.990234606,289.75613314096745,0.142576800198097,38991157.79774694,228.63879784753914,0.6068789228886542,21458913.533203226,302.59833467572935,0.8052680177443667,27186029.67387647,295.454385241731,0.9986150150641857
Steel,1,3,5000.06,0.001,0.8847548142075539,0.07850041717290879,0.011663879442940532,0.4927238565999507,0.0789206314086914,0.3971520904945035,0.0,0.0,0.0,0.0,0.0,0.0,0.0,0.0,0.0,0.0,0.0,0.0,0.0,0.0,0.0,15066692.995567122,703.8694832220485,0.17527325712424738,14898098.47549462,631.3795062937961,0.42365217822018125,15837090.261516191,1024.4057440737572,0.7099891220756684,0.0,0.0,0.0
Steel,1,2,5000.07,0.001,1.4899674594402315,0.12750522875785827,0.038862753241163214,0.36864703489993444,0.09007992267608643,0.8616797568661632,0.0,0.0,0.0,0.0,0.0,0.0,0.0,0.0,0.0,0.0,0.0,0.0,0.0,0.0,0.0,52978514.52093627,417.05765288846794,0.5675120847061288,52551596.45627329,374.99929557647755,1.1325071211267121,0.0,0.0,0.0,0.0,0.0,0.0
Steel,2,4,5000.07,0.001,0.9474429503083229,0.10289455115795136,0.043624196764689496,0.2901814399573477,0.11402805209159851,0.12429699283672951,0.16482063278278167,0.10855908751487732,0.43567774361855094,0.0,0.0,0.0,0.0,0.0,0.0,0.0,0.0,0.0,0.0,0.0,0.0,21628250.1443352,498.5463721789917,0.14158579122367265,24828707.924309567,484.79360852173596,0.6220902072091652,22773085.543596078,526.5267089811199,0.6268042013696359,22649406.79417567,586.5141807593726,0.8111552354729312
Steel,3,4,5000.07,0.001,1.4538240611553193,0.07884029614925385,0.021481498228048908,0.28680830481957154,0.06765918642282487,0.24929683414543924,0.15333554616367695,0.10849248051643372,0.74572398565891,0.2859667769309535,0.04689656227827072,1.021171223068786,0.0,0.0,0.0,0.0,0.0,0.0,0.0,0.0,0.0,10079375.89068045,921.3493890556401,0.1635095334714464,12468930.313364897,161.15604662131085,0.6821833046331753,12682626.904460903,552.2505874106556,0.9385150283266679,13135033.677310284,505.31511181656595,1.308441653585963
Steel,2,2,5000.07,0.001,0.2984390321187675,0.05568255853652955,0.01973964428316546,0.27369414413211923,0.08126277863979339,0.09203414824495709,0.14130529465007005,0.15,0.2685851289068908,0.0,0.0,0.0,0.0,0.0,0.0,0.0,0.0,0.0,0.0,0.0,0.0,11168932.187165681,867.8517027245267,0.055851055627922946,8813739.625141144,463.6424375716007,0.2382700802604647,0.0,0.0,0.0,0.0,0.0,0.0
Steel,3,4,4999.92,-0.002,1.7953221440315248,0.10490098524093629,0.020277285607922437,0.39939808462152554,0.07474946111440658,0.2343052037595078,0.34267502816753875,0.10764570534229279,0.722265522757563,0.27590241610433613,0.10086144626140595,1.350845875627443,0.0,0.0,0.0,0.0,0.0,0.0,0.0,0.0,0.0,30758546.068122838,749.345144773493,0.28401915110780773,29675209.608523045,535.511606078952,0.7643551301160724,29820082.15669079,717.0981357952418,1.0324684108308455,26606115.1657585,898.6189111926999,1.5272639075780914
Steel,1,4,4999.92,-0.002,0.887682831287384,0.08052819710969926,0.009664472069982544,0.2940511820345611,0.09132725417613984,0.2973075813250342,0.0,0.0,0.0,0.0,0.0,0.0,0.0,0.0,0.0,0.0,0.0,0.0,0.0,0.0,0.0,5636278.836698482,512.0802284265993,0.11222853275315023,7034762.950570291,502.6763509930027,0.27591036492265847,5822369.75117113,425.016221911413,0.49187869284643926,7187560.71725555,178.5733522349064,0.6938069989544214
Steel,5,2,5000.08,0.002,1.2767709642648697,0.080538027882576,0.01665138658316603,0.2878201623791423,0.047313018739223486,0.24111737691014717,0.10875126517259233,0.09424884200096131,0.4212588533823558,0.2772086586600062,0.10036698460578919,0.6657639656824674,0.2002753170462703,0.08518587350845337,0.8123844221566626,0.28895144452833676,0.10058733940124512,1.0642330323461437,0.0,0.0,0.0,145080014.90524292,132.97830474680168,0.18662616927323478,123721048.13701805,286.5617988924907,1.1028591337084637,0.0,0.0,0.0,0.0,0.0,0.0
Steel,6,4,4999.91,-0.002,1.16190847158432,0.0792703025341034,0.00799222561146433,0.3954608587415084,0.09039378762245179,0.13815891338879172,0.19119761131556012,0.09093847572803498,0.25036165681133304,0.459529803500258,0.11033987939357759,0.45769461371029124,0.17331702984555958,0.1470427143573761,0.6446631081222448,0.25007402901247416,0.08859584033489228,0.7745143660702108,0.2908542368402655,0.049483586698770524,0.9549643356895923,31564052.640962616,486.3819870505431,0.11619084832034048,27625093.644187994,1004.9386650274006,0.431643419579381,32320019.727432895,245.30573506592592,0.5887242803348733,31050564.749624364,551.6859766928043,1.0154519313559867
Steel,1,2,5000.1,0.002,0.7492932662367822,0.07403852856159211,0.022443781121277234,0.44629332965235613,0.0672365814447403,0.49520266211401226,0.0,0.0,0.0,0.0,0.0,0.0,0.0,0.0,0.0,0.0,0.0,0.0,0.0,0.0,0.0,17551027.519133635,431.237630810145,0.2610507777564118,14605342.461034272,1061.7188875448824,0.6743639388638106,0.0,0.0,0.0,0.0,0.0,0.0
Steel,3,3,5000.11,0.002,0.7254744231700898,0.061072962164878855,0.02421832271299366,0.26722716702883986,0.0845605456829071,0.07860167134328842,0.4775170752827663,0.11630804777145387,0.2711215887074858,0.33063609335496974,0.09014738202095032,0.4403508155345601,0.0,0.0,0.0,0.0,0.0,0.0,0.0,0.0,0.0,41644718.551263794,735.8432892640467,0.09607004358156677,33260253.20622896,211.37614276656706,0.35621983768583365,27634232.405414086,707.9542219484317,0.5969525909754325,0.0,0.0,0.0
Steel,2,2,4999.88,-0.002,1.4357403427362443,0.08610097998380661,0.012213714568216473,0.32084924322302255,0.10357962548732758,0.5646768263814729,0.4007771636866109,0.11767315030097962,0.8143986222238344,0.0,0.0,0.0,0.0,0.0,0.0,0.0,0.0,0.0,0.0,0.0,0.0,367310594.42745316,602.1841854479983,0.24256777297404417,311949808.3971281,487.8278638362393,1.0630384258691175,0.0,0.0,0.0,0.0,0.0,0.0
Steel,3,3,5000.13,0.003,0.7821126729249954,0.05803201168775558,0.014237043374825405,0.3247493155936073,0.07722576767206192,0.09600391270600703,0.23722398797271357,0.02,0.2785017798642223,0.47476326009370245,0.06199121445417405,0.5017207951671745,0.0,0.0,0.0,0.0,0.0,0.0,0.0,0.0,0.0,16138412.003550906,704.6650204871269,0.11495909846091792,18192003.333612185,392.3226337751017,0.3773618889375746,18850333.886194043,716.1233188289001,0.6708973490135484,0.0,0.0,0.0
Steel,3,4,5000.13,0.003,1.1644974127411842,0.08648611944913866,0.018866965606038476,0.48670334992296627,0.05242100104689598,0.15442585772760453,0.2137321924871208,0.04122658729553223,0.4285390712349585,0.3639949354977856,0.0959946644306183,0.8436117657441689,0.0,0.0,0.0,0.0,0.0,0.0,0.0,0.0,0.0,20272601.836939503,180.72704576785716,0.12119343008966899,17289150.41726733,658.4718909398998,0.5380900893257856,13032325.933855794,218.77557817063845,0.7180349236591905,16646223.236221693,188.87478762856566,1.0014245092022867
Steel,4,3,4999.87,-0.003,1.587397149205208,0.053758287370204924,0.008224399292347782,0.1820677764171698,0.06795089036226273,0.44635637086321744,0.26225035268689595,0.06912922441959381,0.8080261416524199,0.33421210623116293,0.04780657961964607,1.2107214928992285,0.2107241767909109,0.07158001869916916,1.3317004374407726,0.0,0.0,0.0,0.0,0.0,0.0,38660175.889673874,551.2817764072062,0.20894242523778359,53963965.8869823,714.7466387155222,0.5850332267120294,51950088.76458403,656.5603930813104,1.3641782268567484,0.0,0.0,0.0
Steel,5,3,4999.87,-0.003,1.2942344218492507,0.08797866606712343,0.019872789871457294,0.17720094337861503,0.12613111555576326,0.2689938015675779,0.326689366161823,0.0880339813232422,0.48220655365014153,0.42432078576086946,0.05538145005702973,0.6955336958809691,0.22409288036846092,0.09127454042434693,0.8343331067362509,0.42248480494671603,0.13332545399665832,1.1342350833998032,0.0,0.0,0.0,50507001.55079198,842.8348286329351,0.1475724972305809,55787584.45180606,532.7270336746697,0.5552082964381291,55591093.54487771,199.170871452172,1.1030261154271401,0.0,0.0,0.0
Steel,3,4,5000.14,0.003,1.3142257869243623,0.10637101376056672,0.04077527606824562,0.40302773973257333,0.02,0.3689314837374603,0.37573639520164565,0.10500959932804109,0.6460258414873561,0.47370124802443137,0.10284328341484071,1.013939427814529,0.0,0.0,0.0,0.0,0.0,0.0,0.0,0.0,0.0,28929905.965353336,321.3757969736073,0.15708315727294797,23219141.724138953,548.929505560305,0.5771091568643845,22168137.6746717,578.2695057103438,0.8407390058556683,31864028.115474764,564.320611001964,1.1434640377397058
Steel,3,2,4999.85,-0.003,1.1842355459928513,0.05725360745191574,0.008910911282178552,0.3353043326164952,0.0914537423849106,0.20639275719680164,0.23538345797902607,0.033977184370160105,0.6352971629299805,0.18673624877265044,0.02,0.8511093543087718,0.0,0.0,0.0,0.0,0.0,0.0,0.0,0.0,0.0,26906457.089052793,578.6951472195672,0.26702571816511167,21731101.087697227,202.67237837841097,0.9580649991217363,0.0,0.0,0.0,0.0,0.0,0.0
Steel,3,4,4999.85,-0.003,1.019885776937008,0.09395911920070649,0.05891662555179664,0.4026637582171471,0.056944808363914495,0.29397899138921935,0.19767602048689026,0.09546121180057526,0.3750523415129455,0.2592011511454194,0.08765145599842072,0.6790622885178722,0.0,0.0,0.0,0.0,0.0,0.0,0.0,0.0,0.0,11878589.383505685,456.44599569239426,0.1336889953802326,17055500.217277274,206.84915373940646,0.5018217479127975,11909499.832115354,209.14123538101055,0.6642861446751341,11797008.033333555,241.34486394418087,0.8768941553520186
Steel,1,4,4999.85,-0.003,1.4975798517465593,0.038692691415548326,0.01665323537173176,0.20739584578579673,0.09304761469364167,0.9013322179004795,0.0,0.0,0.0,0.0,0.0,0.0,0.0,0.0,0.0,0.0,0.0,0.0,0.0,0.0,0.0,6866723.782202014,271.3826341532487,0.31956491008040383,7321836.770444629,151.84637239114025,0.6079379037036183,6380400.196515234,258.4462009343859,0.7304683462225574,8756610.353965417,992.8828671064931,1.2192135211827855
Steel,2,2,5000.15,0.003,0.6140577688813209,0.059475798010826114,0.0294064508340979,0.27408844129597953,0.07819704353809356,0.3047209285892355,0.45578632947435577,0.09443931818008423,0.4726160134909836,0.0,0.0,0.0,0.0,0.0,0.0,0.0,0.0,0.0,0.0,0.0,0.0,41616742.75649981,771.7389438029797,0.11090286851440578,34476749.992726795,307.67594956716704,0.5200310514361701,0.0,0.0,0.0,0.0,0.0,0.0
Steel,5,4,5000.15,0.003,1.200594112277031,0.06681847548484803,0.02608583783780403,0.3938556398041469,0.059100214242935184,0.21192442227346348,0.22233146489716252,0.08003050267696381,0.38210294450425375,0.22501402445777874,0.051839231997728344,0.6859107837514655,0.29667077231361905,0.1294238305091858,0.937492965577066,0.35685281898847454,0.10237647652626038,1.075813715483033,0.0,0.0,0.0,30483003.010184396,408.8088289478599,0.15854192022152372,29462109.24660219,394.4289149172949,0.5488985311866279,27340952.03732269,554.8992894825411,0.7530868455824058,28352691.389021773,565.971650785506,1.065812715483033
Steel,2,2,5000.16,0.003,0.43524794168770314,0.06917967647314072,0.02651140300208232,0.2682334021004348,0.09503462791442872,0.11259095012575382,0.38881206789583367,0.09767135381698609,0.2641884625734396,0.0,0.0,0.0,0.0,0.0,0.0,0.0,0.0,0.0,0.0,0.0,0.0,19707812.963968944,247.56353827523822,0.058192228198158086,21180885.849720787,142.56893029208862,0.3211397993623236,0.0,0.0,0.0,0.0,0.0,0.0
Steel,5,2,4999.82,-0.004,1.4701421588659287,0.08493759709596635,0.02612411545024921,0.28379950823764627,0.0638403606414795,0.23773795421921312,0.24548041743048082,0.06102187573909759,0.36914272667548775,0.26475346634052843,0.09545301377773285,0.6572987843377707,0.22584813945162682,0.1243496185541153,0.9514915067689695,0.4092386417346893,0.08235053926706315,1.1900400342852548,0.0,0.0,0.0,269237176.8218886,867.0810483177588,0.20261029863718294,285897483.0093212,246.96737253428836,1.2073635331002222,0.0,0.0,0.0,0.0,0.0,0.0
Steel,1,4,5000.2,0.004,1.0930189400911332,0.1099618400335312,0.015096423383608578,0.4330690786755597,0.10267902076244355,0.20267311120996206,0.0,0.0,0.0,0.0,0.0,0.0,0.0,0.0,0.0,0.0,0.0,0.0,0.0,0.0,0.0,33207523.99911948,320.3041267999927,0.15927483624079247,26276348.69205538,363.903800742488,0.6422968514192927,23866064.17655946,573.9550335431403,0.779971778688511,31685189.83662224,359.1226593014778,0.9416913814540948
Steel,1,4,5000.2,0.004,1.039689575135708,0.0697123071551323,0.014289719392870067,0.657149592163969,0.12022868633270264,0.4567569166103896,0.0,0.0,0.0,0.0,0.0,0.0,0.0,0.0,0.0,0.0,0.0,0.0,0.0,0.0,0.0,37169640.57502076,318.08839874175317,0.14529040289818546,51819339.26622025,888.0126574905024,0.4099520172028877,43816317.38037029,606.2761617993572,0.6646404218928889,48553600.95490899,1099.9999999999995,0.9355712546520573
Steel,4,2,4999.79,-0.004,0.5350355736911296,0.06498405241966249,0.00954508043266112,0.4243808498295094,0.10315383970737457,0.07631531271425476,0.4451503050479585,0.033769844323396685,0.2150630484775947,0.20817573733993833,0.049770633727312094,0.28639509628346327,0.209670908613013,0.10401611983776093,0.46619727889164286,0.0,0.0,0.0,0.0,0.0,0.0,35658459.043419495,178.17915120405002,0.06429246455582512,52928533.47492997,391.3703379451661,0.4535692844434367,0.0,0.0,0.0,0.0,0.0,0.0
Steel,2,2,5000.21,0.004,0.6609344363212586,0.08617313861846924,0.015816582910446624,0.28247106475956607,0.0943651795387268,0.10363585063668736,0.3481796163591668,0.0701902174949646,0.25771787150347725,0.0,0.0,0.0,0.0,0.0,0.0,0.0,0.0,0.0,0.0,0.0,0.0,20712177.8384273,487.50917969102795,0.07803857902618642,18737570.302761484,419.9338940501524,0.5045640703030475,0.0,0.0,0.0,0.0,0.0,0.0
Steel,2,2,4999.78,-0.004,1.1505000278353692,0.0886877893805504,0.00511758990668317,0.13382613698276463,0.14573793470859528,0.6877449281045225,0.3559847710222043,0.10931661427021028,1.0354400250518325,0.0,0.0,0.0,0.0,0.0,0.0,0.0,0.0,0.0,0.0,0.0,0.0,33890388.679729424,310.27345554132086,0.24276681283249701,32420137.54911056,911.075929131606,1.01639798852754,0.0,0.0,0.0,0.0,0.0,0.0
Steel,1,4,5000.22,0.004,1.7420551359653473,0.03484110620341722,0.027872884962733775,0.21797574646635692,0.06651180028915406,1.028356541939265,0.0,0.0,0.0,0.0,0.0,0.0,0.0,0.0,0.0,0.0,0.0,0.0,0.0,0.0,0.0,5640218.728446634,754.9090009011774,0.3706024689837199,4463963.574538069,163.39548889275991,0.9262963971529409,4686356.50524859,156.86753432498764,1.2086562596351644,4604104.963059695,489.89104777141733,1.5542604049469273
Steel,1,3,5000.23,0.005,1.3902844309806823,0.0576574097275734,0.002891489926057041,0.14764858735143918,0.08727488934993745,0.40387931406096833,0.0,0.0,0.0,0.0,0.0,0.0,0.0,0.0,0.0,0.0,0.0,0.0,0.0,0.0,0.0,6077829.111665881,375.91132710737935,0.3195459853343012,6335799.405232304,258.4115387988326,0.8573750436110057,6439928.264666298,719.0265459512822,1.1278295483734992,0.0,0.0,0.0
Steel,6,4,4999.77,-0.005,1.2468896090984345,0.08588258278369905,0.028772094843168526,0.1319204647089691,0.052555700838565825,0.23911952673672648,0.3502844927441419,0.11175715327262879,0.3802256959334668,0.3678724242577111,0.12243027389049531,0.5433878656861825,0.22115632803526286,0.08758077323436737,0.6858059997067361,0.22425623309593767,0.09150956332683564,0.9112147151067401,0.30769276368277676,0.12750395119190217,1.0577749153689335,36813258.69573247,733.0218564426102,0.1300955912449549,35207976.15424728,485.45704441457923,0.3169680686875815,39503546.51892257,406.35624986043575,0.4789009449845961,42803669.335456856,897.4055431839286,1.1152949275867234
Steel,5,2,5000.24,0.005,1.0891354456543922,0.08183624851703644,0.02310060741453706,0.3428258503924718,0.046238885968923574,0.20934024958111447,0.29063503206377517,0.14687304317951203,0.39697371611090293,0.36691382367250397,0.07925673484802247,0.6016073127818452,0.1559544461749382,0.08326956242322922,0.8023452481295997,0.3708693943055195,0.10907340109348297,0.949848294810668,0.0,0.0,0.0,83954177.58289538,833.236794035353,0.1400362870014408,101009808.05321792,306.4886996078523,0.9075602438698419,0.0,0.0,0.0,0.0,0.0,0.0
Steel,4,2,4999.75,-0.005,1.4681046158075333,0.08394632679224015,0.022303878673485527,0.2970709619996048,0.02,0.24024492887351717,0.22420361612924253,0.10733080208301544,0.37075103010703725,0.2613126295745992,0.12363028466701509,0.6298254291299947,0.38240223125634437,0.15,1.2235545942322792,0.0,0.0,0.0,0.0,0.0,0.0,416932314.4847267,140.90384836613336,0.14694707897029408,284294086.83331776,351.88714305088024,1.2084319594289843,0.0,0.0,0.0,0.0,0.0,0.0
Steel,2,4,5000.25,0.005,1.4263105034828187,0.09942747497558595,0.04080037625575406,0.2700640910835713,0.03351146906614304,0.5897908425245431,0.35391084081483853,0.05236888781189919,1.1622382837375256,0.0,0.0,0.0,0.0,0.0,0.0,0.0,0.0,0.0,0.0,0.0,0.0,8868311.352092072,149.91565026026066,0.19107679144529427,11259123.735296821,234.20416512394263,0.7206649522397524,11388023.869829457,768.7158728329518,0.8985774348182733,10499786.846876595,567.3442527359795,1.224764768771485
Steel,1,4,4999.75,-0.005,1.4210372388362884,0.06608831524848939,0.017434410830516098,0.4322385031864621,0.07563023328781128,0.38098979350945217,0.0,0.0,0.0,0.0,0.0,0.0,0.0,0.0,0.0,0.0,0.0,0.0,0.0,0.0,0.0,20402959.934869234,588.5584968317311,0.22632601587610346,15647007.809487076,515.6828219834626,0.6864879684583217,17561588.580552198,783.9138408090707,0.8732547927499756,17483296.88302551,434.5415361957623,1.1553352585977994
Steel,1,3,4999.74,-0.005,0.9649109840393066,0.09440906643867494,0.011368917010436226,0.44606616973594926,0.08454436272382737,0.43191235869648303,0.0,0.0,0.0,0.0,0.0,0.0,0.0,0.0,0.0,0.0,0.0,0.0,0.0,0.0,0.0,18388621.29802228,230.76878483574487,0.2511715528496796,18868244.807954106,643.7707484615723,0.6102547324764314,21020516.348634545,323.2946536779246,0.7894541712481369,0.0,0.0,0.0
Steel,2,4,5000.27,0.005,0.5528673835098743,0.10863557863235475,0.014821440776092789,0.23013737490663383,0.14312267243862153,0.055789297306693436,0.4946570218497649,0.0905632883310318,0.3248833977433352,0.0,0.0,0.0,0.0,0.0,0.0,0.0,0.0,0.0,0.0,0.0,0.0,18094400.04402893,309.8285324006169,0.06784631170784768,14109511.896101693,473.024262779031,0.19470550055227537,16340208.756332288,459.38692879693946,0.22909864326042578,16625181.06090279,1099.9999999999995,0.4516245168461752
Steel,2,3,5000.27,0.005,1.3420863598585129,0.058382830202579505,0.0047560598696375625,0.2791319873572589,0.06275555998086929,0.31558165531256427,0.2602122869535967,0.056686338186264035,1.2078677238726616,0.0,0.0,0.0,0.0,0.0,0.0,0.0,0.0,0.0,0.0,0.0,0.0,8206915.589776406,518.425810573193,0.1709575517746959,9110670.709300512,596.8420597196977,0.6457948201457253,9343518.17572355,200.07733594589294,1.1911569025661135,0.0,0.0,0.0
Steel,2,2,5000.27,0.005,1.5832589894533158,0.07342855936288833,0.02703180853949828,0.37827566493910425,0.05674335241317749,0.3383773150253418,0.3298117548659043,0.08786070704460144,1.037888617238235,0.0,0.0,0.0,0.0,0.0,0.0,0.0,0.0,0.0,0.0,0.0,0.0,46154808.72916717,324.7267411194363,0.20876360450532286,37799767.314717494,505.9233444757575,1.1726048072971298,0.0,0.0,0.0,0.0,0.0,0.0
Steel,5,4,4999.73,-0.005,1.7543113797903063,0.06317842763662339,0.025625471941950462,0.323951218043725,0.11681417882442476,0.5095614474102247,0.33849470594278613,0.06734794050455094,0.7586094306224829,0.17024172901579035,0.11613526940345766,0.898198572137184,0.25611685796160344,0.03456525012850761,1.161726383327183,0.28612700517615564,0.12465231001377107,1.3231863059607387,0.0,0.0,0.0,80378796.38012758,320.10561464774884,0.22402635496975384,68111463.53104761,599.3440334839502,0.5458992056684986,90413312.09802212,486.1889100193157,0.6379212399262124,91472798.15178032,304.2436013852377,1.458855543062984
Steel,4,2,5000.28,0.006,1.0904308810830117,0.08074098700284958,0.011896769032768243,0.2407910131662035,0.06568356364965439,0.16332307990700956,0.4327259547260596,0.08146883726119995,0.39935617670617685,0.30149369149681193,0.11313089549541475,0.5816338054158209,0.2753592369243079,0.14160000205039977,0.8285522221649958,0.0,0.0,0.0,0.0,0.0,0.0,623214739.3839942,835.6346436820397,0.13979345566163887,563234791.5396488,411.18329032131675,0.9200751185629972,0.0,0.0,0.0,0.0,0.0,0.0
Steel,2,4,4999.71,-0.006,0.5553388610482216,0.06987248569726945,0.02047006655076687,0.23469249957029145,0.08894715428352357,0.22220112893262603,0.3591251736561474,0.07406586766242981,0.3979672780217539,0.0,0.0,0.0,0.0,0.0,0.0,0.0,0.0,0.0,0.0,0.0,0.0,6822832.513329458,442.7960329158282,0.08380318515036028,7451285.773573203,518.7785420070318,0.2733445301569303,7360120.309170644,688.9850675517073,0.3637806178034565,7692600.770336968,361.1508667253041,0.4816558049254579
Steel,1,4,4999.7,-0.006,0.9279624596238136,0.10262097382545472,0.020973027998720212,0.31871660756413744,0.12121272802352906,0.6611151084596555,0.0,0.0,0.0,0.0,0.0,0.0,0.0,0.0,0.0,0.0,0.0,0.0,0.0,0.0,0.0,15308064.938124025,489.9474249139141,0.16907614675674792,17472994.74284759,952.5493518908215,0.37146053335987333,13066065.147169627,218.26703398604874,0.5141280780455714,15779050.104454923,441.8271878615375,0.7748990643448471
Steel,6,2,4999.69,-0.006,0.9098056331276894,0.07172727704048157,0.02917283187675027,0.2591006810229713,0.06368209928274154,0.1329160922270354,0.1893387438249235,0.07739888310432434,0.22615591889966177,0.4501353087143638,0.05220254659652711,0.32819186342773493,0.3071648722414525,0.09243473112583162,0.4956677631383397,0.36691540091803176,0.052147930562496184,0.6746007298779403,0.26880196626107145,0.06326913356781005,0.7739037392170907,281454851.93232805,794.0860476031506,0.10163233977091354,303296017.7684662,865.9675123231118,0.8188250689051148,0.0,0.0,0.0,0.0,0.0,0.0
Steel,1,4,5000.32,0.006,1.3613588839769364,0.0678254674077034,0.01389102552740435,0.2875162323393916,0.08916197657585144,0.629367885016809,0.0,0.0,0.0,0.0,0.0,0.0,0.0,0.0,0.0,0.0,0.0,0.0,0.0,0.0,0.0,8490803.98368986,652.4182100395053,0.17894733615376102,8697027.743186327,1099.9999999999995,0.4726994788752664,6493413.43142183,1020.1147650602039,0.6063282618675042,6493413.43142183,222.0398012415841,1.0520264859293331
Steel,1,2,5000.32,0.006,1.5908892452716827,0.07332305312156678,0.01325082509080971,0.3919556950140121,0.09867479026317597,0.4314297761865466,0.0,0.0,0.0,0.0,0.0,0.0,0.0,0.0,0.0,0.0,0.0,0.0,0.0,0.0,0.0,40008723.42958157,282.4649008702992,0.29519578426181153,32592963.807782844,682.8583384167918,1.1214068935640065,0.0,0.0,0.0,0.0,0.0,0.0
Steel,4,3,4999.68,-0.006,1.1699593469500542,0.06871651291847229,0.013338965346134688,0.319024424163994,0.11891067206859589,0.3523491115190377,0.47251285797521575,0.1086665141582489,0.5967418726920228,0.2754820028778595,0.08052549511194229,0.7085961917579952,0.34896676382426317,0.12377025544643402,0.9128572641040156,0.0,0.0,0.0,0.0,0.0,0.0,223463312.67157984,775.7051454185882,0.19758207797052976,175309080.0894261,792.3423848989679,0.8137114176744507,170661653.93945163,315.4356248869817,1.0331454452116362,0.0,0.0,0.0
Steel,2,4,4999.68,-0.006,1.259129422903061,0.06581892329454422,0.005565892758310906,0.3316276780638073,0.09993217170238496,0.15001036025146358,0.2986233703885343,0.08316795110702516,0.6953184909972159,0.0,0.0,0.0,0.0,0.0,0.0,0.0,0.0,0.0,0.0,0.0,0.0,17433022.531432696,1046.9543824370796,0.12591294354943552,18120356.47296741,181.55036445177475,0.6033775986609804,21372590.788070068,320.90168610354084,0.7670087355484745,24768915.46467698,288.11531679950355,1.0347166467109328
Steel,1,3,4999.67,-0.007,1.1050314351916315,0.07909288311004639,0.00769230347906727,0.5649158064459032,0.03191316843032837,0.6506666884026425,0.0,0.0,0.0,0.0,0.0,0.0,0.0,0.0,0.0,0.0,0.0,0.0,0.0,0.0,0.0,13346133.592124274,693.6445410315226,0.15884223977599218,11979475.384458372,403.68512527839397,0.4752422324281485,12913372.152679758,796.2246781944559,0.8814303640399943,0.0,0.0,0.0
Steel,2,2,5000.33,0.007,0.7792327329516411,0.10686859560012818,0.005574183761254803,0.29086908344564155,0.11603893876075745,0.32398577876166096,0.4726125210445508,0.10463692247867584,0.701299459656477,0.0,0.0,0.0,0.0,0.0,0.0,0.0,0.0,0.0,0.0,0.0,0.0,44730625.91074032,581.2450633029108,0.2218022018239345,45209502.6845283,1099.9999999999995,0.691298459656477,0.0,0.0,0.0,0.0,0.0,0.0
Steel,3,4,4999.67,-0.007,1.0964672043919563,0.10291042935848237,0.00858212683052115,0.1999960655481363,0.11425221145153046,0.39879018833699603,0.3976729646641128,0.0678398334980011,0.7228311307627864,0.280920761409227,0.09829873502254487,0.8409774212475378,0.0,0.0,0.0,0.0,0.0,0.0,0.0,0.0,0.0,19753148.82942206,524.2436086773739,0.14212097538535598,14104605.454025956,223.6687065057505,0.4609482833473228,13591823.531033073,274.9793645512858,0.7362880024724395,18721085.677875984,451.611027605654,0.9652620244776419
Steel,6,2,5000.33,0.007,1.2702386528253555,0.0907601696252823,0.030528640538995108,0.3393711693622257,0.07966894507408143,0.27910363319233916,0.30105496209693844,0.10384625494480133,0.44347001464924896,0.21433419871603962,0.07057030588388444,0.5926439845764534,0.24851593636760388,0.08010971665382385,0.8158534570178821,0.31299161646422746,0.06809641689062118,0.9620336224965107,0.24074624788948015,0.09577162086963655,1.054953164197452,133208038.51265113,828.5341680803215,0.1832985112139125,138902698.5929218,815.8941265464205,1.11836470474648,0.0,0.0,0.0,0.0,0.0,0.0
Steel,2,2,5000.33,0.007,1.2692247331142426,0.09069508254528047,0.04491298457916965,0.35633808706425335,0.07237927943468093,0.12693247331142427,0.3687381932581138,0.02,0.7051796135430064,0.0,0.0,0.0,0.0,0.0,0.0,0.0,0.0,0.0,0.0,0.0,0.0,25736897.66167003,640.8919504646516,0.20023316537453453,36890190.280209206,251.86824978154164,1.0891742611294022,0.0,0.0,0.0,0.0,0.0,0.0
Steel,2,4,4999.65,-0.007,1.2112666785717012,0.07676594805717468,0.055001020655955524,0.37454651763896396,0.036253099441528325,0.5503874486152129,0.28606427955943636,0.11918650686740875,0.8048023842322449,0.0,0.0,0.0,0.0,0.0,0.0,0.0,0.0,0.0,0.0,0.0,0.0,7608590.609745759,517.8864081364862,0.15492496384916016,9419637.203941427,125.72481742328449,0.412039793718882,11321426.463181755,792.83058063475,0.6982483590577611,11679383.942760628,609.9925409807481,1.0560298718784527
Steel,1,2,4999.64,-0.007,1.021394968032837,0.07218248456716538,0.015171228219063877,0.19174033483907071,0.07956602811813354,0.4884262680381886,0.0,0.0,0.0,0.0,0.0,0.0,0.0,0.0,0.0,0.0,0.0,0.0,0.0,0.0,0.0,12424865.605720801,285.37353308363816,0.39862880342292895,13369645.751521474,631.522427838343,0.8854349453317054,0.0,0.0,0.0,0.0,0.0,0.0
Steel,1,4,5000.36,0.007,1.0703487649559975,0.03210905075073242,0.02568724060058594,0.3005843812700447,0.02,0.32212766480992217,0.0,0.0,0.0,0.0,0.0,0.0,0.0,0.0,0.0,0.0,0.0,0.0,0.0,0.0,0.0,3217952.856814182,286.10345120056144,0.16995421201834265,2426509.6931340117,386.5179175987845,0.4918681015164221,3075118.793726117,250.87254504794467,0.6984800916632895,3187606.1789475884,329.820511311671,0.8915233217666999
Steel,4,3,4999.63,-0.007,1.1280095353722572,0.04272599133849144,0.005912041645243695,0.21823661028050564,0.06453843235969543,0.3412099059398781,0.22363822439010309,0.07972821801900865,0.4434711131904589,0.23718435117076975,0.09648740589618683,0.6073152160360005,0.35283987017361573,0.05581126898527146,0.8662790421986721,0.0,0.0,0.0,0.0,0.0,0.0,33326434.521021023,261.19268444107917,0.1630982240486677,30722147.26481584,225.8667431136341,0.42149503534993027,39084766.41255369,1099.9999999999995,0.9381432086912949,0.0,0.0,0.0
Steel,2,3,4999.61,-0.008,1.339110651612282,0.09986019825935365,0.043397155165462414,0.19182104442848008,0.06832721292972566,0.4851902629153624,0.3335014565673977,0.0837515875697136,0.9631264858350645,0.0,0.0,0.0,0.0,0.0,0.0,0.0,0.0,0.0,0.0,0.0,0.0,16112927.14677544,842.5373314454296,0.18506521829063058,20057856.011729922,233.837848342529,0.6011264608355633,15715800.349045137,960.7574730282324,1.0914565094023119,0.0,0.0,0.0
Steel,1,2,4999.61,-0.008,1.3093005299568177,0.07082149171829225,0.008748945190039175,0.4076174332764903,0.10264057993888856,0.39009520024089617,0.0,0.0,0.0,0.0,0.0,0.0,0.0,0.0,0.0,0.0,0.0,0.0,0.0,0.0,0.0,42857582.561507754,515.9607425598376,0.1938007697478799,44184685.19967883,1099.9999999999995,0.8525121764930068,0.0,0.0,0.0,0.0,0.0,0.0
Steel,3,3,5000.4,0.008,0.9231645077466964,0.05001353099942207,0.005111080388250487,0.28929705449547605,0.08336077123880387,0.276197325948922,0.36596054369806535,0.02981187976896763,0.5234091364329214,0.39998981012732876,0.033906344696879386,0.6591486225275361,0.0,0.0,0.0,0.0,0.0,0.0,0.0,0.0,0.0,34401358.09988305,589.423673204599,0.14333902466904028,28949424.338396464,84.69761982303062,0.6982637896902155,29874807.035571832,558.5558644323777,0.8308480560488622,0.0,0.0,0.0
Steel,3,3,5000.4,0.008,0.9522221565246582,0.09439970541000367,0.011304896504051257,0.15624111733015145,0.03750879943370819,0.42124236929498915,0.2880292646450414,0.09048673987388611,0.5335543026199266,0.3261829461163858,0.09559702157974244,0.6681913974422777,0.0,0.0,0.0,0.0,0.0,0.0,0.0,0.0,0.0,31842885.972639553,287.22842450891477,0.13451725015417898,23674770.90511822,763.1879409701584,0.36073027389915846,19724168.842529267,334.37573395933623,0.7604154948659321,0.0,0.0,0.0
Steel,1,2,5000.42,0.008,1.1707580223679543,0.08037277948856354,0.03289686529146538,0.33509035990779584,0.04738965436816216,0.28820746148493903,0.0,0.0,0.0,0.0,0.0,0.0,0.0,0.0,0.0,0.0,0.0,0.0,0.0,0.0,0.0,13396031.88791057,297.83968633450036,0.25412332068602117,19031047.9413158,483.980664318132,0.9376160561358089,0.0,0.0,0.0,0.0,0.0,0.0
Steel,3,4,4999.57,-0.009,0.8872311159968377,0.11160939800739289,0.013394509810433074,0.25446140636101466,0.0379066301882267,0.17911932326023453,0.16564039662170157,0.15,0.31682913122068523,0.3515981051632175,0.08403120368719101,0.6054270033039141,0.0,0.0,0.0,0.0,0.0,0.0,0.0,0.0,0.0,13086143.805680187,683.7309456429334,0.1010185196313656,16473828.215346223,301.60312835786993,0.338215835804085,11880277.539576989,579.7900042863159,0.4514835768105899,15073858.306518221,924.7836389321113,0.7079371265577258
Steel,3,3,4999.57,-0.009,1.6414148658514023,0.06063042080402374,0.03052089436873212,0.20486398532900085,0.026655539274215698,0.5182878133357276,0.3093399062265009,0.02,0.9292201160491982,0.3827353538848668,0.04091763108968735,1.2756225457564558,0.0,0.0,0.0,0.0,0.0,0.0,0.0,0.0,0.0,16969007.85358961,600.7159631251496,0.22664931954912648,14307344.574366398,653.8038733406016,0.7643443907347072,12717552.110249652,681.8079513337268,1.4316872866225083,0.0,0.0,0.0
Steel,2,2,5000.44,0.009,0.9251124575734139,0.10144863617420198,0.02125901917682673,0.22151119843621642,0.05519321322441101,0.45254968006433044,0.534987881667511,0.06748757809400559,0.728690868290863,0.0,0.0,0.0,0.0,0.0,0.0,0.0,0.0,0.0,0.0,0.0,0.0,38835693.63060008,94.04886197356616,0.20596693433463723,41997036.635972895,682.478166405898,0.7176076911125835,0.0,0.0,0.0,0.0,0.0,0.0
Steel,3,2,4999.56,-0.009,0.9419288590550423,0.07653246825933457,0.01386659179858997,0.21750796998274502,0.1178790694475174,0.1653372848748028,0.2252628580909695,0.043053886294364935,0.35823075382879155,0.3285654278520462,0.10909571707248689,0.7442590405443327,0.0,0.0,0.0,0.0,0.0,0.0,0.0,0.0,0.0,24049429.319238845,129.01197658544217,0.12442207228840999,24888561.996654958,645.8466533387018,0.8172125736994681,0.0,0.0,0.0,0.0,0.0,0.0
Steel,5,2,4999.55,-0.009,0.7009219355881214,0.07885187470912934,0.0019462054376527278,0.2774026177953281,0.05570471793413162,0.1149119844359495,0.26694594620030815,0.07681585878133775,0.23151379963589214,0.26513026743358364,0.09088519632816315,0.3713038924721719,0.16189043168665204,0.07058604717254639,0.47792805675721056,0.3336910583277982,0.1330540668964386,0.6102180222235026,0.0,0.0,0.0,38660435.112177536,768.5331173423498,0.085679735910939,38374834.57388643,221.1096900167572,0.5866029532457582,0.0,0.0,0.0,0.0,0.0,0.0
Steel,6,4,4999.52,-0.01,1.1705851763486863,0.07499525785446168,0.017046293899371585,0.48970438170502817,0.08656290888786317,0.16987020094074665,0.2580898300236548,0.09964102566242218,0.2793815862182054,0.36088923673262424,0.056483057439327244,0.4774146554126136,0.29996598068066666,0.10936866939067841,0.6348595931302722,0.47668492880869884,0.07840418696403503,0.8350834469618729,0.5366348627610229,0.06243377596139908,0.9985020701478557,47150786.88104103,779.619837008472,0.13375659381051241,46278087.16644948,973.5144733485422,0.6878507764633636,46284720.40985586,346.4142927699372,0.7413696055479098,49207279.36503317,116.35955040709365,1.03687232351218
Steel,3,2,5000.49,0.01,0.4648921642452478,0.057403218865394595,0.018055347563343458,0.3082625644988255,0.021424890756607057,0.09081307753071252,0.23671744847892173,0.09998987555503847,0.2315000566648251,0.21739127389437443,0.07881511867046356,0.3800336203549691,0.0,0.0,0.0,0.0,0.0,0.0,0.0,0.0,0.0,15378384.294277867,820.1749123362443,0.0480828129032612,13810736.532679444,346.60191275068723,0.33882136876485536,0.0,0.0,0.0,0.0,0.0,0.0
Steel,1,2,4999.51,-0.01,1.8680640190839768,0.05889888864755631,0.010220758248717628,0.4446244258255838,0.0487498152256012,1.392882846790933,0.0,0.0,0.0,0.0,0.0,0.0,0.0,0.0,0.0,0.0,0.0,0.0,0.0,0.0,0.0,294573529.71371967,898.9158302109032,0.4833517724987193,329299300.6247008,236.89496150053876,1.4199362321496354,0.0,0.0,0.0,0.0,0.0,0.0
Steel,2,4,4999.51,-0.01,0.7414377868175507,0.06821407282352449,0.006480474416278737,0.593870835642123,0.10320317506790162,0.37738365257803264,0.41646328846887043,0.04104024112224579,0.5748418366307213,0.0,0.0,0.0,0.0,0.0,0.0,0.0,0.0,0.0,0.0,0.0,0.0,30331316.550659403,314.45882232793656,0.12291914362942358,27853540.983490646,774.1590554220588,0.41091852003381957,24481502.34278356,528.1900308509094,0.522114197892728,24832312.529899515,484.7826174370729,0.6672940073943578
Steel,3,3,5000.5,0.01,1.0204998075962068,0.08336192691326143,0.015260713754188453,0.2055830747474591,0.13680643677711488,0.378556937532285,0.22550714049897366,0.11727028489112855,0.6239336087581481,0.3766290529640045,0.09113511979579926,0.8130268951052037,0.0,0.0,0.0,0.0,0.0,0.0,0.0,0.0,0.0,20295284.360335223,448.05456987300414,0.16790130460674765,24833443.06814574,833.7466919353192,0.4995533188706472,22852040.66563358,567.067716077319,0.8685787092327999,0.0,0.0,0.0
Steel,1,3,5000.5,0.01,0.6025981605052948,0.09350400900840761,0.03996872768512133,0.35445780243316644,0.13118570804595947,0.2483161799836725,0.0,0.0,0.0,0.0,0.0,0.0,0.0,0.0,0.0,0.0,0.0,0.0,0.0,0.0,0.0,15508551.012372302,438.2570077596499,0.1087148825282418,10144228.77351434,629.263417596394,0.3311614257733521,11552473.908971092,542.152399208763,0.4930979652907493,0.0,0.0,0.0
Steel,3,2,5000.5,0.01,0.28190575214102864,0.08815015655755998,0.012840118253154894,0.4962065351695,0.07361098587512971,0.031533331463624234,0.3770504713576831,0.07626176387071609,0.11650813933464513,0.49504132058400874,0.14980526983737946,0.2424341781498307,0.0,0.0,0.0,0.0,0.0,0.0,0.0,0.0,0.0,57724897.488484025,601.3435839979572,0.04738352099121233,56105614.22686216,304.0618206619652,0.2527423212063033,0.0,0.0,0.0,0.0,0.0,0.0
Steel,5,2,4999.49,-0.01,1.095695434510708,0.07554326736927033,0.03368036512141914,0.3184363303522665,0.034577154889702796,0.16747342718926916,0.19444216019860394,0.04695773556828499,0.304610014673113,0.2628444416044652,0.060396784245967866,0.49098703592956405,0.1779029326014903,0.05766691237688065,0.7277034112685115,0.4596406280656984,0.07967029333114624,0.9661554781806446,0.0,0.0,0.0,45726773.37124076,461.4403211407799,0.13492598486849608,40874905.24379361,431.3343434946199,0.9250691435236168,0.0,0.0,0.0,0.0,0.0,0.0
Steel,3,4,4999.47,-0.011,1.6482914358377458,0.08280255043506624,0.015609772666163623,0.4869356714271214,0.08635031044483185,0.2826262465757264,0.43699307919378677,0.08152002841234207,0.6650982886328765,0.2336302657788517,0.045893141329288484,1.0509200948959774,0.0,0.0,0.0,0.0,0.0,0.0,0.0,0.0,0.0,29233953.595290273,550.7291732171121,0.1827172195160852,26020188.12212865,310.6416550185885,0.4938523693921307,20316455.671162628,1099.9999999999995,0.8294616328469357,19300215.93939475,509.750500921899,1.369835745553081
Steel,1,2,4999.46,-0.011,0.9995475620031358,0.05124429467320442,0.006218747515343924,0.354864384890919,0.08647533416748047,0.2981120570426706,0.0,0.0,0.0,0.0,0.0,0.0,0.0,0.0,0.0,0.0,0.0,0.0,0.0,0.0,0.0,52187226.864079095,585.2179443388931,0.11327176043021195,42852655.81745997,686.7057408984949,0.6574360789241586,0.0,0.0,0.0,0.0,0.0,0.0
Steel,1,2,4999.45,-0.011,1.1676940441131594,0.06305803346633912,0.015487591048785722,0.32619619990759874,0.10704533576965333,0.5732238969834575,0.0,0.0,0.0,0.0,0.0,0.0,0.0,0.0,0.0,0.0,0.0,0.0,0.0,0.0,0.0,42669645.26196257,828.4033185141797,0.18921406271113908,48519439.89985607,130.5032836822189,0.8395632490935474,0.0,0.0,0.0,0.0,0.0,0.0
Steel,1,3,4999.44,-0.011,0.7664586678147316,0.06177778160572052,0.03709205110243026,0.496029503723022,0.10506129026412965,0.24458044065764742,0.0,0.0,0.0,0.0,0.0,0.0,0.0,0.0,0.0,0.0,0.0,0.0,0.0,0.0,0.0,32025480.924404845,251.90510576862948,0.09330192076221905,26303222.80674715,668.8321157334088,0.41799734961275703,29488230.957002107,202.8255956627286,0.6060743843121071,0.0,0.0,0.0
Steel,4,4,5000.57,0.011,1.0588229954242707,0.11968981087207796,0.016561270191349564,0.21354343954761254,0.11454396963119508,0.20031529167561063,0.3287823463666447,0.08181576550006867,0.4970681036795126,0.21789806939255493,0.02,0.7068660188080782,0.3286279435161307,0.11802126407623292,0.9455460025283603,0.0,0.0,0.0,0.0,0.0,0.0,24856599.115308993,684.9992055386606,0.11259171608007962,21923689.35428483,411.29885633442626,0.21207316326053832,28452503.94788329,674.6409435565755,0.5533823068408252,28488890.136931565,676.1714473764509,0.9141684635814329
Steel,4,4,4999.42,-0.012,0.7143379017710686,0.049695613622665405,0.030970293590162276,0.2769955253040054,0.14146260380744935,0.07984135173771553,0.21233435953645055,0.12434926986694336,0.2392293157382221,0.1315965228394322,0.14246751248836517,0.41168399917797316,0.3928585718452857,0.08705636322498322,0.6067174489284954,0.0,0.0,0.0,0.0,0.0,0.0,18115495.128035784,344.0259419337774,0.09966253043759508,15965015.106025403,492.02107300667524,0.20941105075514654,21959364.666857246,444.1324791533871,0.3541337579430143,20455189.691257585,217.4088860606524,0.5906343225930673
Steel,3,4,5000.59,0.012,0.28134989850223063,0.07150599789619447,0.03270450980432196,0.28724340322386366,0.05700051307678222,0.039404317316478685,0.3191703601822707,0.08095439195632935,0.1217126257341736,0.3132513437609852,0.059444240629673004,0.22280723919553058,0.0,0.0,0.0,0.0,0.0,0.0,0.0,0.0,0.0,10129386.210101385,457.60467120287456,0.053074769600912994,9040747.831009123,383.77738859293436,0.15461757016027303,9886292.671415582,444.74281261057666,0.1954048617419472,7807258.154339987,646.093163519927,0.24809493851296777
Steel,2,2,4999.4,-0.012,0.7715757369995118,0.07377547180652619,0.01657440883564045,0.3119012190333549,0.07025482535362244,0.4200263953527382,0.2514444380910191,0.09270266234874726,0.6944081632995607,0.0,0.0,0.0,0.0,0.0,0.0,0.0,0.0,0.0,0.0,0.0,0.0,19419801.391758054,515.9428520734833,0.17376263165473482,18075057.045977347,662.5782784409845,0.6609614256866196,0.0,0.0,0.0,0.0,0.0,0.0
Steel,3,3,5000.6,0.012,1.3328197181224823,0.07089928728342057,0.017758801405391902,0.3243900915397196,0.06844468951225281,0.43139807153940846,0.1255489929332359,0.059231847524642944,0.7874796920956032,0.3231310741517541,0.08902772426605225,1.0892783729870597,0.0,0.0,0.0,0.0,0.0,0.0,0.0,0.0,0.0,14840298.48895848,452.4392437830402,0.16866527120519673,15439787.727285136,362.4554516310554,0.8599335664412678,17619328.005743913,846.9093384370664,1.1249476045868563,0.0,0.0,0.0
Steel,4,2,5000.6,0.012,1.074079316854477,0.07869900047779084,0.016483976987067866,0.4658336860302667,0.050328723043203356,0.1766157866216369,0.2711724152102409,0.11247255861759187,0.4103122708423309,0.25641219511739993,0.10215874075889587,0.5474560031245075,0.29700197303319037,0.1259428322315216,0.742320996416251,0.0,0.0,0.0,0.0,0.0,0.0,219583308.39855227,227.59031534656802,0.1237627269618957,192570851.15265328,233.1361130169132,0.9144870906367235,0.0,0.0,0.0,0.0,0.0,0.0
Steel,5,4,4999.4,-0.012,1.117760345339775,0.10535147416591645,0.03313081477128359,0.298248204816462,0.02901156134903431,0.21153912951100784,0.5451094544912655,0.08596508860588074,0.3601385141413858,0.34222894216981603,0.09822224855422974,0.6134212493371923,0.2866865518238559,0.08187876552343369,0.7919613511885285,0.23536189856042233,0.04813198998570442,0.908471763152666,0.0,0.0,0.0,26818845.609668825,319.80886916790274,0.14110250986909686,44397460.96146883,915.5551646204127,0.5663471331568904,30850935.742669918,1099.9999999999995,0.6722657569645293,29833587.187135532,834.3397152855518,0.9848980840266784
Steel,1,4,4999.4,-0.012,1.0268184185028075,0.02654118855297565,0.00859184421432147,0.21738246795900218,0.03936226740479469,0.614046227328014,0.0,0.0,0.0,0.0,0.0,0.0,0.0,0.0,0.0,0.0,0.0,0.0,0.0,0.0,0.0,6931288.635644107,630.668747938579,0.3769324479175257,5946909.783194659,528.3011391699586,0.7089940606240344,5496365.843433243,981.547129257993,0.8685646196159638,6328077.859793273,145.5496089936585,0.9008590986435752
Steel,3,2,4999.4,-0.012,0.5411498293280601,0.09019551169872285,0.007349217290434135,0.3428471412563124,0.09539652645587922,0.054124982932806015,0.21796812589068076,0.055205084085464484,0.19785002455745682,0.24504803599305908,0.07070349276065827,0.3125590878620718,0.0,0.0,0.0,0.0,0.0,0.0,0.0,0.0,0.0,26124219.886056527,300.29063970463534,0.06607962259304145,27962736.41082457,257.2101578837262,0.4511421357802509,0.0,0.0,0.0,0.0,0.0,0.0
Steel,2,3,4999.36,-0.013,0.8907061755657196,0.05824063313007355,0.003602146559892351,0.3398503134451486,0.053725798130035404,0.2457333883972956,0.27751002348558723,0.12783659100532532,0.5727746661862722,0.0,0.0,0.0,0.0,0.0,0.0,0.0,0.0,0.0,0.0,0.0,0.0,13818255.92402674,557.0368188697171,0.09809320013902686,14780506.69397556,658.8074360417202,0.38729037852764436,11999735.400279308,618.2876906412633,0.730614503939353,0.0,0.0,0.0
Steel,1,2,4999.35,-0.013,0.8775328829884529,0.046396873027086255,0.008406127623632123,0.30283753170517913,0.15,0.15731020934900133,0.0,0.0,0.0,0.0,0.0,0.0,0.0,0.0,0.0,0.0,0.0,0.0,0.0,0.0,0.0,26813918.51164609,283.78370133665027,0.11171558278779067,27661717.441701405,811.001626087742,0.6645293947558986,0.0,0.0,0.0,0.0,0.0,0.0
Steel,2,2,4999.33,-0.013,1.2963974505662919,0.10942826986312867,0.017892202192201456,0.23700145088917537,0.09645318806171418,0.5096236722664658,0.3345409212825754,0.15,0.9750303881893294,0.0,0.0,0.0,0.0,0.0,0.0,0.0,0.0,0.0,0.0,0.0,0.0,40493409.80265675,671.4458789587499,0.31045574396557996,37314114.73783563,247.97030081112,1.0471401551582011,0.0,0.0,0.0,0.0,0.0,0.0
Steel,1,4,4999.32,-0.014,0.9417285561561585,0.07840940952301026,0.02093100769010782,0.4528514264629461,0.1188759583234787,0.42684904689425124,0.0,0.0,0.0,0.0,0.0,0.0,0.0,0.0,0.0,0.0,0.0,0.0,0.0,0.0,0.0,12881613.820395874,398.847083344216,0.1690132744491752,15472987.399286065,571.7706662863778,0.3972668772395273,12081970.428281268,361.59349557596914,0.47566640612583055,14562108.05264671,90.75789476679991,0.7433651389976808
Steel,2,3,4999.31,-0.014,0.4758443992584944,0.10133836901187898,0.02751953449080207,0.35990059044402206,0.07552155137062073,0.06908821748721627,0.46832983836812236,0.11674082279205324,0.32329220635638756,0.0,0.0,0.0,0.0,0.0,0.0,0.0,0.0,0.0,0.0,0.0,0.0,24097305.46638695,153.15541670330148,0.056211084745597766,26897696.00615626,234.71943071834923,0.18321111022677697,26091443.538059674,314.70197456733575,0.3761894819237019,0.0,0.0,0.0
Steel,3,2,4999.3,-0.014,0.3360058704391122,0.07968702912330627,0.0068908426121924975,0.35917558961403573,0.0856889671087265,0.0533814770018848,0.23466737069712434,0.07954124420881271,0.15170901454898317,0.3909378999013002,0.15,0.2816957508638149,0.0,0.0,0.0,0.0,0.0,0.0,0.0,0.0,0.0,43616786.24351223,301.46846851334163,0.06629103203166177,32986638.57313304,269.25661498602136,0.30240528305919506,0.0,0.0,0.0,0.0,0.0,0.0
Steel,2,3,5000.7,0.014,0.8513917282223702,0.09414716923236847,0.02108322106788084,0.3279724538728833,0.02,0.2926138068766836,0.46510468664193794,0.06687923520803452,0.5999629986368399,0.0,0.0,0.0,0.0,0.0,0.0,0.0,0.0,0.0,0.0,0.0,0.0,15499164.961906213,549.0262527160544,0.10214633859795433,15377740.831577983,538.339450830947,0.49726867691346816,14822302.09454961,780.6278425140364,0.7345380847334607,0.0,0.0,0.0
Steel,1,3,5000.7,0.014,1.0827058494091033,0.06573293048143387,0.009423568478552951,0.409219633712002,0.11016601622104645,0.5963980155372391,0.0,0.0,0.0,0.0,0.0,0.0,0.0,0.0,0.0,0.0,0.0,0.0,0.0,0.0,0.0,15208625.831787487,331.84099562502706,0.3079183949145664,20623346.21068536,622.2472032275275,0.6913030383384328,21547257.225884024,715.9926249278099,0.9284327312786191,0.0,0.0,0.0
Steel,2,4,4999.29,-0.014,0.8875787377357484,0.07379845541715623,0.027851250098282113,0.15826976571234944,0.07338506758213044,0.3484153425398367,0.3102095589415203,0.07078548073768616,0.5505237302903159,0.0,0.0,0.0,0.0,0.0,0.0,0.0,0.0,0.0,0.0,0.0,0.0,6891954.134124212,415.4219677830917,0.11899105485622853,7594682.081865962,1075.0149355583085,0.28684770264993814,8035999.616377235,265.42219353088433,0.4144897571787556,5709072.277798982,364.4155465780908,0.768909487799371
Steel,1,3,4999.29,-0.014,1.173418638110161,0.07871593242883683,0.015771918174488607,0.3415894974200083,0.08907978713512421,0.45461222861286843,0.0,0.0,0.0,0.0,0.0,0.0,0.0,0.0,0.0,0.0,0.0,0.0,0.0,0.0,0.0,14877664.980105765,222.68094061441633,0.28796390144841255,18845850.718230307,443.3872967057638,0.747579069417613,17371184.14120844,537.1086478826173,0.9893970381146868,0.0,0.0,0.0
Steel,5,3,4999.29,-0.014,1.0493088006973266,0.06695889937877655,0.006285532195292894,0.1928021968105654,0.05346303135156631,0.17740526150934233,0.27014173746199455,0.07429295212030411,0.424122663894464,0.3154558552336443,0.10073429942131043,0.5561113661641437,0.24123108178143526,0.03764778226613999,0.6390051154775028,0.5761731883097503,0.10696309983730316,0.8287510788708685,0.0,0.0,0.0,52836537.40171047,280.5005607591309,0.1287438423036019,77524905.49863866,298.97554620259484,0.4457502124815246,62736640.22521179,896.9498419212628,0.9443779195782852,0.0,0.0,0.0
Steel,3,2,4999.29,-0.014,1.2107155561447143,0.09979174256324769,0.00835476186422661,0.5329861047240323,0.07447435081005097,0.1652360742564887,0.24585685786259828,0.12162293910980225,0.45149860927273994,0.17276105069200814,0.11025114238262178,0.9044100356738158,0.0,0.0,0.0,0.0,0.0,0.0,0.0,0.0,0.0,56432184.964607984,667.1549994387507,0.20984743089174304,58951399.47582461,736.7264752722657,1.0234092332399012,0.0,0.0,0.0,0.0,0.0,0.0
Steel,1,2,4999.28,-0.014,1.2057370394468307,0.09937692880630494,0.026630920290118834,0.5717839505799999,0.1088756799697876,0.21137722949490628,0.0,0.0,0.0,0.0,0.0,0.0,0.0,0.0,0.0,0.0,0.0,0.0,0.0,0.0,0.0,66393053.257228285,785.1460630749755,0.23468213366072216,68347405.6456811,550.5257608727367,0.937535340413383,0.0,0.0,0.0,0.0,0.0,0.0
Steel,3,2,4999.28,-0.014,0.6444068007171154,0.09503569674491884,0.030014611646559358,0.30619791872575153,0.07834667682647706,0.18439938555995491,0.32374725029152107,0.07572274774312973,0.3493739001003524,0.5145183157544306,0.11075340688228608,0.5261136344493191,0.0,0.0,0.0,0.0,0.0,0.0,0.0,0.0,0.0,47155879.70482945,857.5282043192724,0.0846330428728998,58478833.880089335,212.76167371979847,0.5372155115394965,0.0,0.0,0.0,0.0,0.0,0.0
Steel,2,3,5000.74,0.015,0.6930538855493069,0.10401338875293732,0.019328146673180287,0.35809664085961895,0.02,0.2514476774159985,0.32439070275871273,0.08759527087211609,0.5570667123876479,0.0,0.0,0.0,0.0,0.0,0.0,0.0,0.0,0.0,0.0,0.0,0.0,10962824.655487573,857.357166004257,0.09659879627512134,12892179.659046045,795.3453209873929,0.37796601234323435,13348670.185912836,424.36431255223863,0.5925047206449627,0.0,0.0,0.0
Steel,3,4,5000.75,0.015,1.4460951149463654,0.10782268416881563,0.032885388615371144,0.2910213880851099,0.09563553214073182,0.5378491946394195,0.2113408277434617,0.13546354949474335,0.7697076678707205,0.23879858215066266,0.06716663479804993,0.9049807921117446,0.0,0.0,0.0,0.0,0.0,0.0,0.0,0.0,0.0,28252361.736679215,752.2046135346545,0.19339323674872103,16940749.34464291,337.4606701286147,0.27404228153676713,21500810.12421685,546.2901481170445,0.4981370099696938,20700143.770987254,421.639074350713,1.223444758922127
Steel,2,3,5000.78,0.016,1.3116241097450256,0.12813791072368622,0.05178334971977373,0.49470379963032174,0.06108396142721176,0.6605978452213073,0.22225975441276566,0.1338988584280014,1.0655136332690702,0.0,0.0,0.0,0.0,0.0,0.0,0.0,0.0,0.0,0.0,0.0,0.0,23307180.282039568,152.9554361433309,0.22460102956673095,24033920.073814314,665.2978911592324,0.7692483862885185,22517246.120069414,539.7334655915585,1.1777657353776014,0.0,0.0,0.0
Steel,1,4,4999.22,-0.016,0.7908139675855637,0.07133482056856155,0.020971764000855726,0.20114130871044347,0.06015418320894242,0.27599164751558836,0.0,0.0,0.0,0.0,0.0,0.0,0.0,0.0,0.0,0.0,0.0,0.0,0.0,0.0,0.0,3584300.236618122,225.74452160978962,0.1343452352555511,4235133.226976107,373.6191656562344,0.37729106825449416,3356123.678182475,1090.1616596246624,0.5304198824421503,3342781.0521463095,243.1213218335359,0.6589339076469927
Steel,2,4,5000.79,0.016,0.3038820518180728,0.11512474358081819,0.01718250255044673,0.34598889778370046,0.08880497515201569,0.07316824383076616,0.39257912645731013,0.08846585750579834,0.2285022919457836,0.0,0.0,0.0,0.0,0.0,0.0,0.0,0.0,0.0,0.0,0.0,0.0,15635562.740338651,653.2216760437193,0.09604160608228594,13522590.447340785,319.28754979332,0.20134817040859143,12327597.50006515,813.747313534102,0.20865652596954654,15025001.365741981,412.8585226685315,0.26527118213256085
Steel,3,3,5000.79,0.016,1.4392822802066803,0.09598072052001955,0.010397785510695574,0.5606914163200111,0.10616636514663697,0.2670376176262045,0.42032156809376364,0.07044413149356843,0.3899924569317185,0.29298936093830397,0.046205320954322816,0.9915706892773783,0.0,0.0,0.0,0.0,0.0,0.0,0.0,0.0,0.0,46733436.12982771,529.7683665923769,0.14392822945995032,56665942.79076581,548.6421886083353,0.5033686202701046,43731500.80794391,455.6738156034269,1.1802203550652486,0.0,0.0,0.0
Steel,1,3,4999.2,-0.016,1.2830134898424148,0.09469381606578828,0.02932317688322693,0.6811670758408259,0.0989748626947403,1.0716170686691981,0.0,0.0,0.0,0.0,0.0,0.0,0.0,0.0,0.0,0.0,0.0,0.0,0.0,0.0,0.0,48281881.4430903,506.64870737116865,0.26612948895099636,50629123.23493074,477.66503026238576,0.7067595924430884,62435614.63576421,457.0691577404857,1.1469760673554594,0.0,0.0,0.0
Steel,1,3,5000.8,0.016,0.6682113364338875,0.09499105834960939,0.015206146508910591,0.4198356059470201,0.08072549432516098,0.2518097649330628,0.0,0.0,0.0,0.0,0.0,0.0,0.0,0.0,0.0,0.0,0.0,0.0,0.0,0.0,0.0,11878083.785734242,466.67187985844186,0.10664984540285713,12652222.915966596,887.0045516594529,0.32327996713223456,13052948.952805592,599.584902894474,0.5296230798877132,0.0,0.0,0.0
Steel,5,4,5000.81,0.016,1.287598016858101,0.10542334079742433,0.006805677680863343,0.28215528217973435,0.05504726827144622,0.18823128608034795,0.24991736050481808,0.10456122636795044,0.4085947947095539,0.39601240448999214,0.05432868987321854,0.7453415463581107,0.22064027466977412,0.07927567631006241,1.0089372255115068,0.2893957056689902,0.09372372686862947,1.1571609251499921,0.0,0.0,0.0,22229209.209006388,108.29073523360137,0.15737437973870103,26484746.299021654,942.567259986735,0.6195359283718544,25377741.683591805,436.445122845628,0.7763031526085818,18110390.1325734,422.4649605340943,1.1213491018618682
Steel,5,3,5000.82,0.016,1.251499167084694,0.0759396299123764,0.02113265142189872,0.37727786007452785,0.11248996198177338,0.14956031763650166,0.16544150675947938,0.08486855655908586,0.27531392891466444,0.20209615351947582,0.0716955891251564,0.5196131983556798,0.2760981840748729,0.02,0.7341509197216166,0.3204561196724696,0.07095600038766861,0.9855612951037083,0.0,0.0,0.0,29883008.337418307,358.8382807003468,0.18284635368873314,23682885.78866709,496.26110397820764,0.49518632894643,23673137.46721795,346.1689953337933,1.0485843274286673,0.0,0.0,0.0
Steel,2,4,4999.18,-0.016,1.2631215870380401,0.096349609375,0.021709559164296895,0.32070852465155847,0.07654835760593415,0.32360414610805766,0.35391840782081935,0.1226791900396347,0.922998651290013,0.0,0.0,0.0,0.0,0.0,0.0,0.0,0.0,0.0,0.0,0.0,0.0,32755097.19138849,615.9937477533725,0.14747673210262677,27311878.718801547,568.4886806653067,0.19748778475776388,22707344.89623332,222.17777343260303,0.5161436779076598,26634633.59752518,316.6212162667151,1.0235982741940373
Steel,1,2,4999.17,-0.017,0.9173282116651535,0.05829433631896973,0.010839820700454457,0.3401869414568638,0.15,0.4020675598653337,0.0,0.0,0.0,0.0,0.0,0.0,0.0,0.0,0.0,0.0,0.0,0.0,0.0,0.0,0.0,25713206.12734709,464.2457934145641,0.17919263623666565,23034447.978195034,563.1872562993966,0.5488979150318843,0.0,0.0,0.0,0.0,0.0,0.0
Steel,5,3,4999.17,-0.017,1.4696825593709946,0.06254334616661072,0.004355645165304947,0.37068151057054516,0.08787894725799561,0.29471490328756733,0.17324218294587382,0.08388435602188112,0.39190416962275576,0.15289326886331342,0.09676317095756531,0.7854749907306195,0.15908784349050925,0.06803725242614746,1.086162250099847,0.30456359230098995,0.02,1.2256845153981248,0.0,0.0,0.0,22941881.91460471,334.89074254440294,0.16756256462421962,27941393.577679873,272.0959987609673,0.761338397401113,27058706.60017589,397.8594693610732,1.3227143019642125,0.0,0.0,0.0
Steel,1,2,5000.84,0.017,1.3268581569194795,0.09935570991039278,0.03888371579925923,0.26302953669431767,0.06810595542192459,0.9505467308005023,0.0,0.0,0.0,0.0,0.0,0.0,0.0,0.0,0.0,0.0,0.0,0.0,0.0,0.0,0.0,24644933.532113,925.8032847991698,0.26729278724523703,26801402.995975364,272.6617961551863,0.8719965854952886,0.0,0.0,0.0,0.0,0.0,0.0
Steel,4,4,4999.15,-0.017,1.0456015154719354,0.056506587207317355,0.012151969652472212,0.34937341847356884,0.06458674490451813,0.22785879234155143,0.1953697570936782,0.07818870604038239,0.3721124542073869,0.5087357031203579,0.07958957999944687,0.6660141871949343,0.29525008212116854,0.030825528874993326,0.8337494262942808,0.0,0.0,0.0,0.0,0.0,0.0,21430896.26751422,530.859652488809,0.11579801365289003,20227539.140636906,529.9960165075643,0.4997699506636964,21470927.90945309,1033.5695269084008,0.6995614679779206,25576259.116785817,227.46958807285333,0.9410413628791403
Steel,2,4,5000.85,0.017,1.1675941407680512,0.08207277530431749,0.03429903575473119,0.3452938893066602,0.10627890586853028,0.2384936373544512,0.3383442058026382,0.05659008890390396,0.5612593192152003,0.0,0.0,0.0,0.0,0.0,0.0,0.0,0.0,0.0,0.0,0.0,0.0,19460389.932897292,299.9026532475207,0.16077272270964404,21858149.87673859,354.22376137251507,0.638699558245516,28490291.250846248,615.7996658632651,0.7932027569956638,23657366.982008748,283.97959815326016,0.9789995742923864
Steel,1,3,5000.86,0.017,0.4868279919028282,0.07678174161911011,0.008291898280107695,0.24515634434809958,0.1239347118139267,0.290274104244372,0.0,0.0,0.0,0.0,0.0,0.0,0.0,0.0,0.0,0.0,0.0,0.0,0.0,0.0,0.0,5634642.563094963,127.46053806571291,0.10236738682352073,7508393.341986291,212.39680304782144,0.27350205431782904,4857363.0523123825,948.2326758657767,0.42743226410773255,0.0,0.0,0.0
Steel,2,3,5000.87,0.017,1.609167367219925,0.08073662811517716,0.02076207072504563,0.21298793232140925,0.04021813943982125,0.7221655489434822,0.3191612459306081,0.13309592485427857,1.2368608581663416,0.0,0.0,0.0,0.0,0.0,0.0,0.0,0.0,0.0,0.0,0.0,0.0,23478521.168582287,253.00211361830404,0.25312164408362237,19632014.56797587,710.3647062512842,0.9388665891353343,19012491.093749944,840.3362636495066,1.3717402408259998,0.0,0.0,0.0
Steel,2,4,5000.87,0.017,0.7917512506246567,0.09406830298900605,0.02414671492977548,0.27455242733498086,0.046727857738733294,0.45059686723584574,0.6547091292940427,0.1307617509365082,0.5632266907711541,0.0,0.0,0.0,0.0,0.0,0.0,0.0,0.0,0.0,0.0,0.0,0.0,41335805.7488625,219.99291816658874,0.21632459402116538,36441549.25823783,799.510067015008,0.4013292541426456,40222161.50203058,44.99999999999999,0.5078324381782092,31897472.581729867,660.7847688521401,0.6851465459252062
Steel,3,4,4999.12,-0.018,1.2073172986507417,0.049442948371171955,0.01750155370437057,0.3207643095845817,0.06558470696210861,0.391030564515661,0.2663666201284945,0.12435672402381898,0.6264670488436319,0.3561964929675626,0.05653871178627014,0.8721249921342593,0.0,0.0,0.0,0.0,0.0,0.0,0.0,0.0,0.0,31215006.165678598,573.5115712740766,0.15938464282178416,23730653.32756788,596.8595714129782,0.6868986104578616,25453894.035062153,663.547206519981,0.7712073722721262,23796222.43179086,538.347553501779,1.0448673698984121
Steel,2,3,5000.89,0.018,1.2139538139104844,0.10035896503925325,0.02546791768535534,0.22605349644879166,0.10303055942058564,0.21901835674759645,0.317270326656148,0.09564351320266724,0.6269009955081204,0.0,0.0,0.0,0.0,0.0,0.0,0.0,0.0,0.0,0.0,0.0,0.0,17105257.393452834,553.2704303535502,0.17325219778312323,16739281.555912456,940.4063603859179,0.7025282961363396,19621792.558818553,663.1191624002896,0.9825099960757565,0.0,0.0,0.0
Steel,3,3,5000.89,0.018,0.39136495627462864,0.06985172808170319,0.015616978835895117,0.29070095019379727,0.036109728962183,0.06454843417617907,0.24395953586563376,0.038738276213407516,0.18412058911748264,0.40483185391421606,0.09433323979377747,0.27899947646670176,0.0,0.0,0.0,0.0,0.0,0.0,0.0,0.0,0.0,15817696.661149476,183.60651465433384,0.04251472822525748,14851780.741733657,412.11155495093357,0.1428872250866605,17292241.86767606,573.8439445132728,0.33690803255957713,0.0,0.0,0.0
Steel,5,2,4999.1,-0.018,0.6504977069795133,0.09741520929336549,0.008629722020275106,0.1961755353304897,0.12049957752227784,0.07794964746568725,0.25029892868102355,0.10386720716953278,0.2314095534175617,0.24254258870809547,0.10121431767940522,0.38242100215945696,0.2842388916295019,0.07663479328155517,0.5141574797982622,0.20771502140002898,0.0238351409509778,0.5779671102080827,0.0,0.0,0.0,26306082.806058947,540.5797016067911,0.10697789925608031,26476957.944701646,618.6033479002373,0.5633323971589849,0.0,0.0,0.0,0.0,0.0,0.0
Steel,6,4,5000.91,0.018,0.9385167628526688,0.0909568612575531,0.025246481073994586,0.3568596753252391,0.05952672839164734,0.13347960205362258,0.4101181592250096,0.11861820876598358,0.28820032551053154,0.4305261137476472,0.0947979235649109,0.4530136964160571,0.15579243850116958,0.07798212438821793,0.5895816056685894,0.2664789307604332,0.10835605084896088,0.7185999603885451,0.2219865878170281,0.09439990103244782,0.8378895473096968,32513318.183620222,405.5383662143074,0.10825405793482802,31923374.632143162,310.3334023623964,0.2575403838371354,30575839.635890897,914.0123939035989,0.40185207007584955,30745707.56013402,471.32969980681713,0.8016954321171673
Steel,2,4,5000.91,0.018,1.2612287163734437,0.08310190868377687,0.04102020760706235,0.32522121554769434,0.1308526110649109,0.12613287163734438,0.340443013808064,0.022454463727772236,0.24118021209350393,0.0,0.0,0.0,0.0,0.0,0.0,0.0,0.0,0.0,0.0,0.0,0.0,23189911.62703403,831.7235488398707,0.1361338716373444,19129777.44153402,207.0383245543098,0.48201128439693125,19298820.48194557,603.7597431534313,0.5791748076924443,18432692.947645664,672.8956715554249,0.9799072190149777
Steel,6,4,5000.92,0.018,1.8872783213853837,0.0807505807876587,0.023799444215929937,0.23265104994058172,0.11555631697177887,0.3445690031299746,0.22215533474332405,0.0938655185699463,0.5082210759219705,0.328641426709732,0.08264087557792664,0.8805370204186307,0.5472532533205273,0.09488456070423126,1.3555985631707337,0.22822024109488345,0.05257987260818482,1.5169150935816365,0.31011149782281067,0.03396597407758236,1.6985404892468459,72324401.69290596,837.9065641156033,0.20614381710486862,86716153.16565345,480.0526687170328,0.684503286094315,70923064.28191729,1099.9999999999995,0.9962028994819428,66433708.55377654,513.3488318346489,1.688539489246846
Steel,1,4,4999.08,-0.018,1.3087758719921112,0.06324883848428726,0.021276913942907618,0.2968422221089239,0.10718428373336793,0.3129066769822013,0.0,0.0,0.0,0.0,0.0,0.0,0.0,0.0,0.0,0.0,0.0,0.0,0.0,0.0,0.0,15141135.524898095,407.3734928994025,0.19251207044296373,11363251.533275902,683.6315608726509,0.7126432077063348,10529224.594496945,708.6992849229678,0.8463353761332678,10291975.732966905,908.5344708976743,1.0569156768648023
Steel,4,2,4999.07,-0.019,0.7614250168204307,0.08733245885372162,0.03658267556566397,0.25017907862285377,0.07455746620893479,0.17756398883327473,0.23110797461096683,0.08091689258813858,0.3589709053083209,0.2313252172615404,0.08078315556049347,0.5011089969351504,0.3819615268028956,0.11389231204986573,0.6720654606411153,0.0,0.0,0.0,0.0,0.0,0.0,30969350.645159148,640.7284753582088,0.10224097366575753,44098491.1588851,423.0923486760322,0.6306683343081732,0.0,0.0,0.0,0.0,0.0,0.0
Steel,4,3,4999.07,-0.019,0.844936715066433,0.0476830347776413,0.015293606262423974,0.5480621880732908,0.11907293558120728,0.1265928613561574,0.30605344259077644,0.10848845124244691,0.30677837094517196,0.270894754844442,0.046871834546327595,0.4444731622888436,0.5134406730599594,0.15,0.6679553592957604,0.0,0.0,0.0,0.0,0.0,0.0,72328223.46481098,194.69454991830844,0.08449367235158002,78869170.03853516,573.2870742306684,0.4998431888489447,84389020.60591747,1096.0885934489022,0.748000162275532,0.0,0.0,0.0
Steel,1,3,5000.94,0.019,0.6196669943630695,0.07110904288291932,0.028663327549845366,0.2544941050582874,0.05944866120815277,0.3362537432010678,0.0,0.0,0.0,0.0,0.0,0.0,0.0,0.0,0.0,0.0,0.0,0.0,0.0,0.0,0.0,4968093.413719432,541.9538067541613,0.11630297121342764,4681329.490775576,360.59155832944833,0.21476278084137598,5294223.80725168,218.75575964607768,0.44134175613986426,0.0,0.0,0.0
Steel,2,4,5000.96,0.019,0.9639713302254678,0.06400439453125001,0.017449819637412718,0.4079799292283314,0.03566527001559734,0.5030371424052829,0.2275620194116063,0.11160068571567536,0.8117110312362549,0.0,0.0,0.0,0.0,0.0,0.0,0.0,0.0,0.0,0.0,0.0,0.0,6330427.854116124,674.5926169151666,0.2156226003039275,6896978.157120437,715.5100282395989,0.6553780830963793,6186482.873383765,466.3792781198541,0.7258910247298167,6768949.168252796,465.6820231365259,0.8675741962389496
Steel,5,3,4999.04,-0.019,1.5295460551977158,0.0819227872490883,0.026957738902481213,0.5699699239738699,0.10960727989673615,0.21341222911162633,0.2449942943928994,0.05774367004632951,0.35237355443938323,0.43930090816027967,0.05547019481658935,0.44805403002630656,0.32148731559100546,0.07834188044071198,0.8203009182075274,0.284268373318901,0.0990108472108841,1.0921599428028406,0.0,0.0,0.0,78220908.92489485,521.7831849296801,0.19449291685605757,81126986.10635284,511.9166434852321,0.8007222280715419,80082432.0755739,388.32852392906307,1.3459797204741335,0.0,0.0,0.0
Steel,1,4,4999.04,-0.019,1.3998079985380174,0.0876608819961548,0.027545036228387918,0.41157459231926946,0.09263475358486176,0.3278887358581256,0.0,0.0,0.0,0.0,0.0,0.0,0.0,0.0,0.0,0.0,0.0,0.0,0.0,0.0,0.0,16134266.177509313,278.81030855034135,0.16601354576558366,18983235.1576813,622.9579653998122,0.5484773143176715,22097180.244037393,392.2233843204698,0.709918224910971,18494759.484830778,823.0286434761258,1.1105846763397738
Steel,4,4,4999.04,-0.019,1.9136490553617478,0.0703925348520279,0.017466654851008245,0.3653457186184013,0.09017412245273591,0.1913749055361748,0.2509592315763241,0.10332490563392639,0.4206832320004169,0.26690493443607843,0.09660194575786592,0.6206011834970738,0.229462118762193,0.10323548674583435,1.100608819371959,0.0,0.0,0.0,0.0,0.0,0.0,28888379.720682915,138.6283768626732,0.2533738526530389,27079434.127541758,340.2199078141658,0.6697374214370688,31801147.8384601,667.4886107498672,1.0152792835055018,33466602.415931527,514.8201398078364,1.550532822964098
Steel,1,3,5000.96,0.019,0.9199505642056466,0.06422451412677765,0.009473508471561008,0.2969985626979656,0.04469688475131989,0.6223287968001578,0.0,0.0,0.0,0.0,0.0,0.0,0.0,0.0,0.0,0.0,0.0,0.0,0.0,0.0,0.0,7760969.649310675,535.8219567955805,0.1351018709753158,5167426.091166717,812.0478858385778,0.3577074458390886,6691188.542388534,473.3569254583312,0.7512088378258396,0.0,0.0,0.0
Steel,1,4,5000.96,0.019,1.1491958260536195,0.07140940833091736,0.006161216957291003,0.6344657447802715,0.06054566204547883,0.6194753979345426,0.0,0.0,0.0,0.0,0.0,0.0,0.0,0.0,0.0,0.0,0.0,0.0,0.0,0.0,0.0,16055287.150501417,616.1841341389355,0.13581483972725517,17400580.46946509,518.2077706753188,0.516306427251813,12453627.416600693,260.53058832555126,0.7435851515079038,21249917.753492787,151.30258504322296,0.8899153020623969
Steel,3,2,4999.03,-0.019,0.9241326108574868,0.09321654248237611,0.01503694533425049,0.17739761138746313,0.05409614652395249,0.36634777059340184,0.2115708788129123,0.10408284306526185,0.5018122718807341,0.3715154800264916,0.08755459845066071,0.7201540313655395,0.0,0.0,0.0,0.0,0.0,0.0,0.0,0.0,0.0,31117721.728686776,430.17833578430555,0.131185244900893,28106354.240867633,736.1554255209728,0.7863269246366817,0.0,0.0,0.0,0.0,0.0,0.0
Steel,2,2,4999.02,-0.02,1.2170442014932634,0.0719587339758873,0.010785192390702218,0.39848906900277414,0.07204533010721206,0.3565970676251863,0.40641848153031485,0.07349617093801498,0.7655302676919522,0.0,0.0,0.0,0.0,0.0,0.0,0.0,0.0,0.0,0.0,0.0,0.0,95792369.69167013,449.4524402093414,0.18908941065634605,89557905.5046997,651.9361080542418,0.9683575457499363,0.0,0.0,0.0,0.0,0.0,0.0
Steel,4,3,5001.0,0.02,0.620135498046875,0.08148119807243348,0.03512501038799361,0.26496906397892056,0.09054595470428467,0.12139216514861627,0.15879633557160533,0.02,0.22331074286655922,0.2506510825780701,0.07455547094345093,0.2769910116560653,0.36491291253888586,0.11763130009174348,0.46761726023834704,0.0,0.0,0.0,0.0,0.0,0.0,21841801.453734748,723.9556625919272,0.07614503169608156,18687481.531659383,269.4964928105629,0.3130697153827594,17654912.265293587,161.41280960141512,0.530208569173731,0.0,0.0,0.0
Steel,1,4,4999.0,-0.02,0.43079944476485255,0.09473588991165162,0.004120180762772611,0.2935956880865742,0.09077074944972993,0.1664932252192851,0.0,0.0,0.0,0.0,0.0,0.0,0.0,0.0,0.0,0.0,0.0,0.0,0.0,0.0,0.0,6073529.63650946,387.4358922856691,0.06556655373851174,6574699.7129366435,835.2873294787714,0.2110823870735211,6632389.547087036,458.6547735635762,0.3093257746442887,7017604.2545107715,483.1245314431121,0.37682286203053994
Steel,4,2,5001.0,0.02,1.4517845332622528,0.0938696985244751,0.03827623932974292,0.25046143748744093,0.060137527585029604,0.20824185337656426,0.4778234882235456,0.0611674216389656,0.3720056117704784,0.3093768765381596,0.0916196632385254,0.6402254642739694,0.35286248215087496,0.1278977197408676,1.0743297914994185,0.0,0.0,0.0,0.0,0.0,0.0,158077813.83397108,626.2294477059224,0.22470266247320375,162672743.01720014,779.3543042814734,1.2407715951137464,0.0,0.0,0.0,0.0,0.0,0.0
Steel,2,2,4998.99,-0.02,1.1872263610363007,0.059157886981964114,0.009506320498102844,0.22174022522071105,0.10926954925060273,0.23006146795334603,0.2521500409317571,0.11776694715023041,0.7529587138088435,0.0,0.0,0.0,0.0,0.0,0.0,0.0,0.0,0.0,0.0,0.0,0.0,24968574.691122465,549.0669439102621,0.14343675522456537,28382435.69185751,520.3037733822522,0.8995785794249581,0.0,0.0,0.0,0.0,0.0,0.0
Steel,4,3,5001.01,0.02,1.2893970489501954,0.10854430437088014,0.0313246693835077,0.2573837964124931,0.11424836814403534,0.20794873284649668,0.42317279778061795,0.09697892308235169,0.3351518559411659,0.40695099607625485,0.076100612282753,0.43260826675531544,0.2589633264260278,0.06266284793615341,0.8489103880304705,0.0,0.0,0.0,0.0,0.0,0.0,53407726.55067599,858.8952852162272,0.1443709753305665,52771456.91359778,658.4780381347177,0.7364009236539595,32851894.392883748,224.48573161656543,1.0946747850784209,0.0,0.0,0.0
Steel,3,4,4998.96,-0.021,0.9116076976060867,0.0775681992173195,0.019578459747380417,0.39673503161355705,0.07206324487924576,0.3812450740101327,0.2844250417836813,0.05427666574716568,0.6412418796522316,0.27604584118997305,0.1339689987897873,0.819769275410831,0.0,0.0,0.0,0.0,0.0,0.0,0.0,0.0,0.0,25227575.221339013,858.4774576551174,0.16837450931003128,18365220.45131585,835.4843672044823,0.40354850703087314,21014245.14958291,206.38881792472725,0.4574869551814054,18800596.231205363,197.6296878034867,0.809768275410831
Steel,3,2,5001.04,0.021,0.43577538393437865,0.0893231670856476,0.023337935277237903,0.17428539174882732,0.06345585942268371,0.08820853281362837,0.19988985307481788,0.11229379832744599,0.2196647782224414,0.2641616269070396,0.12288927793502809,0.3903327898160213,0.0,0.0,0.0,0.0,0.0,0.0,0.0,0.0,0.0,21105099.599247973,508.9693979943967,0.05030877246712,20342255.452220194,184.352171206726,0.37474724054091413,0.0,0.0,0.0,0.0,0.0,0.0
Steel,4,4,5001.06,0.021,2.0205482810735704,0.09483748161792756,0.02373782677937404,0.2935339829045361,0.11779047966003418,0.7449376020161674,0.3837604798841002,0.06901567250490188,0.9417410248808538,0.22077483325484393,0.12633849143981934,1.2524822117347356,0.33524354600044853,0.08694219529628754,1.7158663399520366,0.0,0.0,0.0,0.0,0.0,0.0,35871298.42900613,347.92008952106005,0.26897406347571934,30773611.076634053,289.2829208010838,0.8411305652671638,36453514.47296831,418.23911583159196,1.4694340573281568,31141811.311084222,333.6657910357975,1.8184934509456652
Steel,4,4,4998.94,-0.021,0.9339905127882958,0.08145229399204255,0.017904025444298543,0.23170122688940545,0.10913213551044465,0.15223369376499496,0.20414019997560562,0.06963397234678269,0.3148825704011211,0.16373340908991682,0.048012425154447556,0.5233895329359175,0.4502419398601082,0.07295306742191315,0.7179218419846495,0.0,0.0,0.0,0.0,0.0,0.0,12821767.536469433,341.23915235381776,0.10249539069148556,12058529.41719103,540.7723300151848,0.325590801948681,16498412.25420374,147.2136818492054,0.5972693640383508,13590172.264166242,523.1430985481115,0.7939786672698357
Steel,2,3,4998.94,-0.021,0.9788549989461899,0.0527058487534523,0.020953527672815324,0.29364290101022195,0.04870026484131813,0.17179142340555326,0.351598035496026,0.06707799851894379,0.6562678764328874,0.0,0.0,0.0,0.0,0.0,0.0,0.0,0.0,0.0,0.0,0.0,0.0,14210740.54376727,569.2371530210324,0.09977459273813788,11968035.245436668,322.3532653903624,0.3224642955480766,12553790.711082308,363.11905716476895,0.8077471908573955,0.0,0.0,0.0
Steel,1,3,5001.08,0.022,0.9799117028713227,0.11329467093944551,0.010299813279642859,0.5047619686161879,0.14158055305480957,0.2558567656075784,0.0,0.0,0.0,0.0,0.0,0.0,0.0,0.0,0.0,0.0,0.0,0.0,0.0,0.0,0.0,34538802.184306204,200.34594887543656,0.12380107429552498,26219555.703319225,425.63961383900914,0.3626328361492294,39748747.05610384,326.47465756081726,0.7531837222545212,0.0,0.0,0.0
Steel,1,3,4998.9,-0.022,1.414761632680893,0.07107481080293655,0.033144611195122006,0.5128255065234815,0.08845160007476807,0.8053310389142087,0.0,0.0,0.0,0.0,0.0,0.0,0.0,0.0,0.0,0.0,0.0,0.0,0.0,0.0,0.0,35220582.68272575,651.1839710175508,0.25734609220376703,31493228.12495485,550.1421151884456,0.617523889751104,32506307.828089923,341.1805156288919,1.0684182386004804,0.0,0.0,0.0
Steel,5,2,4998.88,-0.022,1.0634756684303284,0.10227192425727845,0.03756595410059982,0.27917031044378193,0.07450091689825059,0.14631421494276278,0.28490247567716137,0.07486705780029297,0.3338929298809521,0.2744548235418898,0.0723809415102005,0.4955558541714843,0.49745498368541685,0.07145452618598938,0.6735972900467557,0.3031986111157679,0.08979884982109071,0.897377453717221,0.0,0.0,0.0,86325960.89634809,270.21143743360716,0.1323416079284883,68482222.51043268,86.10845247208694,0.9524880618030915,0.0,0.0,0.0,0.0,0.0,0.0
Steel,6,4,4998.86,-0.023,1.4345931082963943,0.11467431390285493,0.021908589267430136,0.2487100897736039,0.12743842899799346,0.16161028359326704,0.21377930793941696,0.03652613893151284,0.37503516533292297,0.28230210278706436,0.0879449498653412,0.5247805817465032,0.28084824866397157,0.04428799480199814,0.6735829667663367,0.2622051560849632,0.09534844636917116,0.9083650431186465,0.16928249993920497,0.03783872336149216,1.1099038248777713,25216239.22319733,492.72537715701714,0.18291004835435093,34989597.776026465,474.01030945264074,0.7351194889745213,33303081.985211972,110.91366622333501,0.8596361440022634,34995218.09230678,561.726137194334,1.2574203570192113
Steel,2,2,5001.15,0.023,1.3733744114637376,0.1453232274055481,0.0024780467345263406,0.459472398547517,0.09862871706485749,0.2191481720713458,0.2344917616876024,0.09152479708194733,0.7538560678012396,0.0,0.0,0.0,0.0,0.0,0.0,0.0,0.0,0.0,0.0,0.0,0.0,53100023.405562155,234.62004175270403,0.15166730681886145,49615795.407803886,400.93171041613925,1.0919173644030828,0.0,0.0,0.0,0.0,0.0,0.0
Steel,5,3,4998.85,-0.023,1.743051964044571,0.1007860429286957,0.04747249011579154,0.2983495535324192,0.05983189165592194,0.2776837457386679,0.29836292704130835,0.04975345119833946,0.5702205911037199,0.4348896204899408,0.060687453746795655,0.7842203810565531,0.4432156165902423,0.12000252008438111,0.9151556415334737,0.4546811059871088,0.08395475208759308,1.1636359482417549,0.0,0.0,0.0,70082513.15385273,448.0853871794924,0.2090211086766608,74542157.27284871,341.43684924565196,0.8233116967780469,75777304.6981427,510.52667480818775,1.4927174149581244,0.0,0.0,0.0
Steel,3,3,4998.83,-0.023,0.8249353155493736,0.056592161059379587,0.01605502141713983,0.33598770373098324,0.06105753868818284,0.14755945965894812,0.20247238267572287,0.0493115308880806,0.335932401025748,0.22921650941905627,0.10324621081352235,0.511050146641312,0.0,0.0,0.0,0.0,0.0,0.0,0.0,0.0,0.0,15046707.74490722,286.1901874679257,0.11494675857161264,13083469.78784695,478.3978177060638,0.5271616163067174,10909915.100140043,327.6971824330912,0.7295820935607207,0.0,0.0,0.0
Steel,4,4,4998.83,-0.023,1.0131627008318902,0.06637223118543625,0.02967317395261907,0.4199690315480478,0.13240068912506103,0.14298746411133864,0.3379177291701474,0.05350781053304672,0.3549205844428238,0.22335759704379454,0.06498442649841309,0.5540778990631264,0.25069075326829643,0.12109232246875763,0.8317390956748292,0.0,0.0,0.0,0.0,0.0,0.0,44568053.642152525,244.9081959926325,0.15808617672576072,41202181.53307287,243.02133841004067,0.5911264316770808,48600692.58644804,245.967938307255,0.713562223746369,46007957.40432999,425.95339738619316,0.9046861768177251
Steel,6,2,5001.17,0.023,1.2292603075504305,0.11228967225551606,0.021175882587747982,0.22278141580000707,0.03337216757237911,0.24679282534407734,0.2419551874219038,0.07175358355045319,0.39957798438633385,0.431171613629198,0.10225323498249055,0.5567187812830955,0.2748165279650875,0.02,0.7656299633958563,0.31108136331656183,0.12740485429763795,0.8767068742984205,0.3158688141526275,0.1315702247619629,1.070914334344191,84226944.67596865,343.5882557056021,0.18325489630723132,88517485.97049943,763.6206372721647,1.0587617137722893,0.0,0.0,0.0,0.0,0.0,0.0
Steel,6,4,5001.19,0.024,0.9961592838168145,0.08065028828382494,0.01873871617896094,0.18569111879968866,0.09891946017742158,0.12831195126135855,0.2846682870522132,0.055906600058078765,0.21248325231851664,0.2995654841197394,0.10404306948184967,0.38730383335020674,0.2720950233895226,0.09033653318881989,0.5327339013804605,0.27881908214485357,0.14795055627822876,0.6554073411942719,0.4172847258681246,0.11939852416515351,0.8460776851259896,31920070.33921681,293.073948574003,0.11563631320741236,33046580.072684273,395.07359940004574,0.4417120072425781,39085906.85057184,161.63276241576895,0.5665560110750347,33103830.66996742,886.4803228484383,0.8611760162030405
Steel,5,4,5001.19,0.024,0.9254336699843407,0.06816854572296142,0.013165720576603226,0.27184014872608886,0.043705183565616604,0.09769611250202402,0.4680281872227464,0.10751593172550201,0.24141286398938033,0.2922709398599954,0.09437127768993378,0.3803924945699748,0.2424876699720362,0.06485620647668838,0.519347577388381,0.37471339397773357,0.058071846663951876,0.6788939039267228,0.0,0.0,0.0,33615144.656589545,481.82733547345754,0.11657839473889077,35189111.18714252,335.2859194284414,0.461925615165121,38393675.164613985,1099.9999999999995,0.5358094426868512,37844029.4013808,394.65020909201945,0.7928547047967961
Steel,2,4,4998.81,-0.024,0.4183772191405296,0.06318789023160935,0.035029736897551345,0.35494950426899,0.12051519095897675,0.11652489245889237,0.31701184036428576,0.07095386952161789,0.37652949722647666,0.0,0.0,0.0,0.0,0.0,0.0,0.0,0.0,0.0,0.0,0.0,0.0,11228546.576595273,212.28071777525463,0.04661211464175074,12197417.298394615,912.0415375350958,0.13583882300546019,12009358.64495748,313.2905795990995,0.20008567180701428,10805879.426529862,106.07488161152953,0.3526624133776636
Steel,3,3,5001.2,0.024,1.168011562526226,0.10332690203189851,0.02444240734600835,0.4537645853134233,0.043620059341192244,0.17033216759497166,0.19229587326824207,0.07680189192295074,0.5530435950860783,0.33928663952617166,0.07710351020097733,0.8228667089221317,0.0,0.0,0.0,0.0,0.0,0.0,0.0,0.0,0.0,20649853.345076993,747.7769376497835,0.14322466159245095,18314442.007367514,389.83146118853153,0.6399695537245934,22998082.72957484,342.1604583923821,0.9878648389465949,0.0,0.0,0.0
Steel,3,4,4998.78,-0.024,1.1075511276721954,0.11774297928810121,0.03501362859811509,0.46923573400627366,0.12008701860904694,0.2026922294076386,0.40460306828375175,0.1306530147790909,0.5333384067434264,0.33832058212050575,0.04827552318572998,0.7905722698750327,0.0,0.0,0.0,0.0,0.0,0.0,0.0,0.0,0.0,49807314.48067112,900.1501047291548,0.24078532886326764,71580289.77521893,113.52020607009315,0.5984566737040173,48034284.6690711,130.3226508267757,0.6452008189817182,42345602.7955077,659.0342830384902,0.9440580901125684
Steel,2,3,4998.77,-0.025,0.6245592534542084,0.11013601779937746,0.010204787135566565,0.2205785154940322,0.06905472159385681,0.22063559781414038,0.4683500779235056,0.09795295357704163,0.3328906689748634,0.0,0.0,0.0,0.0,0.0,0.0,0.0,0.0,0.0,0.0,0.0,0.0,16695078.336116154,268.47999460396454,0.07377093057369476,18187166.978157975,592.9103317842107,0.1126623505820612,29701152.281224284,342.4397097377523,0.4784742485457436,0.0,0.0,0.0
Steel,2,2,4998.76,-0.025,1.0482065007090569,0.0608762578368187,0.02027175473445209,0.18912233545006693,0.03906616225838661,0.22314479877161136,0.13664281244508986,0.06057845801115036,0.8654982204861003,0.0,0.0,0.0,0.0,0.0,0.0,0.0,0.0,0.0,0.0,0.0,0.0,6264919.350922998,375.0563130523166,0.16084542230196905,5014774.579280446,710.7131543034471,0.831609818313674,0.0,0.0,0.0,0.0,0.0,0.0
Steel,1,3,5001.24,0.025,1.194423371553421,0.05288641673326493,0.017532934691276276,0.14444214341259967,0.10687901973724366,0.5143725504250236,0.0,0.0,0.0,0.0,0.0,0.0,0.0,0.0,0.0,0.0,0.0,0.0,0.0,0.0,0.0,4222510.667313408,473.77746061859807,0.25177967042310845,4825484.792839652,487.9176532887899,0.827219706127046,5807510.455764159,115.7581056746803,0.9955767519769088,0.0,0.0,0.0
Steel,4,3,5001.25,0.025,0.8743577539920807,0.055049389898777015,0.04403951191902161,0.447256014548094,0.15,0.11932656756736387,0.5119395981497122,0.10777795851230622,0.3616884577373808,0.3669138757632203,0.057651422917842865,0.5244823906013384,0.18945087755728046,0.11135001063346864,0.698095691868172,0.0,0.0,0.0,0.0,0.0,0.0,50723715.42736882,223.89258178013583,0.09801789620062765,59590078.322613664,243.0614842921042,0.4140705151152852,68727152.41678225,356.5192421290871,0.7669586577178412,0.0,0.0,0.0
Steel,5,2,4998.75,-0.025,1.0311205476522445,0.06951257276535035,0.027486317258210522,0.2267665791795745,0.03695180460810661,0.20298551104068172,0.20297522490334693,0.05539512634277344,0.3645122599195311,0.3005961677972421,0.09828488826751709,0.6094406664121903,0.21433480679240421,0.050831648111343386,0.715914286085378,0.2861495234388067,0.06057456821203232,0.8418144436805974,0.0,0.0,0.0,147897966.72742307,722.775820279888,0.11515920865688903,169446605.47334868,315.3206803858897,0.8955759186028075,0.0,0.0,0.0,0.0,0.0,0.0
Steel,6,4,5001.25,0.025,1.2778304249048233,0.09486338949203492,0.01442921343985999,0.3668102016262352,0.06233287751674653,0.15123582712056022,0.5032863915773287,0.08304866135120392,0.2956843443339217,0.26965001523076637,0.10301311731338501,0.5007055987196454,0.2751641165625503,0.07902778297662735,0.7080644588843585,0.36175475924211936,0.0625421091914177,0.8423345074534329,0.3197418202812515,0.07986023485660554,1.045144825551723,37185685.29041989,102.50900641802012,0.12778304376831276,32582047.670299023,903.4177230075426,0.4443890595552763,30219964.870939,421.1884984186934,0.7666730775053721,36120766.691206485,808.9865107514405,1.1176238806425296
Steel,4,2,4998.73,-0.025,0.654564467817545,0.08533638876676561,0.011956430251204095,0.26477547361883097,0.10197183668613434,0.14504046236519047,0.3089976905777373,0.11873203575611115,0.2747474575860695,0.2855731975497852,0.023950938507914542,0.42150205429547205,0.4806754763918612,0.07415931969881058,0.5471766485575202,0.0,0.0,0.0,0.0,0.0,0.0,38506623.2347427,648.8847937401312,0.07689917362391598,42443068.70417899,251.3422009219587,0.5326805884786064,0.0,0.0,0.0,0.0,0.0,0.0
Steel,2,4,5001.27,0.025,0.8164884656667709,0.12270009255409242,0.021200263138998348,0.3389766762161921,0.09829645693302155,0.14883028933147402,0.26994410829440146,0.09231060624122621,0.5833900697552784,0.0,0.0,0.0,0.0,0.0,0.0,0.0,0.0,0.0,0.0,0.0,0.0,15380256.993904393,448.07027704415367,0.08576929345101136,16572326.180602258,316.40961422793094,0.3011824916645115,12094242.514657754,867.8156585881593,0.3268616307472657,15478547.134388452,592.4647530156644,0.6638101469016892
Steel,5,4,5001.28,0.026,0.8458854660391808,0.053756002128124244,0.006760712975014479,0.4066815128390416,0.06972548723220826,0.19137733045841937,0.5990377011951965,0.1057349306344986,0.3289578451170408,0.21817993449258058,0.06823411345481872,0.47463375968284455,0.23411042276450822,0.15,0.6016373915896811,0.12219081953613889,0.0632283914089203,0.7323509722210461,0.0,0.0,0.0,35422246.29150044,549.7749718404453,0.12602046026254915,37636255.625897974,625.1097754992641,0.30119546301101063,39587028.44570305,247.57966954543528,0.4856786435097901,40433518.152354166,764.9716441226559,0.7612969185893772
Steel,4,3,5001.28,0.026,1.3457498133182526,0.12441454887390138,0.01585621782619103,0.2902097171083231,0.046195530593395234,0.30851207397558256,0.30051345383981987,0.07413592666387558,0.576306052405154,0.31075794546268903,0.02,0.676937541457226,0.3134221205123265,0.09547474086284638,0.8889955337872463,0.0,0.0,0.0,0.0,0.0,0.0,28351679.810406864,357.1061143455518,0.16659322159907725,26166013.423667915,291.8994406370354,0.862589689804439,23814449.137463927,425.1229594231292,1.1570327178356976,0.0,0.0,0.0
Steel,3,4,4998.72,-0.026,1.0779665052890777,0.11112199819087984,0.02292762829144357,0.272882347233693,0.10742252230644227,0.1277374742766685,0.3536800343532166,0.047123569250106814,0.33588699027792335,0.2395872489739291,0.05912943422794342,0.5800359846271559,0.0,0.0,0.0,0.0,0.0,0.0,0.0,0.0,0.0,16543927.436033757,261.80488300572017,0.14487203062899395,18061641.94691588,409.3607150675018,0.37630868404578843,19615894.066068258,812.2878792036644,0.5006322213042528,17780282.529273268,350.94499574058375,0.9086696028000817
Steel,4,3,4998.72,-0.026,1.2241398751735688,0.10293863093852998,0.012894781847253126,0.4256940033636964,0.10376833498477936,0.23720161655138183,0.38752985438297366,0.15,0.4951983641676029,0.3320509347999912,0.0554473015666008,0.7811778127227353,0.8054201470649626,0.1012558037042618,1.0912862473498603,0.0,0.0,0.0,0.0,0.0,0.0,77034602.09238327,464.6363685210853,0.1960956212300996,69116414.79388912,256.8053134216015,0.754091365635126,85335809.58747691,178.26322324569546,1.101725886432072,0.0,0.0,0.0
Steel,1,3,4998.71,-0.026,1.1218787118792535,0.07657589632272721,0.029245147796327375,0.20413617667614245,0.06259743034839631,1.009680840691328,0.0,0.0,0.0,0.0,0.0,0.0,0.0,0.0,0.0,0.0,0.0,0.0,0.0,0.0,0.0,9683528.519811664,711.0189654702609,0.41904862047842073,9884190.099016936,128.86066843645986,0.8856417107055886,11679347.269744981,734.8946530845707,0.999679840691328,0.0,0.0,0.0
Steel,2,3,4998.71,-0.026,1.2850295305252075,0.09461295235157013,0.030148487375123996,0.15962721122218537,0.13175884902477264,0.4475958111931052,0.27304427368272133,0.09801708102226259,1.0496283575817524,0.0,0.0,0.0,0.0,0.0,0.0,0.0,0.0,0.0,0.0,0.0,0.0,18978520.991776835,497.5269155004296,0.13236606869905773,17894097.58917242,625.6192383610849,0.4325222182014664,16993856.920250963,623.2806381393659,1.1032149166139296,0.0,0.0,0.0
Steel,4,3,5001.31,0.026,0.6009206444025039,0.08129006719589234,0.021707699901149784,0.45931395559853433,0.03064979150891304,0.07783959147790179,0.30142685910412825,0.08676992058753968,0.20437787316830097,0.38012054809325657,0.047886913269758226,0.35571695788367474,0.3342317981852285,0.11288978219032288,0.4981025157046113,0.0,0.0,0.0,0.0,0.0,0.0,22217726.976632327,171.62659982276847,0.08894089401401384,26955547.770923525,701.3033118767066,0.3137964811192089,20510626.667891204,1099.3915697603625,0.4847950987274152,0.0,0.0,0.0
Steel,3,3,5001.34,0.027,0.6334708578884602,0.03729996967315674,0.014397118171944376,0.2664936096195926,0.07366219639778138,0.1442363920454134,0.3742452097586151,0.0892942762374878,0.2999609111009347,0.22611035175453226,0.051287577897310255,0.459891936392583,0.0,0.0,0.0,0.0,0.0,0.0,0.0,0.0,0.0,25949416.831831016,768.247941600166,0.06828523906005154,18921696.55863515,388.4625330310032,0.27387241364358594,26670750.9227186,471.59009597645326,0.5514915834306187,0.0,0.0,0.0
Steel,1,3,4998.6,-0.028,0.9637603312730789,0.13156475818157196,0.0535960976077582,0.31313179515473194,0.05571966111660004,0.6025160566747471,0.0,0.0,0.0,0.0,0.0,0.0,0.0,0.0,0.0,0.0,0.0,0.0,0.0,0.0,0.0,19418498.518387865,575.3035908476327,0.20899649187841035,17855873.543689452,933.8460502538242,0.3204153161042359,17685193.68242067,207.40365114670752,0.7222240175071926,0.0,0.0,0.0
Steel,5,3,4998.6,-0.028,0.7187651857733727,0.06848558920621872,0.01700758161913138,0.2868285213947666,0.04841168165206909,0.1140222735966509,0.17199636272254873,0.05803246825933457,0.23947371897223468,0.2566400342185366,0.07546891123056412,0.3882321395596787,0.25322868409591914,0.06816207855939865,0.5128842181513968,0.2969841568325245,0.0659485000371933,0.5970374737135407,0.0,0.0,0.0,18385188.932951733,386.7657205230668,0.08058496881215402,16632947.429861415,437.0846119080968,0.2841300230917224,16137694.200127093,870.9146272202125,0.6260455648936576,0.0,0.0,0.0
Steel,2,4,4998.59,-0.028,1.3235268324613572,0.09189414906501771,0.027907273881920665,0.19672008254559414,0.032821018099784854,0.5870723980827168,0.25289256693353485,0.1269421696662903,0.8739258021516645,0.0,0.0,0.0,0.0,0.0,0.0,0.0,0.0,0.0,0.0,0.0,0.0,12664209.114725988,965.7475355247167,0.30314574430159064,13112147.398600647,409.2472530263966,0.6082167393523132,11789482.28902331,348.56877070102854,0.649121891423944,9943998.818587737,568.166553501831,1.1373883300901533
Steel,1,2,5001.42,0.028,0.8998642578721047,0.13240995073318482,0.02092345663077382,0.3081067232356567,0.09054314970970155,0.4568230593490602,0.0,0.0,0.0,0.0,0.0,0.0,0.0,0.0,0.0,0.0,0.0,0.0,0.0,0.0,0.0,22202750.130671877,667.6856265207252,0.13215055510826743,21688232.63432454,504.8283020124263,0.6771038794166524,0.0,0.0,0.0,0.0,0.0,0.0
Steel,2,2,5001.42,0.028,0.34897703379392625,0.1171303312778473,0.02273644514486592,0.20433306373156498,0.10064337730407716,0.1108287880181805,0.2933406662433282,0.12260984778404237,0.29137196659892284,0.0,0.0,0.0,0.0,0.0,0.0,0.0,0.0,0.0,0.0,0.0,0.0,15647193.822435476,120.67849160207389,0.06518729230920775,19808492.18375801,227.85423085268806,0.30276746928980236,0.0,0.0,0.0,0.0,0.0,0.0
Steel,3,4,5001.44,0.029,1.3884791135787964,0.09165554440021516,0.01377472480884598,0.33907240328473925,0.07476527214050294,0.5104109711280244,0.3780074177567025,0.025524950176477434,0.8396932412810234,0.5330634387155315,0.07497412413358688,1.2496212022209168,0.0,0.0,0.0,0.0,0.0,0.0,0.0,0.0,0.0,26699632.245338194,133.69807742879163,0.22267417082370905,25778727.769644663,321.30165761237237,0.6112640773137392,39570105.080668,577.6053288707025,0.8604281806211892,31831560.628664874,258.20169587263814,1.2023905434186761
Steel,4,3,4998.56,-0.029,0.8619151011109353,0.06370698720216751,0.029896500023252157,0.24137753125466366,0.08769266307353973,0.14362514649354355,0.28739059946059853,0.024498016573488712,0.2984187528054989,0.24055817478931213,0.1393360149860382,0.5007110904757948,0.4253419850775677,0.08671219348907472,0.6423945453704686,0.0,0.0,0.0,0.0,0.0,0.0,24651942.76289366,587.4629745745937,0.126352434799788,19312506.280308813,1099.9999999999995,0.47456972323528984,24434906.85782131,747.1389586528402,0.743391049018326,0.0,0.0,0.0
Steel,1,4,5001.44,0.029,0.9667405605316163,0.07683558869361878,0.012415903267829716,0.3096771633713777,0.09292448163032532,0.5605210828401506,0.0,0.0,0.0,0.0,0.0,0.0,0.0,0.0,0.0,0.0,0.0,0.0,0.0,0.0,0.0,6931507.653326326,581.241076709743,0.1274947315552496,6454024.531934703,386.82821196416097,0.3164104146031812,8227316.730631283,388.9464158960649,0.48678046621655524,7601250.951533112,257.0757755814249,0.7805305318040547
Steel,2,4,4998.55,-0.029,1.043396033346653,0.0491731713116169,0.03643071420959652,0.3976969308909703,0.07844952017068862,0.25069963247608784,0.20561841998083386,0.06646082997322082,0.8951892725667254,0.0,0.0,0.0,0.0,0.0,0.0,0.0,0.0,0.0,0.0,0.0,0.0,10546838.631113177,1099.9999999999995,0.12094273636191784,12989728.447513651,341.0608031914731,0.3715418604438286,12400675.817494128,172.85166360285604,0.5618782342210007,12210185.35600355,555.7875162450327,0.9144084929091011
Steel,1,2,4998.54,-0.029,0.7840718701481819,0.08292324084043504,0.024008855256913778,0.2593907296351285,0.06813108801841736,0.43586710982691845,0.0,0.0,0.0,0.0,0.0,0.0,0.0,0.0,0.0,0.0,0.0,0.0,0.0,0.0,0.0,12309433.393178381,548.3889767702838,0.10787566188084523,9710340.456491021,244.67677836241114,0.5595051471325059,0.0,0.0,0.0,0.0,0.0,0.0
Steel,2,3,4998.53,-0.029,1.1835831969976427,0.09692444932460786,0.03524278280306736,0.34195432801780756,0.0821882951259613,0.4186302147582307,0.1774891302421908,0.037739723324775695,0.7687907477897296,0.0,0.0,0.0,0.0,0.0,0.0,0.0,0.0,0.0,0.0,0.0,0.0,14454934.08811332,233.2882915733325,0.1785051924030642,13688135.12762336,539.7786099679857,0.6900511652328392,12516710.588570694,880.8318779084019,1.0295521878173948,0.0,0.0,0.0
Steel,3,3,4998.52,-0.03,1.127031783759594,0.10161200559139252,0.02612233385135319,0.3780140510731426,0.08014469772577286,0.14936917521927023,0.2042463672381115,0.05429695546627045,0.5278933933390252,0.2053436034567588,0.07675381183624268,0.8276302402503585,0.0,0.0,0.0,0.0,0.0,0.0,0.0,0.0,0.0,26254894.172037244,292.16333143979796,0.12550187851522532,22551016.949666347,384.2430634327072,0.7930432593464791,19732889.478818323,1099.9999999999995,1.0143286042566029,0.0,0.0,0.0
Steel,1,3,4998.52,-0.03,1.531076142191887,0.07316039890050889,0.011247219755127656,0.4613983744043734,0.08001954615116119,0.63640921752986,0.0,0.0,0.0,0.0,0.0,0.0,0.0,0.0,0.0,0.0,0.0,0.0,0.0,0.0,0.0,40317005.1510631,229.26024546539273,0.1822421026599982,37618745.34872695,731.3438619856388,0.43620044829834337,40387504.6356895,479.88825205676375,1.1097591827836446,0.0,0.0,0.0
Steel,1,3,4998.51,-0.03,0.8987653210759163,0.09970760333538056,0.03558362859763503,0.20376626651599228,0.06724443078041077,0.25261393695423906,0.0,0.0,0.0,0.0,0.0,0.0,0.0,0.0,0.0,0.0,0.0,0.0,0.0,0.0,0.0,7114889.120147244,992.0096896040709,0.10193023261955442,7113012.463653801,465.1826976996907,0.2276538161378555,8617645.236121137,453.67434711404655,0.644320289649071,0.0,0.0,0.0
Steel,4,4,4998.51,-0.03,1.6811684578657151,0.08098334115743638,0.009340551594273723,0.2549456880732517,0.11334922790527345,0.5688733243853205,0.36589039466635753,0.07402104198932648,0.8954046876368671,0.3469824925152732,0.12619717240333558,1.2152981433805352,0.31432943163847027,0.11002370536327363,1.4795257233809027,0.0,0.0,0.0,0.0,0.0,0.0,36222673.45339382,191.34793393040357,0.22226490720211145,37581293.80909826,148.83531958187567,0.7518653103515427,36846166.65514918,663.2235256100688,0.9398231415522241,31868248.29243771,1067.4551877342271,1.4929955992366293
Steel,2,2,5001.5,0.03,0.6423746608197689,0.06997537237405778,0.014561671599460552,0.22933816866215034,0.035124552100896836,0.23470213227123135,0.3264465275549763,0.08783535361289979,0.3959602858739182,0.0,0.0,0.0,0.0,0.0,0.0,0.0,0.0,0.0,0.0,0.0,0.0,14903127.188398024,686.2279797166866,0.10362522076246737,13591756.60784098,830.3805735125198,0.5492978702558426,0.0,0.0,0.0,0.0,0.0,0.0
