material,n_disks,n_bearings,cs1_pred,rel_err_pct,L,OD,ID,d0_OD,d0_W,d0_pos,d1_OD,d1_W,d1_pos,d2_OD,d2_W,d2_pos,d3_OD,d3_W,d3_pos,d4_OD,d4_W,d4_pos,d5_OD,d5_W,d5_pos,b0_K,b0_C,b0_pos,b1_K,b1_C,b1_pos,b2_K,b2_C,b2_pos,b3_K,b3_C,b3_pos,cs1_ross
Steel,1,2,8160.63,0.008,1.0069611951708797,0.0762922216057777,0.0330328024909421,0.4185106462118256,0.0989192819595337,0.6203742956972436,0.0,0.0,0.0,0.0,0.0,0.0,0.0,0.0,0.0,0.0,0.0,0.0,0.0,0.0,0.0,114279881.48242238,402.5881857698859,0.1509995765809176,89763097.66695137,844.4868588892782,0.6314990489115592,0.0,0.0,0.0,0.0,0.0,0.0,8066.176139115681
Steel,3,3,8160.98,0.012,1.2221968322992325,0.0748519604802131,0.0268945127466527,0.4485413544012284,0.0897570693492889,0.133172551576333,0.286995523123965,0.0852476996183395,0.5415107062340261,0.2076149847770997,0.1254218238592147,0.9019870209065598,0.0,0.0,0.0,0.0,0.0,0.0,0.0,0.0,0.0,95668696.74482664,556.1008238725447,0.1607540287954947,107728975.4145884,470.3759342780976,0.7490380235490167,121627610.40294392,500.2919844744716,1.0717057461895432,0.0,0.0,0.0,8039.390442091375
Steel,4,2,8161.97,0.024,0.664991521090269,0.1409604717493057,0.021744742995277,0.2795709228261494,0.1477102255821228,0.121964548244438,0.3582499654590123,0.0667275834083557,0.2884530379382642,0.3305838983989884,0.0794058644771576,0.3986215711856599,0.3096421861496872,0.0573459264636039,0.5454154710108869,0.0,0.0,0.0,0.0,0.0,0.0,119495682.51152654,554.442662771379,0.0924893070084813,101247482.2951825,189.155477270158,0.5564368229112269,0.0,0.0,0.0,0.0,0.0,0.0,8203.675640885993
Steel,3,2,8162.66,0.033,0.903230206668377,0.1121218085289001,0.0351940747145769,0.177865474198384,0.1352006471157074,0.1752466547942576,0.3177843923818098,0.0523542565107345,0.5386928866609247,0.3298190867381074,0.0798164668679237,0.6257492445319927,0.0,0.0,0.0,0.0,0.0,0.0,0.0,0.0,0.0,96091196.72041626,502.0532739150728,0.1059203536492282,75901261.48223722,693.9859774750181,0.704168836063842,0.0,0.0,0.0,0.0,0.0,0.0,8254.779490252053
Steel,3,2,8163.67,0.045,1.3473735183477402,0.1142910788059234,0.0233943215254956,0.2407916805130054,0.047135275453329,0.4112636950504034,0.2131956281770924,0.1409927439689636,0.5894012821105801,0.2544102711232905,0.1068819797039032,0.988106741166446,0.0,0.0,0.0,0.0,0.0,0.0,0.0,0.0,0.0,235188900.19804144,509.4802934422417,0.2152414677869399,236896527.66349235,390.28968447318016,1.1909755912979465,0.0,0.0,0.0,0.0,0.0,0.0,8154.077851451002
Steel,6,2,8164.4,0.054,0.8076641112565994,0.1240991008281707,0.0074396911639699,0.2270843162965087,0.1061293578147888,0.1099234650971281,0.3250224493451249,0.0690366944670677,0.2271460526203075,0.3938747993484291,0.0647758418321609,0.3389891240680449,0.2639499108683982,0.0606807938218116,0.4367579781687221,0.3195932987473329,0.0632951340079307,0.5260301560337726,0.1935467179788793,0.0890347290039062,0.6544293164238728,123740998.73820116,573.124901138102,0.1200556240026019,128565524.6430164,231.2538010698997,0.6834013735682998,0.0,0.0,0.0,0.0,0.0,0.0,8104.679158584718
Steel,1,3,8165.86,0.072,1.6071257442235949,0.0888693349361419,0.0501372854768273,0.3369570180834414,0.0940033817291259,0.3239021514490982,0.0,0.0,0.0,0.0,0.0,0.0,0.0,0.0,0.0,0.0,0.0,0.0,0.0,0.0,0.0,40327198.45738212,235.3979000584808,0.1659641483420464,34806553.97890227,547.452910503552,0.5153320584293892,30471742.3074536,726.4272726780761,1.2061244717917987,0.0,0.0,0.0,8148.198479089316
Steel,4,2,8165.9,0.072,1.0295832931995392,0.0844031170606613,0.0192702949966947,0.1509038277244973,0.1174130219221115,0.1452411240405462,0.2922765340046535,0.0916848289966583,0.355298271156405,0.3078622949972939,0.0350048071146011,0.4893999903785139,0.2529236962204955,0.0697831755876541,0.6831370611003387,0.0,0.0,0.0,0.0,0.0,0.0,147208156.45662072,342.38654182129466,0.1236960584178234,142377302.70865133,149.33505520180393,0.7955848055719189,0.0,0.0,0.0,0.0,0.0,0.0,8111.333243132712
Steel,6,2,8166.38,0.078,1.3675932496786118,0.139514582157135,0.0251774032289845,0.173227085231218,0.0556259456276893,0.2261470149132774,0.2472287982017873,0.0225665266998112,0.2926938693650852,0.2797597024865089,0.0352011470496654,0.3756462826510846,0.4267987974825519,0.0454640372097492,0.6356588215134767,0.1736291118096334,0.1184634536504745,0.8166226011034872,0.2566356006036657,0.15,1.0717573682847008,197751441.8992713,635.4839976049196,0.1550955604731125,181399615.9749347,229.4486219846551,1.1240855005622183,0.0,0.0,0.0,0.0,0.0,0.0,8206.598714521118
Steel,3,4,8166.39,0.078,0.4868341669440269,0.1517324512004852,0.0158874454091128,0.2968515128498497,0.0993684917688369,0.0918490104711785,0.3265348409038581,0.0994602352380752,0.2328808206170969,0.377905628110099,0.15,0.386019841398395,0.0,0.0,0.0,0.0,0.0,0.0,0.0,0.0,0.0,50199982.709212966,372.5277617601968,0.0564368693885024,63454942.09871294,673.2371558276976,0.276292823061164,65552391.88259058,613.1537621037974,0.3107686405351429,53760207.07047321,405.0132384051993,0.4229695453488498,8158.100870272414
Steel,4,3,8167.95,0.097,1.5308274865150453,0.0868687663078308,0.0092467756118207,0.2959374703123241,0.0772432059049606,0.3188911889369875,0.4092847705276028,0.087313175201416,0.6243877890618931,0.29278145841641,0.0983494573831558,0.8015659558640751,0.2187788018333881,0.0355293149501085,1.0849082303365465,0.0,0.0,0.0,0.0,0.0,0.0,118628363.99372946,269.1936273114029,0.2268473237429173,139105656.49433494,228.9823113552485,0.7903836597809368,122874316.83058175,844.5232212703933,1.3046396636645066,0.0,0.0,0.0,8493.722945899377
Steel,3,2,8168.24,0.101,1.2172996938228606,0.1225102989673614,0.0046378673186533,0.2854733538595047,0.1083489763736725,0.2506996828639852,0.2656598615156305,0.15,0.5639847582210185,0.3270708054954348,0.0386107496917247,1.039912402534084,0.0,0.0,0.0,0.0,0.0,0.0,0.0,0.0,0.0,173737917.8849841,495.7988856102299,0.1518501198935223,154941082.4989657,430.6290936747476,1.050195388453528,0.0,0.0,0.0,0.0,0.0,0.0,8260.326342116745
Steel,6,2,8168.59,0.105,0.7074057564139367,0.1184498723745346,0.0090956180027185,0.3391356898418351,0.0652941924333572,0.0755492431272095,0.271264003940334,0.0753703761100769,0.1759717576871062,0.3072077909804407,0.0779638028144836,0.2750894161734029,0.1658045915731661,0.0870274609327316,0.4124357498918165,0.4062519038774916,0.0391227193176746,0.5213308027713869,0.2338906385339258,0.0947133862972259,0.6156930159256927,103867933.27321234,406.8073894149976,0.1098996429577923,123718685.44014496,400.28402512156487,0.6052435190252672,0.0,0.0,0.0,0.0,0.0,0.0,8251.564805756267
Steel,2,3,8169.15,0.112,1.0144342079758646,0.1227786117792129,0.011168037914856,0.143217807323524,0.1284098404645919,0.284548553937522,0.1995459293803809,0.0897808265686035,0.5881251346551162,0.0,0.0,0.0,0.0,0.0,0.0,0.0,0.0,0.0,0.0,0.0,0.0,36767476.015147045,395.1991690528771,0.1327333357090643,35917245.53662263,704.1220417222331,0.4372275253495652,29720633.69968016,146.53429593231505,0.8809483220514562,0.0,0.0,0.0,8168.490297257745
Steel,5,4,8169.19,0.113,1.7659775763750076,0.117664739370346,0.0121024702998262,0.1635069996594425,0.0940942186117172,0.233267048600138,0.1574025964842032,0.1049929863214492,0.6018615867099033,0.2186466470217103,0.1164016354084015,1.0301357544554826,0.4987858084646777,0.0952800959348678,1.2309975449730064,0.2026826296954238,0.093818918466568,1.3625318892285676,0.0,0.0,0.0,91641908.08807804,525.8522280056997,0.1842659248098477,88621689.10358222,212.74712198993183,0.8344593225656954,88374386.74954502,437.56294698098094,1.2503202935982571,106862447.05322964,1069.5880447486436,1.5893798169715292,8208.77023283947
Steel,5,4,8172.44,0.152,0.8393913626670838,0.094434136390686,0.0106716559801294,0.1488524882263165,0.0506396938860416,0.1622946611568314,0.3579544501970405,0.0752439731359481,0.2889109004904745,0.3454371118246924,0.0495209446549415,0.3976265157419438,0.3145628153094779,0.059223064482212,0.5242855340389608,0.1987422285879022,0.1330717647075653,0.6969968877758452,0.0,0.0,0.0,43150493.0680931,654.7785573737281,0.1023355380729562,47755793.250829175,393.0260206634821,0.4785452332834487,55528595.92367032,243.84261294055912,0.5866936135651717,52125296.31728881,531.1106392172344,0.7137730828451322,8083.028169562505
Steel,6,2,8173.0,0.159,0.7659116253256798,0.0939162074327469,0.0267959030704325,0.3013110898280531,0.0310309395194053,0.1155840726854837,0.2485819118661454,0.1044683903455734,0.2147017524417142,0.2365153499917445,0.0636248642206192,0.3358416812070844,0.2742569191015595,0.1071628665924072,0.4489566279461586,0.2553292045019575,0.0819627875089645,0.5551642512673273,0.1551669075755851,0.0634567737579345,0.6622347148758329,106936771.15296166,726.9686153949876,0.0957806144403402,98104779.63783772,342.0429435870512,0.64933991036268,0.0,0.0,0.0,0.0,0.0,0.0,8107.842309658414
Steel,2,3,8173.27,0.163,0.9814378753304482,0.1043890571594238,0.0219221799270094,0.2872666884203131,0.0837264859676361,0.5626076653731822,0.3706716376392445,0.1021002775430679,0.7041136700400435,0.0,0.0,0.0,0.0,0.0,0.0,0.0,0.0,0.0,0.0,0.0,0.0,48529025.80667714,808.2316335875776,0.2041939395640865,54341743.875617824,429.8710219895724,0.4946930414925677,64192379.876708895,423.1374108080344,0.8548714792125736,0.0,0.0,0.0,8169.795342859145
Steel,4,4,8176.26,0.199,1.2894203156232835,0.1123625968694687,0.0244769728804809,0.1697468471711229,0.1085125571489334,0.2524667723770958,0.3498608248247921,0.0639186176657676,0.5724108354010096,0.3476751160007572,0.0472330376505851,0.6846388013163452,0.3064549297484667,0.0871058148145675,0.7695412138061657,0.0,0.0,0.0,0.0,0.0,0.0,42497705.39510942,408.2102429384939,0.148494165154197,57348275.04176681,85.44980894341401,0.5577403537998551,57999280.890324086,356.676113635182,0.8056661735073585,49584504.5060368,392.0151019343626,1.0766231389342673,8348.388326790173
Steel,2,4,8176.53,0.203,0.915220482647419,0.136919156551361,0.0323504001525185,0.1646360982846871,0.0575528800487518,0.4108410484585333,0.1727467853735197,0.0534603929519653,0.501525024386907,0.0,0.0,0.0,0.0,0.0,0.0,0.0,0.0,0.0,0.0,0.0,0.0,28789546.81928297,219.03048219926424,0.1682165990984407,27740235.933194213,76.83129095978428,0.3439932188358665,23502324.97221555,690.7869418631436,0.5293569901913938,21823883.684534896,476.0752767946528,0.7863826152171554,8050.70732850416
Steel,4,2,8176.59,0.203,0.7711208790540696,0.072526278078556,0.0181927792669603,0.1422097119936047,0.0563239321112632,0.1957944793325447,0.2235205189890074,0.1061267775297165,0.3770676605845493,0.3886413773786454,0.0595149505138397,0.55518025997817,0.2150641801600774,0.0325349900126457,0.6349753029009715,0.0,0.0,0.0,0.0,0.0,0.0,115808036.48278108,465.6216074046231,0.1346825740606335,116884657.59468648,175.5474016482114,0.6940087903775417,0.0,0.0,0.0,0.0,0.0,0.0,8158.03910505226
Steel,4,4,8176.62,0.204,1.1595204398036003,0.0852646956443786,0.0231019264394344,0.2567294393395495,0.109103147983551,0.1827656913531982,0.3046139748612722,0.0854407793283462,0.3361984727277646,0.316774170204017,0.0691504749655723,0.5380565056402088,0.5451812696127166,0.1079097312688827,0.8321398330581794,0.0,0.0,0.0,0.0,0.0,0.0,102926286.71449769,523.9454543964362,0.129827507683974,128445147.35783878,925.8636102535588,0.4449838318667916,92781861.1151027,440.3896817955025,0.6460012215900204,108904211.60488084,427.4903580447327,0.9998394919880756,8070.032583873945
Steel,1,2,8176.84,0.206,1.1733900785446167,0.1150499061346054,0.0462912857650656,0.3680320031050594,0.1082809668779373,0.8327265470979377,0.0,0.0,0.0,0.0,0.0,0.0,0.0,0.0,0.0,0.0,0.0,0.0,0.0,0.0,0.0,85792478.34863733,253.57453326812157,0.3424850452929113,72093716.2031528,249.33237072424265,0.9966616472667772,0.0,0.0,0.0,0.0,0.0,0.0,8063.0376158832805
Steel,4,2,8179.3,0.237,1.0780172288417815,0.1017567291259765,0.0112230655561243,0.3414015126635319,0.0372713454067707,0.1175132868127776,0.1729535014753762,0.0734472849965095,0.1988518041741693,0.3506488062219052,0.1277984678745269,0.3418103825589292,0.1830899590824915,0.1171709710359573,0.5914552021982824,0.0,0.0,0.0,0.0,0.0,0.0,276965929.77280426,559.2928575882099,0.1275142868127776,209052637.32470635,229.55404223492016,0.9054434264942596,0.0,0.0,0.0,0.0,0.0,0.0,8396.874254000777
Steel,4,3,8180.2,0.248,1.1750743210315706,0.1042085907459259,0.0171795050730799,0.2945963502891867,0.0753401526808738,0.2546296143068017,0.2892178446585547,0.1082403177022934,0.469561699027621,0.3260846640954677,0.0935446411371231,0.5827174574061051,0.1929763196086237,0.1012319922447204,0.8479624073451808,0.0,0.0,0.0,0.0,0.0,0.0,83312443.55890884,235.1988586163841,0.184839585290056,85559407.93531385,588.7506110450317,0.6191617829809002,92847774.46209714,720.3411994598541,1.0373921222672968,0.0,0.0,0.0,8375.436734839588
Steel,1,2,8181.12,0.259,1.3744587928056715,0.1368840230703354,0.0103089164168489,0.2290823119017734,0.1370479995012283,0.6462417310887216,0.0,0.0,0.0,0.0,0.0,0.0,0.0,0.0,0.0,0.0,0.0,0.0,0.0,0.0,0.0,92983716.3864452,919.7986070921608,0.3484544241332026,94514305.1570001,343.9876663777188,0.9910426154631908,0.0,0.0,0.0,0.0,0.0,0.0,8195.370224676313
Steel,1,4,8183.42,0.287,1.3793454557657243,0.104504377245903,0.0147756486691361,0.2529005614679497,0.0965761119127273,0.6473441421151654,0.0,0.0,0.0,0.0,0.0,0.0,0.0,0.0,0.0,0.0,0.0,0.0,0.0,0.0,0.0,51681245.57957469,961.869925588548,0.223714722464375,65004983.108843535,788.6783901705109,0.5404370552660844,67474560.5471313,380.38976197549965,0.5215631297070531,61214877.94941901,171.44513806934737,0.9572411983802076,8203.880534014239
Steel,5,2,8183.64,0.29,0.9746242135763168,0.1048960423469543,0.0215600720072801,0.1819302686590513,0.0620454701781272,0.1471001802775085,0.4644717866455923,0.0465477491915226,0.2769988896901415,0.2111786252099338,0.0636139696836471,0.4417473335436121,0.3855330651823281,0.0522543150186538,0.5922721567470665,0.2149525545554326,0.033633749783039,0.7195797436035568,0.0,0.0,0.0,124577648.1923608,535.9689794309602,0.1128695237319882,121235899.82200246,261.44360815177606,0.8126794203646088,0.0,0.0,0.0,0.0,0.0,0.0,8190.375661859064
Steel,6,4,8183.72,0.291,0.9897555455565452,0.0962191051244735,0.0081414804507503,0.4865797512520315,0.0696486559510231,0.1278960731321511,0.4176076285442947,0.095950094461441,0.2401290512885432,0.3997346585378008,0.1051783716678619,0.412181509701782,0.2707624455742132,0.1104600834846496,0.5633871322465599,0.2441515325856825,0.1253223550319671,0.698574404136247,0.2462661017972801,0.0734710344672203,0.8431048630127751,113492482.61765663,433.2159568882911,0.1096659497009811,145184533.37026528,831.9308408131733,0.4244171783951283,136877090.64349592,390.611862617783,0.5790167115612026,138511400.36242107,360.3518747758229,0.867214161082015,8318.762525184204
Steel,6,2,8183.72,0.291,1.1008993953466415,0.1010181304216385,0.0039491569792634,0.2554247450403392,0.1490172833204269,0.1965810990331941,0.238035320536121,0.0255879739299416,0.3156768549261778,0.2178677689382595,0.0275329219177365,0.3964666093341385,0.1541408183926337,0.0473400516808033,0.4510957106904174,0.2779374892630352,0.1152511537075042,0.7021329413400293,0.2764725970713456,0.0463235530257225,0.9107857642141228,161655720.9937208,470.7283476726456,0.1534215030610807,192669164.6706011,1099.9999999999995,0.9816158263597504,0.0,0.0,0.0,0.0,0.0,0.0,8018.554375430359
Steel,3,3,8183.81,0.292,1.3347586810588836,0.126339662194252,0.0419947820269401,0.2069019996996113,0.077241803407669,0.319392294060395,0.2382445368230172,0.054830125272274,0.6831460034750317,0.4050240088051041,0.0340994902700185,0.9742222733229008,0.0,0.0,0.0,0.0,0.0,0.0,0.0,0.0,0.0,49613250.31473423,410.4819731616778,0.1668897966723295,46087353.64537202,427.4886476892696,0.7535773226417317,54248493.66698483,154.48893164288228,1.2012828116182366,0.0,0.0,0.0,8135.15139732418
Steel,1,4,8184.84,0.304,1.126090255379677,0.0875138182044029,0.0112266884924047,0.4067433246863738,0.0786359399557113,0.9019517590854246,0.0,0.0,0.0,0.0,0.0,0.0,0.0,0.0,0.0,0.0,0.0,0.0,0.0,0.0,0.0,45171933.02224109,679.2520674356623,0.4051289158223674,38222504.2016412,583.6802085074153,0.6331319555067025,47348075.42397937,145.41839350849094,0.7737092528213442,55925224.58083841,203.24090469212172,0.9945437965339644,8123.818593006515
Steel,2,3,8184.96,0.306,1.1060769468545917,0.0384921360313892,0.0113711621638444,0.287953806835613,0.1119204008579254,0.2596794137685375,0.1811903633155686,0.0513338777422904,0.6521454987811094,0.0,0.0,0.0,0.0,0.0,0.0,0.0,0.0,0.0,0.0,0.0,0.0,88327546.9307949,522.8108064582551,0.1956859518007183,119135073.4183462,959.8957226851364,0.6844428899198556,88746666.74540111,122.9455030208355,0.8663183877839653,0.0,0.0,0.0,8187.2719047003875
Steel,2,3,8185.39,0.311,0.9603857815265656,0.071276987016201,0.0188680129681292,0.3598471697261581,0.1214744991064071,0.3375791533179645,0.3804057740597016,0.0735205325484275,0.7890521315490092,0.0,0.0,0.0,0.0,0.0,0.0,0.0,0.0,0.0,0.0,0.0,0.0,114641012.71328796,476.006801647386,0.1721180242046884,126672834.08769242,568.9884200374389,0.7169760554448942,127312981.45503072,580.1728809972587,0.8643472024135233,0.0,0.0,0.0,8067.019353521645
Steel,2,3,8186.81,0.329,0.8985013380646706,0.1175193302631378,0.0389446947174384,0.271545989970921,0.0579068130254745,0.2817144539587561,0.3319829063917334,0.0907730275392532,0.6735599212510275,0.0,0.0,0.0,0.0,0.0,0.0,0.0,0.0,0.0,0.0,0.0,0.0,52434175.72959923,479.23963963108565,0.1014775194316438,41349539.94508121,701.7803375230969,0.5305238822194847,37379758.264680274,505.04013507293087,0.7742123546957072,0.0,0.0,0.0,8083.202511779042
Steel,6,2,8187.17,0.333,0.953692863881588,0.1074349039793014,0.0260256059916557,0.3194620364592833,0.0699920159578323,0.1634226854976474,0.2789569936554994,0.053899684548378,0.3315000712084226,0.4239905131029209,0.0836875453591346,0.4486358830457744,0.2696922076179303,0.0691648176312446,0.5755214911731179,0.1933465531375819,0.0581179818511009,0.6801924870391478,0.3289420104789645,0.0713903522491455,0.8044987971535613,263902621.93025768,811.9451637410684,0.1340474915671846,212501480.9832849,687.4869873316329,0.8302072489238401,0.0,0.0,0.0,0.0,0.0,0.0,8194.280400704445
Steel,6,4,8188.02,0.343,1.00362705886364,0.1372968647480011,0.0090985613894971,0.2850648990532829,0.0948860639333725,0.1322353376904432,0.2747212380486487,0.1101158595085144,0.2650051133757511,0.3210243082906225,0.1186917662620544,0.4241807381600991,0.5991899243014672,0.0319361352920532,0.5726540161827371,0.2765700754729484,0.0592971101403236,0.7666486947259374,0.1696984037489023,0.1219041901826858,0.8854129461997932,73924726.2881818,779.4585462784592,0.1101571619720186,85863301.09164007,636.0626251897128,0.3420079980502445,78816446.74393764,906.2904812619898,0.3762483564146383,95559898.15028322,394.7131472535448,0.9009377050476642,8420.566492936734
Steel,3,3,8188.29,0.347,1.559061759710312,0.1071462271213531,0.0158382341887867,0.2643992841868107,0.1159204393625259,0.3780132730015765,0.1957369151105341,0.112267073392868,0.7849537000303464,0.2739683413317779,0.097574325799942,1.1874384785435992,0.0,0.0,0.0,0.0,0.0,0.0,0.0,0.0,0.0,82655828.71199079,526.7438334765542,0.2017260805668,96829073.26080357,335.58519747281514,1.0253228506466918,81856929.51950519,1099.9999999999995,1.3717118170934477,0.0,0.0,0.0,8173.511529076077
Steel,4,4,8189.36,0.36,1.133380112051964,0.1158349545001983,0.0252659489785529,0.3410694974462894,0.0823907622694969,0.1680574453318887,0.1994153168068239,0.1281720513105392,0.4225359731128538,0.2616049928543603,0.0933864378929138,0.5621301399272531,0.2255668170801967,0.0810821858048439,0.9710106629372206,0.0,0.0,0.0,0.0,0.0,0.0,60687715.50528907,416.626339578273,0.1248316996075654,57099325.76423354,248.6289440789256,0.5112961996288294,59787100.84072749,440.4498445322223,0.773791473119674,57107208.48145071,442.4215410333632,1.0200420997133874,8204.353109453321
Steel,1,3,8189.5,0.362,1.593584981560707,0.095241038441658,0.0259696729751392,0.4817588819025704,0.1407502591609954,0.5256339841141926,0.0,0.0,0.0,0.0,0.0,0.0,0.0,0.0,0.0,0.0,0.0,0.0,0.0,0.0,0.0,269002388.9496344,217.59786789774128,0.2591315051637872,237589727.0471369,506.3973170637392,0.8203536715483408,243647268.7577314,442.120642537797,1.147526909099361,0.0,0.0,0.0,8128.727840102518
Steel,6,4,8189.64,0.363,1.0686975479125975,0.0710577307343483,0.0083861194342699,0.2919850646118435,0.0658987811207771,0.1542624290325112,0.3111802504775901,0.0469812215864658,0.4117775680558514,0.1233969036684775,0.074424275457859,0.4903206299075083,0.5159696914128165,0.0659055224061012,0.566556030805271,0.2350138278371441,0.0980614030361175,0.7168600768735489,0.1817888088464825,0.0433037555217742,0.8750895958626775,65928947.95303318,724.5597648942419,0.1314073738756802,56276827.786420375,502.1742875465505,0.5092393525232632,77551789.43644592,1058.6737021248243,0.6190263073843545,64758826.35382165,158.25843941052312,0.9357127829392172,8698.062011157223
Steel,5,4,8190.27,0.371,0.8923015415668488,0.1386080604791641,0.0197103461935411,0.296120984507584,0.1021292960643768,0.1200934042034013,0.3151773119438072,0.0787163046002388,0.335039431550591,0.2609109586607622,0.0442936493456363,0.4730849646873688,0.217354732898337,0.0987322384119033,0.6070287293259943,0.2308514593817994,0.07172786206007,0.7266912029748872,0.0,0.0,0.0,62278597.780349135,578.6670333192368,0.0991107673827528,56691245.57941864,426.8348977044476,0.2084899532442525,62088178.39896789,893.2361385352785,0.2660051519138042,67442337.18772703,218.7403812080715,0.7721116413658277,8377.873942841814
Steel,4,3,8190.46,0.373,1.2977980822324753,0.1284674003124237,0.025122715361176,0.3998527865236435,0.0943106681108474,0.243950132709097,0.3280305862293558,0.0728509795665741,0.588301216984665,0.2032340523031713,0.1133740389347076,0.8127706122113714,0.2430830732826719,0.0384466497600078,1.0444616913418734,0.0,0.0,0.0,0.0,0.0,0.0,90582510.5431875,355.7859403545328,0.1720542943871633,96817192.27711488,707.7439756177998,0.6794148621457069,99741890.66212046,1099.9999999999995,1.119801912709916,0.0,0.0,0.0,8183.826087631744
Steel,3,3,8191.93,0.391,0.6149032257497311,0.1164916653633117,0.0321680759148193,0.2443831973493458,0.0771213668584823,0.1325417383060593,0.2633189528065723,0.1098778533935547,0.307882002695873,0.3261275657654589,0.0840365463495254,0.4580640695647963,0.0,0.0,0.0,0.0,0.0,0.0,0.0,0.0,0.0,45931691.39387779,403.2936112145029,0.0830278706612827,49559581.92396237,468.8499204178988,0.4086542239766139,36685206.30167805,330.45168936694824,0.5486201606062189,0.0,0.0,0.0,8165.424421421972
Steel,2,4,8192.44,0.398,0.507627046853304,0.0764643934369087,0.0165904126281169,0.2531620347617532,0.0758514869213104,0.1016360872693822,0.1764780999330733,0.1003356724977493,0.2030276928442592,0.0,0.0,0.0,0.0,0.0,0.0,0.0,0.0,0.0,0.0,0.0,0.0,21640774.407814503,506.5410912566065,0.062548896623525,13659121.47047116,328.9673401156879,0.2282776955272849,17570855.235247876,339.9674672577151,0.3173168882211624,15517629.515227566,418.2924272297399,0.4235909822426141,8181.0313556229385
Steel,3,3,8193.54,0.411,1.3650322616100312,0.076023874938488,0.0212643809668687,0.3819097884683667,0.02,0.3399563233294416,0.252478632727393,0.1162868630886077,0.67567087786692,0.2910488552500555,0.0875349479913711,1.187651176479236,0.0,0.0,0.0,0.0,0.0,0.0,0.0,0.0,0.0,51242297.46501343,796.6914352139457,0.1694031824353393,45083315.50105644,806.608419576196,0.739373509878711,54962866.73116363,513.2591538981419,1.159676033018168,0.0,0.0,0.0,8375.700130326384
Steel,2,2,8194.09,0.418,1.200615394115448,0.1135670717954635,0.0127972301411491,0.4357385388105996,0.0686692827939987,0.4934931843471623,0.2836837045071987,0.0561189815402031,0.8528833631365719,0.0,0.0,0.0,0.0,0.0,0.0,0.0,0.0,0.0,0.0,0.0,0.0,116954917.5255898,823.3496834499504,0.2556440139315322,101118658.59431948,688.1816648466728,1.0295233976918037,0.0,0.0,0.0,0.0,0.0,0.0,8243.453095477853
Steel,3,3,8196.96,0.453,1.4985501050949095,0.1232831170558929,0.0157198731301832,0.2376688632075404,0.1015561473369598,0.2740449369465603,0.2387596817693324,0.0528991693258285,0.5703561952490329,0.2743359585175334,0.0604031419754028,0.6361256833034148,0.0,0.0,0.0,0.0,0.0,0.0,0.0,0.0,0.0,74858294.65028146,331.942420012109,0.2426349023533809,68943884.27146395,466.474006951795,0.8632354096606775,78498694.90281305,618.8802550034592,1.2551776848195493,0.0,0.0,0.0,8196.948569157374
Steel,5,3,8197.33,0.457,1.4916500478982926,0.1039521950483322,0.022550593445333,0.2578010435820031,0.0646333992481231,0.3559555692135783,0.5029582037515703,0.0690048477053642,0.4975265881697012,0.3483067007583293,0.1055069202184677,0.7037781888070533,0.2585977926732423,0.1119863259792327,0.959091675644272,0.4240981408633654,0.0737688636779785,1.152530102656006,0.0,0.0,0.0,238455674.04156876,481.616062885898,0.2151284250319263,300341180.4873168,728.4956824344621,0.9087933661665732,287592755.8176961,380.9290459329669,1.2942530903542973,0.0,0.0,0.0,8231.545021216241
Steel,4,2,8197.4,0.458,0.5523855924606323,0.103031276345253,0.0118317463214136,0.2742287926834193,0.0245072073861956,0.0960903014908996,0.2162295127006006,0.1203329205513,0.2116252211063426,0.3630611258027965,0.0947590100765228,0.3991625432446268,0.2746239653319603,0.0361708702892065,0.4728593674484944,0.0,0.0,0.0,0.0,0.0,0.0,57002030.28610197,558.5872581296359,0.0711308697094913,80772252.80490313,373.9216695990772,0.4859648368698004,0.0,0.0,0.0,0.0,0.0,0.0,8218.60436878437
Steel,4,3,8197.44,0.459,1.1774498373270037,0.1133533170223236,0.0118254896329881,0.1885223065586817,0.0655876165628433,0.2824097055677197,0.3710826806259679,0.0862510198354721,0.5530778300744232,0.2116679748032103,0.1004114538431167,0.8285491601618565,0.3178998445880168,0.0787074944376945,1.0163299427502113,0.0,0.0,0.0,0.0,0.0,0.0,91858516.76070233,702.4815614505538,0.1427256430749809,70316433.43013242,415.5041298555437,0.7867140425285669,81422663.3110635,216.79405696478597,1.0597048524168533,0.0,0.0,0.0,8191.750753221974
Steel,2,3,8197.47,0.459,1.459681198000908,0.1368103197813034,0.0218530283811834,0.2023107059971871,0.1264855521917343,0.4590915246731829,0.2166717167855738,0.1040914440155029,0.8573884661243407,0.0,0.0,0.0,0.0,0.0,0.0,0.0,0.0,0.0,0.0,0.0,0.0,84599151.88289845,330.7080270213151,0.2340227649739426,64342008.99484414,332.5525680255856,1.0513778508766691,65079306.56262246,447.06110201991305,1.2853996957732674,0.0,0.0,0.0,8269.155746918248
Steel,1,2,8198.64,0.474,0.5006957285106182,0.0738606647849083,0.0144442683987805,0.3264147001596804,0.0619517856836318,0.1327887811392672,0.0,0.0,0.0,0.0,0.0,0.0,0.0,0.0,0.0,0.0,0.0,0.0,0.0,0.0,0.0,22836660.580803767,251.09513576403864,0.0689668056993159,28010189.20976825,384.31547115291625,0.3426585142798888,0.0,0.0,0.0,0.0,0.0,0.0,8154.975804710877
Steel,4,2,8198.96,0.477,1.0971819102764129,0.1069027557373047,0.0346834131704072,0.2688117569698699,0.0361429317295551,0.2378233582209422,0.2591917233045351,0.0996659606695175,0.5056017561290833,0.2732583918100276,0.1088497453927993,0.7356595201138653,0.1662586572640768,0.105712296962738,0.9130795420026192,0.0,0.0,0.0,0.0,0.0,0.0,178263412.72952804,485.7823464433955,0.1222607908631918,188793084.97513357,388.5942192463778,0.9600130094267028,0.0,0.0,0.0,0.0,0.0,0.0,8221.367455375677
Steel,3,4,8199.2,0.48,1.3531231433153152,0.0870194780230522,0.0118076195662304,0.2747420469388516,0.0381376625597476,0.458880585369611,0.2142513515802522,0.15,0.841958031412382,0.2556869228615906,0.1465821993350982,1.1091712902747315,0.0,0.0,0.0,0.0,0.0,0.0,0.0,0.0,0.0,87885016.76544246,122.11827037380152,0.2566760531313822,71862736.21227615,795.2821356711743,0.4898205881757506,73053609.52924876,720.2985191654127,0.5380480168936823,81171959.68976681,404.1409219743126,1.173390643856825,8370.975920563631
Steel,2,2,8199.93,0.489,1.1184496343135837,0.0933131912946701,0.0354460475657114,0.2389068667217231,0.1104233163595199,0.4956268084564915,0.3364185682036046,0.068563762307167,0.6075989444495379,0.0,0.0,0.0,0.0,0.0,0.0,0.0,0.0,0.0,0.0,0.0,0.0,136008742.7105482,526.9437795303877,0.2058421662057186,132403255.25175308,308.25329725604774,0.9004489264022579,0.0,0.0,0.0,0.0,0.0,0.0,8249.710526597088
Steel,2,4,8200.52,0.497,1.2293710172176362,0.0670653916597366,0.0026298911595476,0.2214973317192796,0.0956600254774093,0.2716129735928058,0.3336846978412083,0.0670614010095596,0.5488389265175453,0.0,0.0,0.0,0.0,0.0,0.0,0.0,0.0,0.0,0.0,0.0,0.0,31849850.22072408,311.6334949296464,0.1437254866284841,39130923.77535952,642.4089194607456,0.6042646094797035,31379946.104212377,298.3337733322502,0.7671100512677822,40300758.46840063,967.1137414111956,0.9859587901794588,8009.701059843492
Steel,4,3,8201.7,0.511,0.8325589552521706,0.070698490679264,0.0324222098487088,0.2721521321321429,0.0627423602342605,0.1450617626108753,0.1781469702433382,0.0913021486997604,0.2920028239344724,0.3338498885426308,0.0777375397086143,0.4353320462171933,0.1959760455156458,0.0762306958436966,0.567281019129238,0.0,0.0,0.0,0.0,0.0,0.0,44103852.22784433,529.3848640215131,0.0924934213658061,46545300.74216725,573.463824155052,0.314137840818581,47598074.57451519,722.7603976429922,0.703228160986648,0.0,0.0,0.0,8159.784125207201
Steel,5,3,8202.61,0.522,1.306044739484787,0.0862510823011398,0.0380465454751632,0.325476142292893,0.0601245254278183,0.185423911551653,0.3440105906695508,0.0230489545315504,0.350625575524979,0.4762150186627698,0.0770076948404312,0.6151401744863445,0.3300750612731503,0.1057278561592102,0.8747722679703055,0.2056740444854855,0.0889061641693115,1.0116678284002223,0.0,0.0,0.0,195388727.80359265,778.0730599100701,0.1461781996176557,217051107.3807313,655.3750029690158,0.5121437140188312,194369057.56658044,413.1343110203301,1.1138400954143135,0.0,0.0,0.0,8555.503789358974
Steel,2,2,8202.8,0.525,1.495785450935364,0.1336701855659485,0.0253248645529711,0.2264751530408751,0.0718755659461021,0.2428406190395248,0.3917818161374476,0.0738200587034225,0.5193291935031655,0.0,0.0,0.0,0.0,0.0,0.0,0.0,0.0,0.0,0.0,0.0,0.0,120608101.32566316,351.6802461658175,0.2537982003371286,146393495.97316822,990.5128207689776,1.1942089913676317,0.0,0.0,0.0,0.0,0.0,0.0,8195.522284917242
Steel,5,3,8203.28,0.53,1.085609993338585,0.0966260305643081,0.0203650645244394,0.4465037632176115,0.0499205324053764,0.139101414935999,0.2010516527569905,0.0362079522013664,0.2865048728885306,0.3219457763880565,0.0920372587442398,0.5449296778644539,0.4063468833777958,0.0631699088215828,0.7182483530771631,0.3011060397638458,0.0823437863588333,0.8322277389886098,0.0,0.0,0.0,109963877.56927998,183.602894177408,0.1116625989896854,94924591.62361732,650.1053855098835,0.5305793325715327,73950997.44118597,220.79056393050996,0.9340157767873348,0.0,0.0,0.0,8315.875056476554
Steel,6,4,8204.1,0.54,0.9653199702501296,0.0995783940553665,0.0206393279819548,0.2479887638334623,0.0756843882799148,0.1379944996347321,0.4388362052464644,0.0831618374586105,0.319915099763263,0.3725155529386533,0.106807399392128,0.5477359356041773,0.2004132333077497,0.091879853606224,0.6510006023133229,0.3866600259480109,0.02,0.7155675052810234,0.2596002033150269,0.02,0.7461229701185003,53125635.849776536,305.8468813262753,0.1042699346093019,85713949.17008078,188.4837893616246,0.3686697952588875,48359162.2826066,437.934077178713,0.5310605279685277,85254659.44471002,431.36935275142486,0.8577472328653205,8228.105251436149
Steel,2,4,8204.5,0.545,1.224984973669052,0.0581173951029777,0.0233301819341529,0.1812074124888915,0.0732857149839401,0.4035375502522184,0.2255258103165718,0.0466923575103283,0.7685782611963631,0.0,0.0,0.0,0.0,0.0,0.0,0.0,0.0,0.0,0.0,0.0,0.0,22499440.505761992,630.8737662006376,0.1332472245471991,17092693.999025717,353.33472701243846,0.2380236668222893,17891464.328970812,379.3746984557749,0.4582778104792648,17526357.90498083,848.4647611589506,0.9854954204374043,8204.479048266301
Steel,4,3,8206.01,0.564,1.093553687632084,0.0930834144353866,0.013383000371538,0.2422865839019431,0.0423265597224235,0.193412236965017,0.1690008625802847,0.1174397313594818,0.4272024794054068,0.3950541991460352,0.0661600136756897,0.6552470362374658,0.2051711305924154,0.0669904935359954,0.8524378058420111,0.0,0.0,0.0,0.0,0.0,0.0,90473390.536699,256.3594896473375,0.1160830635864774,81619840.60575137,147.47986593923744,0.7916717212291973,77839749.95225465,201.41063830769545,0.955561788914784,0.0,0.0,0.0,8314.431629712868
Steel,5,3,8206.6,0.571,0.9141634479165076,0.0810358932614326,0.0205137967171631,0.4093385321181784,0.0436362713575363,0.1488154731541874,0.2441721201957499,0.1036501532793045,0.2327276354540005,0.370624602137821,0.0928303360939026,0.3958113963781589,0.2482735897368725,0.122199380993843,0.6137353519549709,0.3373557016972456,0.0677518209815025,0.7773870723712942,0.0,0.0,0.0,158654325.37426347,299.3911371380519,0.0951127212090733,101878359.6016259,95.51170941129448,0.3109362484264658,85429252.1246033,286.44989917823204,0.7671771503035666,0.0,0.0,0.0,8334.695597432332
Steel,5,4,8206.84,0.574,1.1085797131061554,0.0911410602331161,0.0237522884722157,0.2892010746833,0.1039638322591781,0.2089048287783927,0.1980600026361945,0.089442491531372,0.4973230909257485,0.2612700872704618,0.1001164412498474,0.6509763028198755,0.2488944630930142,0.093950970172882,0.789703626425561,0.2617000370338818,0.0763856136798858,0.9609638161687826,0.0,0.0,0.0,65706952.307885095,726.8536674937097,0.1326261968750107,59143314.723849066,459.7804238400184,0.4566068424968463,54191337.60737862,934.6575252301752,0.6084244547708528,45310715.128132336,508.3577938573412,0.986731819667179,8263.127974605333
Steel,4,2,8207.38,0.581,0.5838360145688057,0.0901532855033874,0.0299072893612443,0.379857118608166,0.041443703174591,0.0898523643722347,0.4945331984963918,0.1442394787073135,0.2085930441885621,0.2813897183049401,0.0688393878936767,0.3565997536124816,0.2909409827129424,0.0797960570454597,0.4939035213841584,0.0,0.0,0.0,0.0,0.0,0.0,198790380.9800433,776.0015163671276,0.064979139691422,277585265.1044697,513.0746641794785,0.513463285246312,0.0,0.0,0.0,0.0,0.0,0.0,8114.711191163368
Steel,1,3,8207.66,0.584,1.346573519706726,0.1053746228218078,0.0083177611062118,0.2834676498518066,0.0860133546590805,0.9200483869902892,0.0,0.0,0.0,0.0,0.0,0.0,0.0,0.0,0.0,0.0,0.0,0.0,0.0,0.0,0.0,90131956.2243938,519.368940136812,0.2099032058489386,71676210.29783201,213.3381784026158,0.3374869495278911,76991873.75343202,327.5530562957188,1.2037714649506046,0.0,0.0,0.0,8221.829134835705
Steel,5,3,8207.93,0.587,0.9056177973747254,0.113487096786499,0.0270390122614236,0.2417697456233655,0.1380520170927048,0.1172433806091042,0.2964231314696652,0.1422085464000702,0.2890090674064067,0.4150896349377415,0.1404928427934646,0.4876832906220775,0.3929592391879624,0.03344018869102,0.6344497948088521,0.1979591107838053,0.0797952473163604,0.786542980937309,0.0,0.0,0.0,108912013.79484835,459.02105501488353,0.0946445331656533,106192837.47989948,952.1434673075582,0.3963802651276225,109832808.84721152,263.3882282023787,0.7376569991406225,0.0,0.0,0.0,8268.521259252633
Steel,4,2,8213.76,0.659,0.6829741232097148,0.1194760307073593,0.0271387318012919,0.2333894130829761,0.0868283373117446,0.1043386312161637,0.1968337562257455,0.0631933057308197,0.2315945479797567,0.4228437909020233,0.046154633462429,0.2981090403614171,0.153765723957917,0.0704915064573288,0.479444742925955,0.0,0.0,0.0,0.0,0.0,0.0,62850841.79066165,396.63150726203446,0.085267362011258,68748424.47744058,886.9212422604594,0.5665281502165207,0.0,0.0,0.0,0.0,0.0,0.0,8132.606227048438
Steel,5,2,8215.62,0.682,0.8480185016989709,0.0833570771217346,0.0121174612949459,0.194506801789061,0.0973923885822296,0.2114960888210453,0.2872148586287151,0.0549247589707374,0.3713308853315302,0.2763552521667649,0.0589731565117836,0.4353333222903223,0.2617688482134306,0.064855660200119,0.5218684205417756,0.2650090255788939,0.1062492829561233,0.7256378233037519,0.0,0.0,0.0,155837942.33293927,533.290123056942,0.1407539451111491,140722493.6763422,475.21185126966327,0.7522493549896581,0.0,0.0,0.0,0.0,0.0,0.0,8172.696409373079
Steel,4,2,8217.17,0.701,0.3656500447541475,0.0954708830118179,0.0182573690614943,0.3734802983224383,0.0560259169340133,0.0533882291306683,0.3675646889054033,0.090043186545372,0.1356979246269061,0.480098208938195,0.0800247764587402,0.2286578223828909,0.1936930409829256,0.0738499915599823,0.3203239145246298,0.0,0.0,0.0,0.0,0.0,0.0,96479289.15874,489.16255598127606,0.0793290657174083,135194542.46351352,103.05910594934136,0.3072055744122278,0.0,0.0,0.0,0.0,0.0,0.0,8338.076667108158
Steel,4,3,8217.83,0.709,1.0704977929592134,0.0990632835626602,0.0197885293941354,0.3420202829818747,0.049646235704422,0.1823323491940169,0.4873269922875918,0.073569848537445,0.2472334266944205,0.2188225708477977,0.0904032254219055,0.4336033085790372,0.3536653355086298,0.1164224714040756,0.6484588993201491,0.0,0.0,0.0,0.0,0.0,0.0,99964493.64877598,515.3643998946898,0.1300208728740797,97580975.35795976,595.903435078897,0.4814436083408125,121421931.51314196,415.0357547675593,0.8792338372595008,0.0,0.0,0.0,8335.787693901219
Steel,5,2,8219.33,0.727,0.755467700958252,0.0718683695793152,0.0158593994467994,0.4860610211406045,0.0848420718312263,0.1095362330060447,0.2782052484990989,0.0422575893998146,0.1874926929138711,0.3121283173001608,0.0572602888941764,0.2854502683271912,0.1698222234094086,0.0647486287355423,0.3884493719994925,0.6026170117908523,0.0846494299173355,0.6075331114349064,0.0,0.0,0.0,200209016.59910533,554.3198255818971,0.0859513522079488,205662101.1151939,332.2165599734598,0.6368688793895152,0.0,0.0,0.0,0.0,0.0,0.0,8761.519851916637
Steel,4,2,8219.37,0.728,0.9609079584479332,0.1240090115070343,0.0281886630152753,0.2214417254285987,0.1131416273117065,0.2168145198779871,0.3006747532854615,0.0858915776014328,0.3943096342254188,0.3173894444797931,0.0889200961589813,0.5337927248503715,0.2269217758524041,0.0898038399219513,0.7562799626351899,0.0,0.0,0.0,0.0,0.0,0.0,119869016.9829696,313.7420284716063,0.1336748412686851,124701244.63982162,228.115236288697,0.8476453658486102,0.0,0.0,0.0,0.0,0.0,0.0,8139.25035910952
Steel,6,2,8220.61,0.743,1.2465971767902375,0.1271856926679611,0.0270290647693337,0.3852641249691351,0.1084989428520202,0.2043717461346312,0.2765288541431319,0.0753086197376251,0.4390198416909891,0.2843089677328507,0.02,0.5996755958712455,0.2451199209056564,0.0802417916059494,0.8006701156078099,0.3709819032563753,0.0746592092514038,0.9854878691266316,0.2934984174796362,0.0636063876748085,1.061931383824419,256441689.43361703,466.59817883878304,0.1578874600694099,269945021.00246906,563.5009777373507,1.1219374578646164,0.0,0.0,0.0,0.0,0.0,0.0,8266.774053685464
Steel,2,4,8220.93,0.747,1.0703949123620986,0.1180780296325683,0.0027711313840765,0.3700247702766432,0.0869358026981353,0.5998229216262543,0.2597315349018648,0.053967527449131,0.8228841224303138,0.0,0.0,0.0,0.0,0.0,0.0,0.0,0.0,0.0,0.0,0.0,0.0,57985102.06982523,525.0111418737242,0.159608883688262,68955055.534718,231.35978623753863,0.2761325227085252,65705597.54169918,484.6532369313229,0.3333783547111002,56146916.87125963,470.923628892341,0.9511901970817008,8031.0953050867
Steel,6,2,8221.6,0.755,0.8232804596424103,0.0924631235599517,0.0257160013559903,0.3699564721506453,0.0874829161167144,0.1267960130436076,0.214767120992106,0.0787037014961242,0.2596225914721998,0.3347032867200077,0.1000086891651153,0.3806939648085649,0.270730573917065,0.0564366394281387,0.5067678300806956,0.3783483949389433,0.0638051974773407,0.6348319388590132,0.1897592237393689,0.0695154497027397,0.7126861453957472,179883085.10064152,753.9130907335264,0.1571191433820964,154530094.66240525,214.79524553956557,0.7402975449781778,0.0,0.0,0.0,0.0,0.0,0.0,8313.01999252455
Steel,4,3,8222.77,0.769,1.2946543246507645,0.1042892682552337,0.0353068984830888,0.2892359633247574,0.0610823303461074,0.295760239704025,0.2883512203613995,0.085456958413124,0.5561072992439295,0.3111678263650148,0.0833550450205803,0.9238750978412338,0.2730906788704088,0.0680343776941299,1.165178892185688,0.0,0.0,0.0,0.0,0.0,0.0,73198346.1245424,152.67280995695782,0.1609619717153882,75399508.47242859,285.8645309703065,0.5862255774073631,71339278.36446342,421.9161461932772,1.155177892185688,0.0,0.0,0.0,8427.187760954092
Steel,4,3,8224.89,0.795,1.2284783929586411,0.1325515511035919,0.0162863569550921,0.2844396141955609,0.0892578190565109,0.4047257267069786,0.3524231488361942,0.0653437253832817,0.6707312601833891,0.3530648092302775,0.0458720864355564,0.9286462040323846,0.305303216353373,0.1014914309978485,1.0521396693622873,0.0,0.0,0.0,0.0,0.0,0.0,114784668.32701965,211.00247220234328,0.1536138166035981,84194798.76276396,341.1008976294483,0.5944591181244598,91958995.24789876,639.7770217799365,1.0851413562272971,0.0,0.0,0.0,8093.332031940374
Steel,2,4,8227.56,0.828,1.2842230260372165,0.0706628070473671,0.0143917644926676,0.2729109078549495,0.0855568146705627,0.387754077663144,0.2767095417332027,0.0919839793443679,0.7666684397369532,0.0,0.0,0.0,0.0,0.0,0.0,0.0,0.0,0.0,0.0,0.0,0.0,33450597.310090195,653.2978451672984,0.1528440497062191,34043475.05469344,1099.9999999999995,0.4652181522581373,25278324.490870714,1008.4744612288712,0.5998040960401778,25278324.490870714,225.2866831349428,1.0458468367003355,8121.055404425335
Steel,3,3,8227.58,0.828,1.9216640383005144,0.1220191073417663,0.01557627428119,0.2294642367268447,0.0385526467859745,0.1921764038300514,0.2905819251600799,0.1076317656040191,0.6693006465517822,0.173726634103946,0.0746264094114303,1.2405321992406235,0.0,0.0,0.0,0.0,0.0,0.0,0.0,0.0,0.0,72151696.93598942,794.5126476519043,0.2141326321691271,82018478.69504586,353.4345056271163,0.9366233716913877,82299739.42298724,975.4471781019976,1.593019825639628,0.0,0.0,0.0,8266.96013442257
Steel,3,4,8228.61,0.841,1.46650947034359,0.1028084990978241,0.0249609073768747,0.2878017639437848,0.0730257454514503,0.403363032766548,0.2995972293195083,0.1116525238752365,0.5313809524663495,0.2731699613449829,0.0854570281505584,0.8020717763283163,0.0,0.0,0.0,0.0,0.0,0.0,0.0,0.0,0.0,68258428.40432501,472.3037555374429,0.1944583168270884,73895714.34289284,269.59709564836544,0.7195960445903462,76032783.09704597,364.0134991064866,1.0274446797123276,62743319.452757575,374.6654387186875,1.2760362502931104,8191.198282225828
Steel,2,2,8229.03,0.846,1.4026442170143127,0.0994426337480545,0.0235586001477441,0.3537168957333678,0.1017740225791931,0.2850158797978333,0.2483393594543536,0.0853282231092453,0.6331996738801355,0.0,0.0,0.0,0.0,0.0,0.0,0.0,0.0,0.0,0.0,0.0,0.0,141121449.79864702,397.4082584061969,0.1983975607402989,130946761.9590092,158.39811740132254,1.0287009008204695,0.0,0.0,0.0,0.0,0.0,0.0,8203.385960524938
Steel,4,3,8229.11,0.847,1.0758652821183206,0.1480025891065597,0.0431620183115762,0.2720027241787253,0.0779748445749282,0.1740101941777384,0.2552524051783895,0.0661786955595016,0.3710552935480987,0.2380668742219575,0.0816749694943428,0.5218173897693263,0.3076214052192711,0.0819950023293495,0.7867654260795663,0.0,0.0,0.0,0.0,0.0,0.0,83307344.93160017,538.0126764072567,0.1137340458553578,99256762.82672969,378.4778426426748,0.8526263450554848,89377986.95612177,551.641097629499,0.9468486386475676,0.0,0.0,0.0,8088.05849316716
Steel,6,3,8230.32,0.862,0.7846886575222015,0.1146772254705429,0.0165474858239375,0.3030359785718198,0.1292338269948959,0.1039000816949629,0.302727627788703,0.0552733570337295,0.2344577056513375,0.2555983887115875,0.030461112037301,0.3242422438197944,0.3016605004883724,0.1188400048017502,0.4045426046210253,0.2334062889646419,0.1124548918008804,0.5538746695377676,0.2668962986718743,0.0537031373381614,0.6766378006964137,98907047.2254,303.4378026877712,0.091606495313098,65701747.31727047,1099.9999999999995,0.4412702029832991,82253955.66749771,247.93080845995692,0.7062197909852928,0.0,0.0,0.0,8207.761032889555
Steel,5,4,8230.97,0.87,1.3391555309295655,0.1099324281215667,0.0088686268191624,0.3121783205202761,0.12796022772789,0.2935163315091676,0.2520349002118842,0.0482735957205295,0.5950102813578361,0.2902587819906519,0.0745350340008735,0.7218950891334049,0.3500517351950181,0.0987185078859329,0.9249003448622278,0.2145631515551996,0.0985418164730072,1.1425811833615585,0.0,0.0,0.0,62167912.39840959,555.0786190137569,0.1523118743728394,62777867.67845474,212.8042199308468,0.5835614308537027,72866327.4015452,296.2739780697918,0.6842713894738992,79233314.50246128,209.29342155069284,1.1651972852292225,8461.637449204376
Steel,3,4,8231.51,0.876,0.4744572892785073,0.0775063114762306,0.0313711069849804,0.3343913279936933,0.1142002880573272,0.0935344321837252,0.3153933746437461,0.0509897758066654,0.22720813543775,0.3728059156020837,0.1165169733762741,0.3595282476157774,0.0,0.0,0.0,0.0,0.0,0.0,0.0,0.0,0.0,35041451.76872139,87.60336705008018,0.0561066873867708,44007124.373207934,474.48566152286537,0.1791136254125673,45403025.505689725,442.7746899187407,0.2629177020479091,43158238.48014018,213.34128778985576,0.4020286222375167,8184.652552784455
Steel,2,2,8231.6,0.877,1.4145266503095628,0.1181094728708267,0.0437413190827026,0.4474947323336478,0.0659768056869506,0.1414626650309563,0.1661347616816014,0.0330182171612978,0.7602420769104564,0.0,0.0,0.0,0.0,0.0,0.0,0.0,0.0,0.0,0.0,0.0,0.0,99436598.0413244,532.7131289861458,0.1793642406897688,105451747.97605345,545.4653173052859,1.1114826126899942,0.0,0.0,0.0,0.0,0.0,0.0,8331.576574802802
Steel,5,2,8232.19,0.885,0.9966348171234132,0.1088124140501022,0.0296850832559057,0.3491139065258625,0.0891559714078903,0.1216260843019578,0.1695257239381773,0.1145571732521057,0.2849998932582034,0.2658127493408806,0.0998855483531952,0.4475040048321438,0.4631653645960571,0.1287185525894165,0.6182341404867462,0.3544577551329921,0.0833146825432777,0.8315149879493315,0.0,0.0,0.0,246754205.39438272,783.0888088176675,0.1325252507377075,297844478.3528994,946.5019303344998,0.8149659740524384,0.0,0.0,0.0,0.0,0.0,0.0,8068.996168098008
Steel,1,4,8233.39,0.899,1.5701336085796356,0.0951002759933471,0.0047357477434862,0.2093801672445011,0.0718939727544784,0.6334057550208411,0.0,0.0,0.0,0.0,0.0,0.0,0.0,0.0,0.0,0.0,0.0,0.0,0.0,0.0,0.0,52708313.310950585,725.9098438109881,0.3988438552075093,48152001.01067861,767.6967750918483,1.2172809098332464,42805751.954676464,673.1721283826938,1.3678408716438086,53398935.75513188,339.2113335129486,1.404819862505854,8517.931595226599
Steel,1,2,8233.56,0.901,0.7713042005896569,0.1078198741674423,0.0522838336657072,0.359737661070261,0.0506232184171676,0.6612300448025021,0.0,0.0,0.0,0.0,0.0,0.0,0.0,0.0,0.0,0.0,0.0,0.0,0.0,0.0,0.0,33528109.25377657,255.3972619634588,0.2882979559632236,48097695.024712205,752.6607653911001,0.6467192134087988,0.0,0.0,0.0,0.0,0.0,0.0,8125.577734718002
Steel,2,2,8233.61,0.902,0.970951883494854,0.0771932502388954,0.0214788238556371,0.2555384241910364,0.052006239593029,0.3872370716462474,0.3837886517379055,0.0849309948086738,0.6817796457530836,0.0,0.0,0.0,0.0,0.0,0.0,0.0,0.0,0.0,0.0,0.0,0.0,246025440.0595536,659.4408445486459,0.1442567766238946,225968148.94563463,163.6350554618096,0.8383091667647045,0.0,0.0,0.0,0.0,0.0,0.0,8076.212938817028
Steel,1,4,8234.72,0.916,1.577528992295265,0.0742630409002304,0.0152987858599063,0.4239141756469855,0.0852321481704712,0.4493612609923492,0.0,0.0,0.0,0.0,0.0,0.0,0.0,0.0,0.0,0.0,0.0,0.0,0.0,0.0,0.0,65871320.06922709,543.865705051035,0.1663361804033137,59399467.471861966,309.78208031550486,0.3988027012950245,46450668.50047875,1099.9999999999995,0.7161606901053228,43724157.19710771,489.65655489165226,1.165748862993269,8249.582006756642
Steel,3,4,8236.59,0.939,0.7713839799165726,0.0729220608472824,0.0208839203440789,0.2638292400372751,0.1096816354990005,0.2018289716467156,0.4748266790566136,0.0753784269094467,0.4973870755547354,0.3638224000903337,0.0788300812244415,0.6557630833475524,0.0,0.0,0.0,0.0,0.0,0.0,0.0,0.0,0.0,64274232.961004175,260.37765381945275,0.1040752049144306,49121958.66779089,387.296555635649,0.367392870082062,42453130.58537491,455.4279345423265,0.5273377739349336,63962011.11592835,193.32500871409547,0.6694847985255464,8414.652121034027
Steel,4,4,8237.69,0.952,1.4231227487325668,0.0798687735795974,0.0161255710295846,0.2308326941916874,0.0936790174245834,0.3866471461060365,0.2473708903909299,0.091246211528778,0.6824836769056861,0.2825617596687497,0.0867005860805511,0.8850393212971274,0.2763803659951481,0.0775482103228569,0.99843932488404,0.0,0.0,0.0,0.0,0.0,0.0,232905423.4617779,196.7776276699104,0.3238499980638363,211246788.2020328,195.61837335197905,1.0272131029535232,153629680.15044874,179.3133431074797,1.2808104724361875,164295188.70597506,389.8844941972004,1.2808104724361875,8513.572014936879
Steel,1,3,8238.27,0.959,0.5939211249351501,0.1026495308876037,0.0077606218412861,0.3738541288585802,0.117167050242424,0.3486377027816313,0.0,0.0,0.0,0.0,0.0,0.0,0.0,0.0,0.0,0.0,0.0,0.0,0.0,0.0,0.0,40227648.49837473,777.149339492566,0.1346247421287877,44036397.99588938,997.9622081990274,0.2359657976073226,43185334.83524402,823.3376049363698,0.4567803032900844,0.0,0.0,0.0,8255.771460921262
Steel,6,3,8238.94,0.967,0.8049587815999985,0.0780541305541992,0.0454291684071165,0.1372697051155584,0.100899755358696,0.09728664091368,0.4301803785132387,0.0823523330688476,0.2169200411165021,0.2415405204879567,0.1158421629667282,0.3447556067599573,0.2854507894460194,0.1010743004083633,0.4567075530584857,0.1279173742290502,0.1020759159326553,0.5712457629053328,0.4783926650420559,0.1399288064241409,0.7158863647437583,108987745.91129522,380.4273768206772,0.1100213419215351,162075587.24331445,541.0502684579908,0.4746093622647621,139232348.55108505,513.8562912182649,0.6882493863439969,0.0,0.0,0.0,8084.00664459054
Steel,5,2,8240.24,0.983,0.6533402107656002,0.1001536571979522,0.0360059794673504,0.2564637850490463,0.0614533567428588,0.0936746660790953,0.4627338900593052,0.0907781648635864,0.1928580404752927,0.3620592499197543,0.0799751117825508,0.3093337564347579,0.5085198884633234,0.1167846721410751,0.429883779903568,0.3646319999131132,0.108240247964859,0.565993167855021,0.0,0.0,0.0,315575532.816594,759.7615295134037,0.0720224370338534,416201578.8646466,755.0555734279535,0.5832974494313288,0.0,0.0,0.0,0.0,0.0,0.0,8437.68345966368
Steel,6,4,8240.51,0.987,1.1525419816374778,0.0902086899280548,0.0341022944242792,0.4223086064988766,0.1070930129289627,0.172824418602128,0.3453092244789432,0.1191277337074279,0.2973691172790945,0.1688143104012739,0.0448254631459713,0.4489365595302486,0.3369169862086471,0.0304381093382835,0.6104796358590427,0.2884386892940128,0.1063889437913894,0.8476028515213752,0.3185499498427184,0.0512824754416942,0.9916683582076816,78736496.36865053,568.6782525383699,0.1152541993162897,81767918.59627753,419.6472504205366,0.3320036420513363,90023447.74257083,269.4249792774063,0.5476431538115898,100963107.44278952,518.9734870203685,1.0255879089231352,8410.136385893395
Steel,1,2,8241.17,0.995,1.3907880276441575,0.1125995426177978,0.0271606280815038,0.3067644769454787,0.0383426421880722,0.3220948287615952,0.0,0.0,0.0,0.0,0.0,0.0,0.0,0.0,0.0,0.0,0.0,0.0,0.0,0.0,0.0,55520339.53489414,675.7901056126083,0.2259952073465472,69566270.65207171,620.5807173679174,0.9643171271806878,0.0,0.0,0.0,0.0,0.0,0.0,8209.634812815513
Steel,2,2,8241.54,0.999,0.5875912114977837,0.1378586364984512,0.0399014936026963,0.2761833456408371,0.0993232244253158,0.1741877715823508,0.3683414798677457,0.0791825690865516,0.2976271016277533,0.0,0.0,0.0,0.0,0.0,0.0,0.0,0.0,0.0,0.0,0.0,0.0,70230587.27925053,775.620763229614,0.0791683120357095,63622009.02334651,275.8656432808748,0.5091579339067884,0.0,0.0,0.0,0.0,0.0,0.0,8159.948442766363
Steel,2,4,8241.54,0.999,1.2670297265052797,0.0865145707130432,0.0152982277861825,0.2470335676913973,0.02,0.2291470960510986,0.1686337875687647,0.1447216200828552,0.5350668818348167,0.0,0.0,0.0,0.0,0.0,0.0,0.0,0.0,0.0,0.0,0.0,0.0,20729461.651649464,762.1921449729125,0.1339287273729723,29817636.802015506,492.38848376296033,0.2950298352130781,25845480.222048994,572.9987982279488,0.4029805850006006,25103445.13279021,354.46882346091286,0.9910526558195616,8441.174821427727
Steel,3,4,8242.63,1.013,1.4039968818426132,0.0852011828422546,0.0276017573470783,0.3603055635193343,0.1179706114530563,0.214930905999679,0.2738300668995638,0.0338915438950061,0.6599485167106074,0.3455751723855124,0.1087314009666443,0.976250942610816,0.0,0.0,0.0,0.0,0.0,0.0,0.0,0.0,0.0,66054340.65010871,691.0345428467209,0.1745985128255857,72986917.71402408,485.8511170587702,0.6059510527575707,70349851.83356294,643.0862266621316,0.8211152448501076,53967406.30611292,427.7478853178942,1.1965887918532334,8227.227443558293
Steel,1,2,8242.94,1.016,0.7094460010528565,0.0736527204513549,0.008673171242525,0.2559168537193917,0.0353533151000738,0.391905569608129,0.0,0.0,0.0,0.0,0.0,0.0,0.0,0.0,0.0,0.0,0.0,0.0,0.0,0.0,0.0,16187131.487127583,500.2407071693783,0.106038123187561,17151034.74460994,604.0425496319954,0.4990280410186762,0.0,0.0,0.0,0.0,0.0,0.0,8150.997704109262
Steel,5,2,8244.36,1.034,0.879155319929123,0.114324299454689,0.027743015615819,0.3001312320053578,0.0960063028335571,0.1235952582206256,0.3256719255229384,0.1268188196420669,0.2744081458308128,0.4124834128188204,0.052952332496643,0.4010813824550219,0.2728099443375967,0.0676252087950706,0.5495759156726489,0.4490278457300861,0.0605513882637023,0.7213739570205722,0.0,0.0,0.0,192688413.4175489,872.1847285192907,0.109916080162313,157667074.74858975,475.76517671129005,0.7556736023070469,0.0,0.0,0.0,0.0,0.0,0.0,8156.178793730825
Steel,6,3,8244.48,1.035,1.326665848493576,0.1091151663064956,0.0189963488783528,0.3819528236028295,0.0736200478672981,0.2236108311403603,0.3088056116094332,0.0923765158653259,0.403001052682729,0.2926848077952718,0.0566024363040924,0.5306257215036188,0.418338782318899,0.0549783173203468,0.5894650830596937,0.2213186078667867,0.0791092091798782,0.7983058861670196,0.2791203820169182,0.1380879938602447,1.1251596413837035,152824402.22562337,335.34437365168264,0.1550125378977758,167166118.18358478,346.2903687972561,0.8157698690706752,220927202.23201588,363.0491904598605,1.1856320744602251,0.0,0.0,0.0,8008.7491482266905
Steel,2,2,8245.94,1.053,1.481723228096962,0.1225588307380676,0.026871722867984,0.2453051769731298,0.0964423865079879,0.4685392004922724,0.3574091009693006,0.0548346272110939,1.1556885466195166,0.0,0.0,0.0,0.0,0.0,0.0,0.0,0.0,0.0,0.0,0.0,0.0,116129800.16041678,437.3754166134392,0.2515220642612641,128854908.01466478,559.2078317777263,1.293510344132272,0.0,0.0,0.0,0.0,0.0,0.0,8273.649337707164
Steel,3,4,8246.36,1.058,0.6103709109127522,0.1053628411293029,0.0195011838424726,0.2365532615337791,0.0607013043761253,0.0933534582383366,0.1878046710258012,0.0917977184057235,0.229240329200899,0.4193929507571564,0.0223792850784957,0.4181236697612521,0.0,0.0,0.0,0.0,0.0,0.0,0.0,0.0,0.0,20212459.30037481,322.5617134910619,0.0610370917016461,22373626.47947344,378.7870949453307,0.2090912630289244,23270696.78022466,1096.3674133602974,0.2791434364122125,18052626.02758144,715.8045385273335,0.5204558303817441,8354.529093623683
Steel,5,4,8246.93,1.065,0.6843237556517124,0.09640438747406,0.0092414461391036,0.1912639313485239,0.1179428327083587,0.0842592952092637,0.2465046139008265,0.1054637914896011,0.245118980262974,0.2495936510072978,0.101870841383934,0.4029206123708357,0.2939520596930549,0.0751544225215911,0.5431278371375108,0.2061647183562944,0.0247887979447841,0.6093537097253571,0.0,0.0,0.0,38664420.78642437,546.5025114656949,0.1070264936661512,38881696.93290412,620.4470098823627,0.327599926440157,36034071.29644898,698.2394721564953,0.4622890828763736,40796997.98495743,324.2335404021553,0.5932824091078095,8261.172425299499
Steel,6,2,8247.14,1.068,0.6575109273195268,0.073192498087883,0.0040932575993463,0.1669148912327993,0.0519594147801399,0.0657610927319526,0.3384446785762314,0.0973342740535736,0.14650136222197,0.2688943487063368,0.0955297714471817,0.2512597776092302,0.2274149908790245,0.0746033263206482,0.3577721253015358,0.3752507349697477,0.089273424744606,0.4722347387872372,0.2259245728758565,0.0714605429768562,0.581096098939483,186914847.515674,485.6475176545288,0.0859001884117166,136053388.5808432,144.58871359530644,0.5521958462704641,0.0,0.0,0.0,0.0,0.0,0.0,8333.773226791605
Steel,3,3,8155.62,-0.054,0.9512445703148842,0.0950668606758117,0.0141737894162071,0.3113499540232793,0.1256464636325836,0.3378226459478472,0.2832883137502834,0.0926331341266632,0.4641976139336594,0.6154075576916305,0.0500721377134323,0.7351468436264821,0.0,0.0,0.0,0.0,0.0,0.0,0.0,0.0,0.0,85930891.20691718,621.4757973573373,0.1273865220213493,89370914.11221701,447.9121207332175,0.5397726143913362,70300583.4991801,632.6216455782017,0.8282754794094676,0.0,0.0,0.0,8093.051267876994
Steel,4,2,8248.65,1.086,1.27130825817585,0.1146864849328994,0.0133096012303871,0.4103484753508906,0.0857683283090591,0.1580617281217159,0.3249696808210158,0.063982206583023,0.3501991970691461,0.3563704943201685,0.0474039059877395,0.5696675557849954,0.2137148780789964,0.1056911432743072,0.8088127066012363,0.0,0.0,0.0,0.0,0.0,0.0,217866312.36295372,374.3360868679461,0.1388986459694701,309344831.88880754,439.89048890811927,1.0372217830610042,0.0,0.0,0.0,0.0,0.0,0.0,8231.405323479066
Steel,1,4,8248.79,1.088,0.9781683564186096,0.1072038744688034,0.0098154655215653,0.2196184105611658,0.0897459888458252,0.5329105930804543,0.0,0.0,0.0,0.0,0.0,0.0,0.0,0.0,0.0,0.0,0.0,0.0,0.0,0.0,0.0,31733516.25271588,478.6511755421952,0.2023814278756887,29235673.88897917,523.445483395267,0.3136066240661051,29070328.92600059,1010.1843738221093,0.3888099060691991,26895356.61867172,701.9381254068412,0.7851389480981235,8172.470548396228
Steel,5,2,8249.08,1.092,1.2998888850212098,0.1152029157876968,0.0348410972787296,0.301967094219921,0.0976264119148254,0.2798831341331966,0.144329113118985,0.0712572506070137,0.4872151635754309,0.3523618105423929,0.0898233199119567,0.6963674110321995,0.2807924502396481,0.1011925828456878,0.9305925294223376,0.3502662770335222,0.0905462026596069,1.11891736440936,0.0,0.0,0.0,613443969.8356692,487.7172763558934,0.1651892475875103,550000000.000001,508.3954709003151,1.0994503825364546,0.0,0.0,0.0,0.0,0.0,0.0,8158.686767498354
Steel,1,3,8250.39,1.108,1.3431092113256455,0.0697545714378357,0.0144787879527944,0.3293823667462012,0.0620547452569007,1.208788290193081,0.0,0.0,0.0,0.0,0.0,0.0,0.0,0.0,0.0,0.0,0.0,0.0,0.0,0.0,0.0,76444714.91936666,374.1508467730017,0.3671161904843905,82292425.78933026,824.9624209048463,0.6579334591703513,69122765.66105448,390.9500225192875,1.1409525792152846,0.0,0.0,0.0,9343.581977406702
Steel,2,4,8253.98,1.152,0.3813351456075907,0.063834520637989,0.0345177369058652,0.3311106168421311,0.1182292753458023,0.1044611974761747,0.3097592834492714,0.0694909060001373,0.3431916310468316,0.0,0.0,0.0,0.0,0.0,0.0,0.0,0.0,0.0,0.0,0.0,0.0,27764901.67036519,211.11999026014803,0.0424315080638536,30185615.74341196,913.1645608552544,0.1249263140107306,29716040.854909737,313.61515334282336,0.1828772569498695,26678662.12356116,105.99319622663168,0.3207374969739297,8326.865210901618
Steel,3,4,8255.4,1.169,0.8905455693602562,0.0649356349110603,0.0346786276870127,0.1692214108266905,0.1370454657077789,0.2790694355490888,0.3025481490345921,0.1111230152845382,0.4755809525756601,0.2879903327978838,0.0681734031438827,0.5918178098072358,0.0,0.0,0.0,0.0,0.0,0.0,0.0,0.0,0.0,80953707.26341374,556.417276357968,0.1001587176877354,86225523.95992425,560.4526498190338,0.1948824850368983,89786024.82467714,847.9815655999355,0.2953439418481262,106440568.80605564,647.6994406283053,0.719559744409757,8212.958060994619
Steel,3,2,8256.36,1.181,1.197400513291359,0.0973342101573944,0.0496480565878136,0.2948922010040891,0.0680353423953056,0.5176597045714637,0.3030361462324597,0.0554724535346031,0.6524957628011585,0.3918729490570594,0.0516157932579517,0.9780167119307,0.0,0.0,0.0,0.0,0.0,0.0,0.0,0.0,0.0,188505994.3803364,611.3879137530429,0.2194385548998793,189019624.74056333,422.270947998161,1.0295300417724078,0.0,0.0,0.0,0.0,0.0,0.0,8223.536848613992
Steel,2,4,8256.69,1.185,1.0362140193581582,0.1116873162984848,0.0129333498979058,0.3932653462797182,0.0839633065462112,0.3894387062879615,0.2223487994452344,0.0383547435700893,0.772177715170898,0.0,0.0,0.0,0.0,0.0,0.0,0.0,0.0,0.0,0.0,0.0,0.0,34106251.27309653,955.1160292468754,0.1396670288747473,34939274.5976346,232.08261480611745,0.4385383567778185,31731789.90738749,216.5824168966731,0.5769692792716415,37726133.163959205,504.247612126816,0.9023595647749988,8227.259412724514
Steel,4,3,8257.03,1.189,1.0415006816387176,0.0681989055871963,0.0170829266189468,0.175421019823199,0.0884593796730041,0.1892220430334028,0.2658715614507707,0.058911260664463,0.3491465042890602,0.3879183240110954,0.1215378051996231,0.4950624365129454,0.3394327679736115,0.1021742224693298,0.7157774245699108,0.0,0.0,0.0,0.0,0.0,0.0,97850582.78339492,273.1113056759331,0.1395263235826551,124066660.4955968,1055.340237615825,0.5280644601284692,128533203.92282248,127.81290923895804,0.8937603600190368,0.0,0.0,0.0,8489.496531867368
Steel,6,4,8155.17,-0.059,0.8277362480759621,0.1118989889621734,0.0263009922655925,0.2516120104342495,0.0363418500125408,0.0827836248075962,0.2133131852027352,0.072000275850296,0.1585994719694299,0.2925836690010968,0.0913882434368133,0.2582078763614402,0.2129166628817156,0.0480543683469295,0.4112846530876909,0.2440660965688275,0.0790916663408279,0.602835007595919,0.3201235594573568,0.045569030791521,0.6809092619761002,51917405.33983162,263.3382026488959,0.1062060462607058,47029877.417511046,493.5859221679717,0.4629684952975753,58542557.071763255,645.8779080338929,0.575470958647463,44632205.250870615,187.5020434859741,0.738748590526866,8132.012634621383
Steel,2,2,8155.17,-0.059,0.915632501244545,0.1394863382577896,0.0130242732092799,0.2674095114396798,0.1142294383049011,0.3912117685465169,0.2406247117564063,0.0810859012603759,0.5933016956483742,0.0,0.0,0.0,0.0,0.0,0.0,0.0,0.0,0.0,0.0,0.0,0.0,103553037.17912877,454.425649956199,0.3369474275952012,82809632.26678817,968.8938064509908,0.7855040517179355,0.0,0.0,0.0,0.0,0.0,0.0,8192.416391624467
Steel,6,2,8257.66,1.197,0.862135472893715,0.1088403786420822,0.0272410873004006,0.2858303144538016,0.0671437609195709,0.1531310168359639,0.2250008713952688,0.0700890517234802,0.2771966172647374,0.2416796597860385,0.04631959348917,0.3756253588878112,0.2598557408109294,0.0713104060292244,0.4837858376637703,0.2165710701094486,0.1244544029235839,0.5907395385987202,0.1979534757101841,0.1094011515378952,0.7397759580167924,110837701.92931405,639.6659890658332,0.1667734488913587,88468838.16317897,404.24957950892747,0.7587202607168537,0.0,0.0,0.0,0.0,0.0,0.0,8401.37545215025
Steel,2,3,8258.11,1.202,1.038936661183834,0.1219781591892242,0.0127925322608958,0.3232580306891379,0.0943870770931244,0.3891560766362382,0.2549482145136738,0.0699044141173362,0.6060506083025834,0.0,0.0,0.0,0.0,0.0,0.0,0.0,0.0,0.0,0.0,0.0,0.0,48909838.556071445,396.5198358188011,0.1454842784523019,42731623.85232549,449.343789017285,0.4747823143151718,48845129.43123801,540.0816583203891,0.8228017257933318,0.0,0.0,0.0,8247.34971475991
Steel,3,3,8258.17,1.203,0.5361409611999989,0.1111214311122894,0.0065785028826176,0.2857703764974035,0.15,0.1266043788820084,0.6118729319456743,0.0877102136611938,0.3191078442837715,0.2916424771533865,0.0740042081475257,0.4592217518309921,0.0,0.0,0.0,0.0,0.0,0.0,0.0,0.0,0.0,118932224.88774388,501.01776880601005,0.0625322430889159,81546976.42639293,398.3945246329749,0.2578723165026781,99613004.08836512,470.1128945692986,0.4330688875226878,0.0,0.0,0.0,8251.083298296811
Steel,3,3,8258.21,1.204,1.753216192126274,0.0906784764528274,0.0116452192379814,0.2888797039400207,0.0792559909820556,0.2934020936280211,0.3602550929735245,0.1123332154750824,0.9370003284237084,0.2635871715443319,0.0443557427823543,1.3630200492019755,0.0,0.0,0.0,0.0,0.0,0.0,0.0,0.0,0.0,81901403.50049078,298.3924366259871,0.1897649813241736,81741390.14020243,757.7855142500697,0.9239958088182088,86891973.7025759,286.395166116653,1.4583237323921865,0.0,0.0,0.0,8124.628101659429
Steel,4,4,8258.31,1.205,0.6203418657183648,0.0694777609109878,0.0167099341569077,0.3347184698894866,0.02,0.090839083224279,0.2208325397100604,0.0845744040608406,0.2209785054346569,0.1922905321805571,0.0932022148370742,0.3862571868821489,0.2287822503609191,0.0826968050003051,0.5056312696302437,0.0,0.0,0.0,0.0,0.0,0.0,25435938.700145453,349.91549355566195,0.0620341871921783,35550370.177685365,282.51500739909824,0.1502451866637039,28663320.71994597,784.3766687281741,0.266972711805241,24358907.950929537,972.6826052051808,0.5300404497540738,8028.902137840558
Steel,5,2,8258.64,1.209,0.7218728855252265,0.0948965339660644,0.0514273113591543,0.1887727407889876,0.0275186916068196,0.1259473031090142,0.3798811198872364,0.0807293647527694,0.2408832530967749,0.3572156360913818,0.0675283667445182,0.405281095642522,0.3323724718785606,0.0677209582924842,0.5213699010069163,0.2817097289110553,0.0756098079681396,0.6496755969727039,0.0,0.0,0.0,143136569.3813731,345.5029253827719,0.0941384908143357,132797212.69729371,567.5234954083775,0.6396745969727039,0.0,0.0,0.0,0.0,0.0,0.0,8259.519758419548
Steel,5,3,8259.06,1.214,1.3492930740118028,0.1090507055521011,0.0147845214038727,0.3259178028993634,0.0745087468624115,0.2795449586716024,0.2683813346387826,0.1020134699344635,0.6359093730397583,0.2404459527936283,0.1084624701738357,0.7977616794228122,0.4254932710866992,0.0981690543889999,1.047596393235898,0.2230580801979246,0.1426043528318405,1.183692677916265,0.0,0.0,0.0,137995933.0644566,849.9942145113492,0.1532956849474281,136213208.33682305,269.5695660767303,0.6521641771512894,132879124.76709548,551.1444136822404,1.2000408080595708,0.0,0.0,0.0,8374.791690923126
Steel,1,3,8259.37,1.218,1.587555715441704,0.0892824728488922,0.0264263710305891,0.2897647321842705,0.0454371960461139,1.3244476552486169,0.0,0.0,0.0,0.0,0.0,0.0,0.0,0.0,0.0,0.0,0.0,0.0,0.0,0.0,0.0,29331827.100003734,576.0807913095495,0.3270374993296688,27023165.15587708,402.64234052107406,0.7648221970306426,37906108.79061884,624.2036343939882,1.3389912925280132,0.0,0.0,0.0,8391.595937395314
Steel,1,4,8260.94,1.237,0.6327809073030949,0.0840186420083046,0.0444016446886111,0.3592000694264402,0.0642619195580482,0.2204182361955052,0.0,0.0,0.0,0.0,0.0,0.0,0.0,0.0,0.0,0.0,0.0,0.0,0.0,0.0,0.0,13592869.867184607,397.0539972667569,0.0843124993015293,15629260.60713188,477.6734027923555,0.2367597878488471,13975396.46020498,660.6135765239178,0.2992678128240877,15748355.530984191,592.0971149705949,0.4926319288194496,8292.87151061062
Steel,5,4,8261.64,1.246,1.0254248440265656,0.0788391027450561,0.0139945732287884,0.2733464579611951,0.092157067656517,0.2597628811203798,0.5481977472711933,0.0722376853227615,0.3561613820122495,0.354833434655595,0.0770907133817672,0.5422065150958411,0.3860757057952823,0.0560390082001686,0.6140681199622958,0.2971707759972404,0.0648795995116233,0.7103331240027791,0.0,0.0,0.0,106720252.13822274,321.86060348382244,0.1612266250813778,96999049.61073276,410.8686453455863,0.4786785960832063,69664526.3265698,355.19480884015286,0.6371602277580476,94750120.70086116,841.065360668538,0.8987440059447109,8007.075092124554
Steel,1,3,8262.19,1.252,1.3640622287988664,0.1122173655033111,0.0209026928286639,0.3813962810011007,0.0884493374824524,0.3889155402388599,0.0,0.0,0.0,0.0,0.0,0.0,0.0,0.0,0.0,0.0,0.0,0.0,0.0,0.0,0.0,59633138.2194524,756.4951917734692,0.1405715477201236,62294210.42486889,303.07294505376626,0.5657842579107448,67389267.0457223,523.2481607132202,0.9462932574855653,0.0,0.0,0.0,8334.164070467023
Steel,5,2,8262.21,1.253,1.0934242874383928,0.1162792648077011,0.0142120686378457,0.3041730177634129,0.0895371562242508,0.1900895958637582,0.2678726926281738,0.1152726250886917,0.3804308311646563,0.2499573587482668,0.1014261800050735,0.614860494393404,0.2165475967686577,0.02,0.7523718496870988,0.2513510471917939,0.0628948140144348,0.8580721573198311,0.0,0.0,0.0,151269197.3688875,484.6946053857512,0.1488269352598341,133363349.55875972,633.6912649841706,0.9301414868105384,0.0,0.0,0.0,0.0,0.0,0.0,8275.10961532927
Steel,3,4,8262.48,1.256,1.0120374649763106,0.16,0.0270795689818092,0.1872132966080748,0.0799457561969757,0.2106102601492967,0.1771510677185409,0.0966496151685714,0.4077625002200045,0.3584776537001738,0.0795978555083274,0.6104945209750526,0.0,0.0,0.0,0.0,0.0,0.0,0.0,0.0,0.0,55418379.65193017,202.67737885409136,0.1342015937180882,45505720.22228901,373.7442535350708,0.4901553793442293,74416483.46097754,400.9399601561069,0.7825860889579257,49167073.19864096,430.915357047301,0.910833717466642,8193.372320072382
Steel,2,4,8262.86,1.261,0.6626410908997059,0.121069191455841,0.011888347106789,0.2554013517545901,0.1471066635847091,0.2449642686432905,0.3736724843226237,0.0848553374409675,0.4647039480041139,0.0,0.0,0.0,0.0,0.0,0.0,0.0,0.0,0.0,0.0,0.0,0.0,54462495.34012,575.7258426988554,0.0948085025578599,40633775.68926699,534.4026119488622,0.2873730432756103,33457147.05071557,302.646131274225,0.4082836640824279,30777824.031943247,635.2875269807953,0.5792900324248227,8113.54482742784
Steel,4,4,8263.21,1.265,0.994845212996006,0.0898288403749466,0.0206629105305585,0.3094277049108694,0.0225911098718643,0.2498835212342846,0.2102607486704271,0.02,0.3727704254613667,0.3626501727846559,0.1039990806579589,0.4494237998891734,0.2327048410498597,0.07836410343647,0.6537198644272547,0.0,0.0,0.0,0.0,0.0,0.0,49138896.62983259,378.4994034812128,0.1508261399455411,39776662.77308296,442.7340314035467,0.5331750076617713,32472563.929664493,639.7282673918048,0.6432105042062161,36533024.82711152,552.3994867590014,0.8796025291492546,8101.111914711686
Steel,4,4,8154.85,-0.063,0.9586559981107712,0.1271552735567093,0.0088578658185789,0.2548715323461441,0.0459708695113658,0.2170352817276485,0.4413448102168776,0.0916809469461441,0.3538148292058587,0.2895133365149824,0.068527700304985,0.5992283251285853,0.3495819315669309,0.0948732942342758,0.8125865731825211,0.0,0.0,0.0,0.0,0.0,0.0,56028381.480904914,256.9210510625096,0.1062904009614582,60827188.88274696,134.91200837218028,0.3180658030998633,48340653.69221107,555.5866813056041,0.5566726799437438,77582263.92175609,398.72476057046913,0.862790397341038,8047.2176688886075
Steel,6,3,8263.7,1.271,1.532521763443947,0.076095546901226,0.014761290117911,0.2746629172229397,0.1081964296102523,0.3090703622564655,0.3332173291023088,0.0825239026546478,0.5803262923498786,0.2980016204845104,0.0904748147726059,0.7786624841153174,0.1839346597790123,0.1285900419950485,1.030627574141444,0.1696657923278307,0.0582763788104057,1.244749385712285,0.2224493250691624,0.0767454975843429,1.3431628234308068,248882253.1361643,657.4171802968195,0.1653570890267636,170431836.24386278,473.7321501061044,0.7936566929268222,147309177.96875995,661.2999979624666,1.358745470865666,0.0,0.0,0.0,8529.095791081334
Steel,1,3,8263.91,1.273,1.0029787346720695,0.0978453764915466,0.0210888395473711,0.4814509602803558,0.0874114817380905,0.6095834441189404,0.0,0.0,0.0,0.0,0.0,0.0,0.0,0.0,0.0,0.0,0.0,0.0,0.0,0.0,0.0,58482665.95028632,748.5413776163093,0.2652765712695934,56767632.13324695,912.686250694642,0.749110015733315,57402232.82044986,370.8621133650668,0.8667648744227213,0.0,0.0,0.0,8112.126896433965
Steel,5,4,8263.91,1.273,0.8564073503017425,0.1050995981693267,0.0156802805899273,0.2428121214284871,0.0883655053377151,0.1624838199618347,0.2475970878268088,0.0556271737813949,0.2462003680215177,0.2788428175196378,0.1442540073394775,0.3931718032330566,0.4313163394490753,0.0859716981649398,0.5854450583589184,0.4147495542813758,0.0894724476337432,0.7194603224372838,0.0,0.0,0.0,65000398.4576679,237.621954208673,0.1111599669693824,75769879.99416426,694.586641616101,0.3703421837872985,60912050.89340183,225.3244574179364,0.6062656804497513,86140029.31406838,390.0911243227931,0.7571103770290364,8167.438674008136
Steel,6,3,8264.25,1.278,1.415028813481331,0.1143560812473297,0.0268152685545999,0.2768944035682832,0.0565693381428718,0.1650021755510549,0.1857909101085823,0.1227616584300995,0.3911682257502366,0.204922739292118,0.0936724078655243,0.7018554764542767,0.2513897970013484,0.1034942591190338,0.804648802576147,0.3094232401440701,0.0522513550519943,0.9718089198739308,0.3146350261203632,0.0551690569519996,1.1268925512880756,92827092.32320508,459.8027617653976,0.1781853701932052,77754013.62095766,538.7400122970502,0.8565301513789088,89501554.10597937,441.3934678249296,1.2262915378587085,0.0,0.0,0.0,8166.098620578353
Steel,5,4,8264.89,1.285,1.1193318933248522,0.1208417336940765,0.0078723878426911,0.3269065922647565,0.0942754739522934,0.1439979678377739,0.2148769849047063,0.0944651597738266,0.2502397373416389,0.2416817584252607,0.080581068098545,0.4583059361077086,0.3971239886607337,0.0673839598894119,0.6206026438467664,0.3071692664363096,0.1370881682634353,0.8546648945356524,0.0,0.0,0.0,75545617.83753945,456.37721369389067,0.1304322624042382,49386779.14471772,118.45111547601844,0.3868523210790824,68759235.32567352,900.8028874544012,0.5493059757460304,90014847.00910008,1099.9999999999995,0.9806305922749106,8293.026628573127
Steel,6,4,8265.22,1.289,1.2701535254716874,0.0889955734014511,0.0101364482957105,0.2816465566812709,0.0454897528886795,0.2303365814208169,0.4588520672565037,0.0385786181688308,0.33630374733747,0.3014008475280853,0.0663411799073219,0.4871895762512273,0.1853722293630809,0.1106083685159683,0.6164029329541915,0.385606981522798,0.0609106716513633,0.8921716031454914,0.3527157446564463,0.0733112156391143,1.0229469690743247,106147699.00835484,465.7344607639939,0.1524571549349931,107300378.8236968,85.49644333436845,0.5193712074809483,111177929.82557136,68.71938636960131,0.4290498401764394,93977160.18368304,299.6440457919825,1.132094963489755,8159.908886916534
Steel,2,3,8265.23,1.29,1.2927238523960114,0.0924435466527938,0.0367212319249127,0.2682957299705388,0.0891714531183242,0.3905776109775764,0.2327007501648786,0.1451460963487625,0.580037257788324,0.0,0.0,0.0,0.0,0.0,0.0,0.0,0.0,0.0,0.0,0.0,0.0,69368384.08548875,251.29862859152664,0.1651700993788397,72074696.29432067,885.6845203479335,0.3489659792379187,72243975.76141767,252.93897677278812,1.0316557245148337,0.0,0.0,0.0,8316.024789834655
Steel,6,2,8269.92,1.347,0.9533214792609216,0.1074448405504226,0.0327826944914442,0.3426559643413258,0.0931342440843582,0.1427931138590742,0.2438597668180736,0.1205909955501556,0.2977270360224721,0.2342643432170637,0.0801715466380119,0.4267920675933438,0.2507946708824728,0.0975636327266693,0.5797148423029528,0.2241170763643872,0.0757371640205383,0.718094733749682,0.2818022022867424,0.0351706698536872,0.8115497323819012,150348244.852403,140.59562877105145,0.1259733692578857,164600700.42811263,293.0477065542073,0.8327801945082889,0.0,0.0,0.0,0.0,0.0,0.0,8251.688764891205
Steel,3,2,8270.22,1.351,0.3935707002878189,0.1057893773317337,0.0362334382447304,0.2162171390814668,0.0858381509780883,0.084934673302076,0.4253202448099895,0.0902690118551254,0.2315132851651801,0.1622663826622379,0.0961810958385467,0.3448488663289005,0.0,0.0,0.0,0.0,0.0,0.0,0.0,0.0,0.0,59561663.81087887,399.53331753317474,0.0612045185849312,67616705.64754808,452.9767545789534,0.3208027548407385,0.0,0.0,0.0,0.0,0.0,0.0,8253.591945296419
Steel,3,3,8270.84,1.358,1.1359913274645803,0.0567349379062652,0.0381221402664082,0.4854450819662894,0.02,0.3369558026023561,0.1201504527137957,0.0617223107814788,0.489112483253261,0.1858411109954187,0.1119637775421142,0.8276528551319393,0.0,0.0,0.0,0.0,0.0,0.0,0.0,0.0,0.0,31499232.10233329,707.3507574581351,0.16597599714452,43557327.6586824,267.3308488200217,0.6185123245807618,35119564.93559833,170.88109838944376,0.9860596436383736,0.0,0.0,0.0,8782.046524390864
Steel,4,2,8272.42,1.378,1.2006683230400086,0.1209385517835617,0.0288321658486288,0.2563883475909392,0.0513215187191963,0.2180766965391571,0.4316522019311727,0.0898270004987716,0.4151131878463317,0.3988988176035736,0.02,0.6969349640647823,0.3273388747945136,0.0740516567230224,1.048559277383788,0.0,0.0,0.0,0.0,0.0,0.0,255702990.0107349,838.3808241725284,0.1298539652391403,189479742.0550519,209.4224758491372,1.013347612788294,0.0,0.0,0.0,0.0,0.0,0.0,8257.502462088896
Steel,6,4,8273.31,1.389,1.426260221004486,0.0862196559906006,0.0110014185937036,0.3165332875862855,0.1195452207326889,0.2035664530151834,0.3117206124387261,0.1126746577024459,0.5020993109276264,0.4126412716978377,0.0804416242241859,0.6727821137573375,0.1420075427997565,0.02,0.8134259970933361,0.240334185545972,0.1438329946994781,0.9922001424336604,0.3087570410810552,0.0777894282341003,1.1672480907455334,139549881.8903001,374.4886686228977,0.1769719255278599,180455427.95852455,925.7004583633512,0.5317134254519998,147200740.95950228,756.0882842990467,0.5890110128701659,134901124.49060923,177.7150084676836,1.2836341974777772,8245.332099045452
Steel,3,3,8273.64,1.393,0.7730463892221451,0.1044309871196746,0.026719682706018,0.3908581038432818,0.1249816954135894,0.1710687469591694,0.1590044941425403,0.0945554852485656,0.431940620500599,0.2222243286189766,0.1268918192386627,0.6517723492357992,0.0,0.0,0.0,0.0,0.0,0.0,0.0,0.0,0.0,75589074.28193463,498.0119029744286,0.0976451924075822,69296976.00001112,432.9094422583344,0.4766502491464836,86355895.75502191,378.5375525890855,0.6793932035142967,0.0,0.0,0.0,8172.864585358047
Steel,3,2,8273.87,1.395,0.9588227793574332,0.0723404667377472,0.023041457081857,0.209596474929464,0.069003600180149,0.1123298941818915,0.3251552289153088,0.1043575930595398,0.3460083108636153,0.2507570617492261,0.02,0.6227502287179745,0.0,0.0,0.0,0.0,0.0,0.0,0.0,0.0,0.0,235052854.05650267,472.7518159648313,0.1383344862624241,285548364.5761793,378.8344392543958,0.7526906942786289,0.0,0.0,0.0,0.0,0.0,0.0,8279.780890317741
Steel,4,3,8274.31,1.401,1.8229106843471528,0.1375239077806473,0.0072504424805453,0.3205334518914412,0.0538199126720428,0.4398029051592618,0.339574791514611,0.1222520172595977,0.894469656682735,0.1532784927798087,0.0684549176692962,1.295278893217629,0.3522456332970587,0.1096239781379699,1.6406096159124377,0.0,0.0,0.0,0.0,0.0,0.0,190476830.82624432,888.6801722444668,0.1824292810879786,204637912.8775037,720.8480668217954,0.5107706188856753,240406767.55759597,656.1664834936425,1.5523231780227094,0.0,0.0,0.0,8147.211872435733
Steel,5,2,8274.87,1.408,1.3097001433372495,0.1164555331468582,0.0088726083948944,0.1809857735938342,0.0780770021677017,0.2589620123796481,0.1569560982166315,0.0736526307463645,0.358475741997845,0.2028098182661908,0.0923386949300766,0.618595343049105,0.1836966272363979,0.0503418917953968,0.809321372988359,0.2138174325213423,0.0869732362031936,0.983039836042691,0.0,0.0,0.0,115135106.4728276,653.759405855794,0.1739592164217071,150581545.21716288,383.7504823160498,1.1259545167103893,0.0,0.0,0.0,0.0,0.0,0.0,8237.35806704113
Steel,4,4,8277.23,1.437,1.0732582569122315,0.1006260759830475,0.0371280428244215,0.2738861315844351,0.0383089473843574,0.3760019654195629,0.257559195474502,0.023164969291538,0.5055337413632649,0.2369453500986321,0.0669282218813896,0.6592363617169534,0.1382137069109707,0.0724494004249572,0.8716074130356919,0.0,0.0,0.0,0.0,0.0,0.0,26836897.121830504,781.4562370402957,0.1387759342822212,21869624.51083938,509.0808276697619,0.3982633048928987,22261617.92372889,733.4430392253211,0.6461426333105047,23164738.28572231,386.2200131099203,0.9265768489698304,8250.21214459996
Steel,5,2,8277.67,1.442,0.7843014493584634,0.0873401482701301,0.0160325906388446,0.2547957955785898,0.1129341197013855,0.1313254997874453,0.3174614192992284,0.0626824557781219,0.2803823379703988,0.2407032752942454,0.0397909066081047,0.4444071011998883,0.2547969950426669,0.0347970244288444,0.5782371227550231,0.2464049859608126,0.1066699391603469,0.6733280989563033,0.0,0.0,0.0,96339457.79231584,1034.3974969246865,0.0887557553186945,104323980.93090431,453.930956503796,0.7058713036383156,0.0,0.0,0.0,0.0,0.0,0.0,8314.435888228565
Steel,5,2,8277.7,1.442,1.0616691380739214,0.1106058466434478,0.0119482503430581,0.3443177834549307,0.0458604131639003,0.1600452886645869,0.2840366001947336,0.0855722731351852,0.3099665298997087,0.2094124360873122,0.0749028679728508,0.4593867125467576,0.3168761900674046,0.0541281753778457,0.7239356461588957,0.1633927274569104,0.0754685121774673,0.905012558440214,0.0,0.0,0.0,115063563.99791811,577.0043523847842,0.1735320614534394,99455738.00997956,646.3006101538858,0.9282603921040832,0.0,0.0,0.0,0.0,0.0,0.0,8300.214587711882
Steel,1,4,8277.71,1.443,0.9149433225393296,0.087808952987194,0.0170556915470967,0.1933892460765185,0.0617091768980026,0.7593999167362552,0.0,0.0,0.0,0.0,0.0,0.0,0.0,0.0,0.0,0.0,0.0,0.0,0.0,0.0,0.0,11363649.575734723,235.41709583519844,0.1836357468826303,12193673.446059767,537.6677638530456,0.4208868392465956,10719619.749430528,601.574254132252,0.7151669423217588,14054202.765426088,771.6552870946351,0.8234489893704532,8374.832027426426
Steel,5,2,8277.86,1.444,1.1292001605033877,0.1030078568458557,0.0069652206813334,0.2362360370458261,0.0633620083332061,0.208740539211123,0.2540403209831699,0.1092589026689529,0.4091946679810807,0.200411725756773,0.0453429633378982,0.610011394300312,0.159912934175452,0.0458190181851387,0.7363766478131968,0.4245071810332217,0.0263693852722644,1.00159057373449,0.0,0.0,0.0,119192075.2224891,307.9604396684172,0.1400887584559582,111481860.63539504,671.6093859658654,0.984460027055536,0.0,0.0,0.0,0.0,0.0,0.0,8078.7839583369605
Steel,5,2,8278.25,1.449,1.0748965173959732,0.1196541441679001,0.0232702592249389,0.2791724010492228,0.1288310313224792,0.2393474139829951,0.2132197106479599,0.0892551225423813,0.4573510052347233,0.30977140344318,0.0680052119493484,0.5863502337585695,0.2249354166187068,0.1192733144760131,0.7901663416553875,0.2591068430509098,0.1056940644979477,0.967396865656376,0.0,0.0,0.0,147026794.3434925,507.62321415539947,0.1180672037150261,182202295.1134952,302.777625272947,0.919869271014921,0.0,0.0,0.0,0.0,0.0,0.0,8286.662334684142
Steel,6,4,8278.36,1.45,1.0457622870802878,0.0993878387212753,0.0180717064342553,0.1627424566059519,0.1277956861257553,0.2604080419621642,0.3426034391218165,0.1103463649749755,0.4574033181501878,0.2373332010118288,0.0824635371565818,0.594900114363376,0.268149198415571,0.03282111980021,0.7069140713928889,0.2495295728067154,0.0994389963150024,0.8052324097217403,0.1946942629088608,0.0791848239302635,0.937048479308562,83678483.5490422,428.5044171240573,0.1253519446199889,75329239.52939373,654.072486369516,0.4114942485526581,55556460.51765602,601.0398257217366,0.541509224246669,52514782.33004426,237.74539731061645,0.8952730714693102,8098.151805038155
Steel,6,2,8279.64,1.466,0.7842445507645607,0.1249860371351242,0.0329357592449273,0.3225825643698783,0.0732145208120346,0.0929601944009667,0.1978944776300975,0.1347846400737762,0.2447930086597405,0.2852751098616334,0.0377840627729892,0.3588763999364479,0.2932115199792234,0.0937684750556945,0.4477825414824848,0.4475498043277779,0.0455987951159477,0.5519068399272106,0.2190502784027118,0.0922955507040023,0.6584261448841592,127852783.4143478,295.6732095899855,0.1158284341156977,117932983.95095444,278.8796906862083,0.6432977303935298,0.0,0.0,0.0,0.0,0.0,0.0,8299.091820668413
Steel,6,4,8154.05,-0.073,1.1488621532917025,0.0911921142339706,0.0023310915923145,0.2362127114397327,0.0678425338864326,0.1479727778951856,0.2508827613952013,0.078368039727211,0.2796171994820606,0.1925177072075362,0.051897404640913,0.3923936693121057,0.2198301477448686,0.1010261118412017,0.5139041960071489,0.420599758787305,0.0758039996027946,0.7300712214927118,0.2458730308368165,0.0688545829057693,0.8149134092029279,43871886.81618556,619.3595061714595,0.1215370445359482,53447244.758241616,659.951002264493,0.3705664095480593,60706664.57800393,270.2644163783321,0.6858618243628155,48870787.274928726,509.8584103308028,0.975668143716412,8111.505077606184
Steel,5,3,8280.03,1.471,1.0816688284277918,0.0977512583732605,0.004347587262109,0.1465935460818515,0.0998288130760192,0.219376108437076,0.1532347601630966,0.1029389864206314,0.3510631799070582,0.4471635324040186,0.0766695806384086,0.4756252298876742,0.2689727565733381,0.0445580840110778,0.6752677322260142,0.2799933403631723,0.0814562612771988,0.8488283819569457,0.0,0.0,0.0,87879421.31155384,201.3845848290077,0.1558803653768808,80291543.97088535,864.7207975897023,0.6361590741198628,71150672.2464,852.9874512551595,0.927684478473854,0.0,0.0,0.0,8297.343598561878
Steel,4,3,8280.79,1.48,0.5742352589964868,0.1067851758003235,0.00784994520489,0.2771657865725612,0.100093885064125,0.0807292067237738,0.231843564966154,0.0915054333209991,0.2023451372460862,0.2592530318709927,0.0786372882127761,0.3403228596136535,0.4198649352407524,0.0784311637282371,0.4970952629254282,0.0,0.0,0.0,0.0,0.0,0.0,71473423.4252036,685.3365170120345,0.0689768455022225,52464739.18125666,686.8389402780683,0.2982851847212884,80353032.06945723,882.9394855258207,0.4836450033524532,0.0,0.0,0.0,8582.490515507823
Steel,5,3,8281.24,1.486,1.7919568568468094,0.110466539978981,0.0187572857584327,0.4118370887072893,0.0305003790557384,0.2091015628051288,0.440745265974319,0.02,0.2900012328403931,0.2239170366728229,0.0463766929507255,0.5091229003305937,0.4550822838168866,0.1083409643173217,0.7361167555977036,0.3785684788271875,0.0873501360416412,1.101752186731944,0.0,0.0,0.0,204034388.8823226,261.3052715905252,0.2214342469923174,194777655.9695123,339.476729886412,0.8921561632840458,149993667.13214666,352.0466043371443,1.5981172557259335,0.0,0.0,0.0,8621.323629882823
Steel,5,2,8281.74,1.492,1.4278515070676805,0.1268938587903976,0.0176435966822297,0.34327837564095,0.1248327594995498,0.2096404705128645,0.2094041004213008,0.0202383176027797,0.4605364710842212,0.2032959345192998,0.0650639969110488,0.5644154317518939,0.3639071385870528,0.0743445113301277,0.8079958804601016,0.240403342563201,0.0894446843862533,1.0640538978189458,0.0,0.0,0.0,259603018.94509637,648.3441560758886,0.2474364989584883,221137718.93136853,804.4878787393892,1.234947855221046,0.0,0.0,0.0,0.0,0.0,0.0,8119.353440808861
Steel,1,2,8281.78,1.492,1.0346397146582604,0.0913402910232544,0.0362085919629382,0.318527669108505,0.1015933328866958,0.9311657431924344,0.0,0.0,0.0,0.0,0.0,0.0,0.0,0.0,0.0,0.0,0.0,0.0,0.0,0.0,0.0,76752159.64227612,773.8944979397802,0.2692589626849361,80201886.77694094,532.0521111716619,0.8627198518209557,0.0,0.0,0.0,0.0,0.0,0.0,8431.326715339694
Steel,5,2,8283.1,1.509,0.6759520262479782,0.1175823436975479,0.0186392986499379,0.3118822769904827,0.0653126999735832,0.0746967104821317,0.4887812764823654,0.1485273081064224,0.1855161467462494,0.2485444107614342,0.0770186668634414,0.3587944905430389,0.3545523837942208,0.0743743395805359,0.4662277885091527,0.2315251589233281,0.1111387681961059,0.5853928199814716,0.0,0.0,0.0,217288150.6318998,981.3315363879246,0.0986238576189719,168022599.9204511,902.5792016401526,0.5713866256312433,0.0,0.0,0.0,0.0,0.0,0.0,8443.534955580935
Steel,5,3,8283.74,1.516,1.2218266606330872,0.1126584002971649,0.0194826503014343,0.210119298571282,0.0939221143722534,0.1471402430749673,0.3889223095953735,0.0412375903129577,0.3485055898945527,0.5035720037825604,0.1187995338439941,0.5964423019554037,0.1999412464423867,0.0337414505332708,0.8114756028349467,0.3588603382382631,0.1146732008457183,1.0278767670796802,0.0,0.0,0.0,147989920.9760198,651.986041248528,0.157766490926096,132077298.59905767,379.1552517090026,0.5456005059902609,160436016.5147758,401.8049081705652,1.0643740795509902,0.0,0.0,0.0,8290.473902289521
Steel,2,4,8283.92,1.519,0.9162529826164246,0.1134812821149826,0.0273019669824403,0.2498800842387603,0.0899158382415771,0.4880205990034984,0.3256761718033539,0.0762202817201614,0.6388633706949294,0.0,0.0,0.0,0.0,0.0,0.0,0.0,0.0,0.0,0.0,0.0,0.0,44969318.49386316,375.66775889177904,0.3142576584866035,40345623.49657487,182.79678588697155,0.5257663625053404,46371908.34417999,174.95933222550914,0.6215456427828374,36443064.38852215,454.3483429274693,0.7644743473813982,8279.748217189739
Steel,3,2,8283.98,1.519,0.25,0.1107584246397018,0.0228926544676701,0.1568419156456516,0.0889102554321289,0.0445973042853711,0.2634910276247649,0.06184186398983,0.1484485047841346,0.2474329124466174,0.0399881511926651,0.2077072334519862,0.0,0.0,0.0,0.0,0.0,0.0,0.0,0.0,0.0,32005603.11038824,829.8243546859018,0.0621899296739284,24514863.69680361,119.05536929756576,0.22170516467113,0.0,0.0,0.0,0.0,0.0,0.0,8392.293264738684
Steel,6,2,8284.08,1.521,1.422341275215149,0.1278349976539612,0.0266489619218259,0.2868569584286504,0.1253235095739364,0.1881809451331313,0.2244757201723039,0.0866014814376831,0.2992908119526232,0.3480769570997226,0.0581946232914924,0.4774149510343628,0.230392960949031,0.0625737622380256,0.5872036701667638,0.2583813663386266,0.0813675513863563,0.8899135095521478,0.2598024686336625,0.1328969871997833,1.187019784242343,485197954.7305705,1099.9999999999995,0.1753502121214156,375063252.7259891,576.1782621537791,1.2169534191699785,0.0,0.0,0.0,0.0,0.0,0.0,8328.862549372012
Steel,4,3,8285.24,1.535,1.1531300991773603,0.116508533835411,0.0039312027974502,0.3742637608401129,0.1086802756786346,0.2486103819914379,0.1751693759153551,0.0333954627811908,0.5054984284895383,0.357590264685288,0.1182985013723373,0.6296685082716335,0.2663924444366217,0.15,0.8609101112459343,0.0,0.0,0.0,0.0,0.0,0.0,124529707.8934398,542.41781906167,0.1665733659536993,94259311.31429656,344.50271119944045,0.5712380136554278,89534313.67740068,538.1223651814906,1.0148698061768655,0.0,0.0,0.0,8351.741746562546
Steel,2,4,8285.47,1.538,1.279957064986229,0.0338558051586151,0.0120605826276112,0.1521360971148922,0.1189392799139023,0.3717480216648769,0.2421162364944616,0.0400790810585022,0.6926049561194092,0.0,0.0,0.0,0.0,0.0,0.0,0.0,0.0,0.0,0.0,0.0,0.0,43194812.89721128,404.8877902953313,0.1729802931297832,43482646.85648261,259.0462864033588,0.5526503447869878,49581469.291755885,472.09737842088646,0.772080142574571,50608523.04405557,476.1548291668018,1.0535041844677084,8086.139404004423
Steel,1,3,8285.94,1.543,0.3681285794824361,0.0726653308272361,0.0345696482879234,0.2322998954998832,0.0470716768503189,0.1157268464527852,0.0,0.0,0.0,0.0,0.0,0.0,0.0,0.0,0.0,0.0,0.0,0.0,0.0,0.0,0.0,10607733.186400332,429.934826221561,0.079162912371824,11118518.333266852,531.7729188749523,0.2553428412067881,9939608.783344924,550.9951178075876,0.3016520085539667,0.0,0.0,0.0,8317.502355043209
Steel,1,4,8286.87,1.555,0.6451108381152153,0.1064267228841781,0.0080327772766299,0.1911705673781596,0.0294255091995,0.2355743287919871,0.0,0.0,0.0,0.0,0.0,0.0,0.0,0.0,0.0,0.0,0.0,0.0,0.0,0.0,0.0,10554533.23222709,893.7509104135744,0.0809930446040013,10151073.68521432,890.095389717605,0.2494000737282355,11363056.587116856,322.9921827236441,0.3556109887537639,11720226.914065111,909.2179314717188,0.5187545235889066,8135.451836233842
Steel,6,2,8286.89,1.555,0.8813155367970467,0.1034471142292022,0.0212561702222494,0.2169971691767577,0.099614525437355,0.0881415536797046,0.2998961677922887,0.1047037076950073,0.2187580546969555,0.2183872650401297,0.0615704342722892,0.3972441485019116,0.1635710124132924,0.02,0.4519190861742441,0.3071365945876587,0.0913357776403427,0.5680027397176457,0.5628993381183733,0.0497698065638542,0.7067557778979349,157050013.2800217,221.6622710395677,0.1177397177575539,164943805.4131427,229.93712799811695,0.7750768653549622,0.0,0.0,0.0,0.0,0.0,0.0,8298.509121441866
Steel,2,2,8287.64,1.564,0.6268076851963997,0.0859430612921714,0.0405920547905304,0.1371761356387502,0.0353699930012226,0.1639526632539485,0.2333308368535768,0.0708244639635086,0.4128215160839857,0.0,0.0,0.0,0.0,0.0,0.0,0.0,0.0,0.0,0.0,0.0,0.0,22354868.37362787,433.8769177047626,0.075040932199415,22204876.0773678,355.8589517538485,0.4890016065703527,0.0,0.0,0.0,0.0,0.0,0.0,8272.546824147157
Steel,4,2,8287.9,1.567,1.165179479122162,0.1129993922710418,0.0399830251563,0.2342936494360665,0.0883317756652832,0.1554174682472163,0.2108862968645536,0.0795653539896011,0.4148064438411565,0.3354530434674004,0.0739586773514747,0.6983497424542311,0.2440782886036919,0.15,0.8933368489777116,0.0,0.0,0.0,0.0,0.0,0.0,159923395.04363778,727.5537463771894,0.1706824758538285,167366066.64162987,585.6453529890535,1.0254036480022377,0.0,0.0,0.0,0.0,0.0,0.0,8148.087726424468
Steel,2,2,8288.25,1.572,1.3012699991464616,0.0881588912606239,0.0221597339299093,0.2089081005508427,0.0396365001797676,0.6538248472883577,0.182583741925723,0.0559622079133987,0.718468365445648,0.0,0.0,0.0,0.0,0.0,0.0,0.0,0.0,0.0,0.0,0.0,0.0,42390361.772603,507.4741052145648,0.2824801875311493,61272016.34972421,715.0494173212612,1.0985781184999934,0.0,0.0,0.0,0.0,0.0,0.0,8341.769523854058
Steel,6,2,8288.25,1.572,0.7511507958173752,0.0837123518586158,0.0270105087639038,0.2858890055750517,0.041969074010849,0.1300941618490223,0.2915790471796011,0.0361652612686157,0.225937053931105,0.3874341606238073,0.0755049887299537,0.3309013294402581,0.1832973759409644,0.0580865961313247,0.4390904597092493,0.2641931637652569,0.0534191897511482,0.5016851836596882,0.2062163980837788,0.1053750699758529,0.6056050251130644,114193558.53849097,390.5617814693077,0.1123923635202382,124283128.73354658,340.50334903092534,0.6219694889269325,0.0,0.0,0.0,0.0,0.0,0.0,8329.356130960716
Steel,3,2,8290.5,1.599,0.562385768443346,0.1171641443967819,0.0231602769224127,0.4881240965463919,0.088487359881401,0.1301087906895125,0.247298673932938,0.1150388264656067,0.2647434858837308,0.2996644646727691,0.0910095769166946,0.4563129838976359,0.0,0.0,0.0,0.0,0.0,0.0,0.0,0.0,0.0,111409944.41580462,302.8501444204216,0.0718635609948784,127401961.73559175,877.4331196407636,0.5007737166602325,0.0,0.0,0.0,0.0,0.0,0.0,8297.39678540607
Steel,1,4,8290.59,1.6,1.356241539120674,0.0846372147202491,0.0233161251638169,0.2072671663928244,0.0825471755862236,0.4066568580952132,0.0,0.0,0.0,0.0,0.0,0.0,0.0,0.0,0.0,0.0,0.0,0.0,0.0,0.0,0.0,19319295.95465227,320.94852148789977,0.1976127696572218,19131172.37719577,692.6389219444579,0.5992487144592867,24260334.106289007,527.1579625387855,0.7410091872965918,21779891.507318668,665.8892023782125,1.0924997194933728,8268.044831590836
Steel,4,4,8290.94,1.605,0.695267417281866,0.0948702960014343,0.0288763510465801,0.2346878161922924,0.1255791050195694,0.1256215609318619,0.2326628303579282,0.0796074056625366,0.3062619707422588,0.189534321986863,0.0736357387900352,0.4323472326845117,0.2188770720295833,0.0736165028810501,0.5184386712771897,0.0,0.0,0.0,0.0,0.0,0.0,35122098.4182556,568.811315572184,0.0856958415668828,40366903.48367512,377.9315881902141,0.3749746841040285,29896166.637139626,457.6984025842109,0.4706201954248347,30280447.53832572,445.1166404287905,0.6008199942517971,8226.238132696353
Steel,5,2,8291.87,1.616,0.8294962450861931,0.1093641053438186,0.0227197370329944,0.2214305184013544,0.135238196849823,0.1232105712407849,0.3773369014471802,0.1364177823066711,0.2874639663702402,0.2060554088679726,0.1003271567821502,0.4237439443544838,0.2947123121627291,0.0626543167233467,0.5372971205942676,0.3723306935210881,0.053343788087368,0.6554433053574079,0.0,0.0,0.0,211501970.7142583,554.7482366376198,0.0899771908990432,154881283.00906637,352.5058779155927,0.7014672678509823,0.0,0.0,0.0,0.0,0.0,0.0,8338.219031656468
