material,n_disks,n_bearings,cs1_pred,rel_err_pct,cs1_ross,L,OD,ID,d0_OD,d0_W,d0_pos,d1_OD,d1_W,d1_pos,d2_OD,d2_W,d2_pos,d3_OD,d3_W,d3_pos,d4_OD,d4_W,d4_pos,d5_OD,d5_W,d5_pos,b0_K,b0_C,b0_pos,b1_K,b1_C,b1_pos,b2_K,b2_C,b2_pos,b3_K,b3_C,b3_pos
Steel,3,3,5000.344686486081,0.007,5030.172424885404,1.0643597468733788,0.1096235818862915,0.030066736107656,0.3464554894509969,0.0952335888147354,0.2987179603065495,0.2211669041769535,0.0701551163196563,0.5421356515215495,0.3165626791674557,0.0364381961524486,0.7903492303975441,0.0,0.0,0.0,0.0,0.0,0.0,0.0,0.0,0.0,19399772.013254955,984.855759205503,0.1422818099123066,21233834.65490315,203.021994215598,0.5879285244774044,22412282.9444208,661.9117159217554,0.9579237711216811,0.0,0.0,0.0
Steel,2,2,4999.3906084768005,-0.012,4976.945967751327,0.8967653244733811,0.0737623909115791,0.0131216824643843,0.2655396678859646,0.0382430861890316,0.1650093965907804,0.0963617160735299,0.0832180070877075,0.4872824938336424,0.0,0.0,0.0,0.0,0.0,0.0,0.0,0.0,0.0,0.0,0.0,0.0,7652721.401296251,686.663614448954,0.1098626575494801,6816872.229424534,632.535594889566,0.7064335785296376,0.0,0.0,0.0,0.0,0.0,0.0
Steel,6,3,4999.267402308774,-0.015,5049.596746094918,0.8483765989542008,0.1272315837144851,0.0549620844940891,0.2024020371933308,0.1153950375318527,0.1161155144266105,0.2666464031583901,0.1452988135814666,0.2664455510630922,0.2938905325851543,0.02,0.4422598588096972,0.3604366598176735,0.1058427911996841,0.559017151404477,0.3197726475880004,0.0259455143660306,0.6621208400126797,0.2901956011812423,0.02,0.73542460634041,30954797.238017168,213.22614876703705,0.1305629599716545,32103045.88729954,117.10467201036349,0.6266310066272359,37451624.31405536,329.93690700021824,0.7635389382104042,0.0,0.0,0.0
Steel,5,3,4998.91787934127,-0.022,5000.177113681846,0.8307361602783203,0.1042483116388321,0.0133277255853252,0.3033482151084533,0.0205908406665548,0.1277021753356225,0.3033407335983735,0.1049263250827789,0.2165374132567722,0.281911868474783,0.0648373192548751,0.3556979664444703,0.3238847038945532,0.0936535012722015,0.493293709269184,0.3927272253722671,0.059397973716259,0.6624786151320298,0.0,0.0,0.0,21554476.266469363,767.3541598292928,0.0992201723054707,29977218.902440693,335.3514016215316,0.4381209557525801,24631001.847015712,747.459873771366,0.7089991488511231,0.0,0.0,0.0
Steel,1,2,4998.9058342473245,-0.022,5002.66829207596,1.864042523503304,0.0962844207286834,0.0119939036428305,0.4276023554517746,0.0829133862257003,1.3026290827401592,0.0,0.0,0.0,0.0,0.0,0.0,0.0,0.0,0.0,0.0,0.0,0.0,0.0,0.0,0.0,181892279.2474225,397.4892810784245,0.643862652004527,185901721.20947373,291.3828103968633,1.568745466137027,0.0,0.0,0.0,0.0,0.0,0.0
Steel,6,4,5001.621171587488,0.032,5011.956041475639,1.2464598923921586,0.1041182305812835,0.0548295249687072,0.1982242889952063,0.1078673154115676,0.2176441397904974,0.5670760074201207,0.0440288369357585,0.4885212715207189,0.2298212807024255,0.0675213193893432,0.5677594784755303,0.2387791724405336,0.0444066762924194,0.663338087405888,0.2029190530880444,0.0949826192855835,0.8594077250996373,0.4508665033732067,0.0561949411034584,1.021995118609178,24581135.61762831,440.1123011511369,0.1336540788823799,25292561.275949348,339.0894694513215,0.4078024653709003,25211918.72722897,583.859495311686,0.6307627123001733,24890471.569929685,694.5751287432197,1.0757759104284166
Steel,5,2,5002.3915080780735,0.048,5009.383398012214,1.1857488721609115,0.1200993347167968,0.016557028634977,0.2941376933922505,0.1334078449010849,0.2363346044814785,0.1928505028809439,0.0514914494752883,0.4397404195558965,0.1763496218712151,0.0587721693515777,0.6284496292929598,0.2534648308625103,0.1051066428422927,0.7412734691368255,0.3487955739679051,0.0943635213375091,0.9303988976884384,0.0,0.0,0.0,53967665.38175894,451.7358044963146,0.1319410514626181,46344615.66023225,747.5538679058865,0.9955771072288035,0.0,0.0,0.0,0.0,0.0,0.0
Steel,6,3,5003.16683637108,0.063,4951.450985504428,1.6429743945598605,0.0943283973932266,0.0307260781430754,0.3338159239425347,0.0384992724657058,0.2335859220315565,0.3444179399424116,0.0570797193050384,0.3932758387899232,0.2806881013033581,0.1158579236268997,0.6975947601225385,0.322250640944873,0.15,0.9416852279045544,0.3221685351256156,0.0810622525215149,1.1206249437451925,0.2764224647993423,0.0766179168224334,1.2998589233129472,57558646.1766829,418.7592118711481,0.1764419677692083,56214532.85626477,810.3723867800143,0.7864864620158984,50454521.61126474,336.9709832726735,1.4765538371943412,0.0,0.0,0.0
Steel,5,4,5003.6661868072015,0.073,5035.487655244148,1.1149091854691506,0.1344780271053314,0.0249532678598399,0.4918711542226761,0.0589737337827682,0.1506983666751763,0.1683014202993493,0.074649294912815,0.3438273180475936,0.2838498282361061,0.15,0.5662729309197557,0.3883667816014853,0.0828027012944221,0.8055593800709903,0.357195412474635,0.076399227976799,0.8947448522616523,0.0,0.0,0.0,32406928.05818232,300.932379438566,0.1184484196389585,29890948.868764546,134.2725604474802,0.5238632547935016,32222307.242045168,430.9194619765308,0.7416612610060878,28980270.87622044,165.40163964634178,1.0034182658073263
Steel,3,2,5004.018540920552,0.08,4988.311303241296,1.1035720303654672,0.060102868437767,0.0323176302497019,0.3475098824085652,0.0823622086644172,0.2239495940188345,0.1930968726496779,0.0673917627334594,0.5319374709817536,0.1039746990501919,0.1225490987300872,0.6859918173826226,0.0,0.0,0.0,0.0,0.0,0.0,0.0,0.0,0.0,34754848.91385288,654.3094208547528,0.1399884856069734,33653123.245796904,402.2529873618376,0.8984531787166143,0.0,0.0,0.0,0.0,0.0,0.0
Steel,5,3,5004.092397121664,0.082,4954.383699359611,1.111429715156555,0.1013302013874054,0.0160432232185987,0.2032432901794753,0.0753486606478691,0.176468556679048,0.2546124525523162,0.1167863225936889,0.3382007333288507,0.1747576034576252,0.0488555972278118,0.4860939479071833,0.2141124638299091,0.1183222275972366,0.6652540350892744,0.4487821624119871,0.15,0.8922494788061185,0.0,0.0,0.0,39090853.1211362,1099.9999999999995,0.1233516837777575,37241162.98132032,573.1301423791153,0.7826886649501072,34203059.95914944,189.901923534756,1.00028674252947,0.0,0.0,0.0
Steel,5,3,5004.930472143828,0.099,4976.59599260318,1.1733032420277596,0.1194674398899078,0.0113370548605695,0.3304519767143222,0.0630457684397697,0.1173403242027759,0.2622123856783254,0.0564806321263313,0.3157890324669507,0.2854245320554073,0.0810600170493126,0.492328299222773,0.3305331830671382,0.060973427593708,0.7036386564568126,0.2244288103478299,0.0619259169697761,0.9458723906586274,0.0,0.0,0.0,30391459.6578127,234.7377214425612,0.1356683158222696,23645087.40537896,543.2163074310647,0.6785818932436323,29095601.576443963,792.3790684056614,1.025296080542062,0.0,0.0,0.0
Steel,4,2,5005.375106886664,0.108,5014.188582263287,1.3578354716300964,0.1062857488393783,0.0300989182725549,0.3151661064465841,0.1073971611261367,0.3780534488635519,0.2571576432298543,0.0818790793418884,0.6645357202341603,0.426200021888355,0.1273890626430511,0.8424194473385391,0.3528839697833966,0.1444724327325821,1.1369525974960792,0.0,0.0,0.0,0.0,0.0,0.0,162436894.85946447,578.9653307779835,0.2598105117797228,129281130.41883355,342.1927934504499,1.1791005250145528,0.0,0.0,0.0,0.0,0.0,0.0
Steel,6,3,5005.972063718318,0.119,4992.376137408864,1.2983886808156968,0.1007717051506042,0.0228539095869695,0.2398774022498187,0.1116439306735992,0.1298488680815697,0.3295067045592967,0.0640475040674209,0.3350030868120092,0.3057223812893832,0.0922731727361679,0.4827456115904422,0.3550456253114817,0.0954642415046692,0.647079793160973,0.2089103038150541,0.1310921669006347,0.820796167120262,0.1665824627832829,0.0714291068911552,0.9518617279185068,35455962.71545595,465.6150428780074,0.144447226457292,33590423.40008686,405.067256324092,0.5110563267334933,38937216.16860047,447.3895695093825,1.0849811985162607,0.0,0.0,0.0
Steel,4,2,4993.835618460952,-0.123,4969.236201246871,1.2169939190149308,0.1031835581064224,0.0421384955987988,0.1990442159064596,0.0718605685234069,0.3420505195749252,0.3353371284831033,0.1071830981969833,0.6148097148721896,0.3414505939016459,0.0967843633890152,0.8183160052456117,0.3443703245503246,0.0830954319238662,1.0027770761655057,0.0,0.0,0.0,0.0,0.0,0.0,90386701.93193953,382.7931758448874,0.1740093416890164,88268157.35847035,619.8764466714314,1.095294525896444,0.0,0.0,0.0,0.0,0.0,0.0
Steel,2,3,4992.760252286456,-0.145,4999.793792732673,1.5785665094852448,0.0964294828176498,0.0100909887938502,0.3237597810427221,0.083164541721344,0.4463987052011359,0.2066765434309461,0.1089956593513488,1.2417651969396442,0.0,0.0,0.0,0.0,0.0,0.0,0.0,0.0,0.0,0.0,0.0,0.0,15597882.597226992,514.4713740213796,0.1865934399069538,17425944.84756524,411.63735769728,0.7561871956775899,20041787.53640687,490.3619586806283,1.384132315428471,0.0,0.0,0.0
Steel,4,3,5007.360308074316,0.147,4993.618911788518,1.405581882596016,0.0780239907503128,0.0383282708288781,0.197902397436342,0.02,0.2854117803568529,0.3146186577102791,0.0896002608537674,0.652912828581671,0.32042319774396,0.0701378059387207,0.8917531071333179,0.2560427514261459,0.0431259173154831,1.0461796810260346,0.0,0.0,0.0,0.0,0.0,0.0,17929084.188816626,452.4209699779833,0.1684840899455784,24229083.783664983,730.6617127266746,0.7639666840017459,17525888.37795658,190.14138833896484,1.2650236929308325,0.0,0.0,0.0
Steel,1,2,5008.163932889897,0.163,5018.139637253741,1.4790701657533647,0.0843486986756324,0.0143563366540709,0.1921834407323562,0.0700990203022956,0.5349515911363951,0.0,0.0,0.0,0.0,0.0,0.0,0.0,0.0,0.0,0.0,0.0,0.0,0.0,0.0,0.0,12488297.77206838,464.9408979641609,0.2851015167040893,12034106.792563146,533.9080218439458,1.072560155166946,0.0,0.0,0.0,0.0,0.0,0.0
Steel,3,3,5009.541546155638,0.191,4993.020052315844,1.164563573896885,0.1172756134271621,0.00851319688651,0.2164779723623713,0.0540510573983192,0.545822761358756,0.2890629530904857,0.134004076719284,0.7427270446384331,0.384568043151797,0.0472883433103561,0.8397844905539896,0.0,0.0,0.0,0.0,0.0,0.0,0.0,0.0,0.0,19221943.833347093,419.642933067757,0.2385734376446319,31676064.743941464,112.48483732798,0.8958540024776174,29291747.527668364,380.8304295764103,1.048107215342633,0.0,0.0,0.0
Steel,3,2,4990.249546673486,-0.195,4964.561567209158,0.2633066434878855,0.0879219455122947,0.0128206742639157,0.4917391605089112,0.0735962596535682,0.0280912091599449,0.3721637028830487,0.0762475296854972,0.1097227260871046,0.4906043683385978,0.1498935651779174,0.2310363343174866,0.0,0.0,0.0,0.0,0.0,0.0,0.0,0.0,0.0,58694861.18149542,601.1717561641223,0.0436768281741924,57035173.96867456,304.103591060089,0.2200092600409553,0.0,0.0,0.0,0.0,0.0,0.0
Steel,6,2,4989.975932994511,-0.2,5008.405931436115,1.2190864861011506,0.0944632182121276,0.0166374348524783,0.1818861998800492,0.0831166476011276,0.1882534695552973,0.2942831511254984,0.1002838808298111,0.2942704420593774,0.1777065683922024,0.0315033195912838,0.4512893517472562,0.3248867517906318,0.0523183184862136,0.5993027753278225,0.2598511680638304,0.0447777026891708,0.6796860364387629,0.2577092088745592,0.1282985860109329,0.9212082175321004,66936437.53515403,340.9400934597913,0.1369267160058663,61215890.33818776,118.55404477159507,1.051020046533851,0.0,0.0,0.0,0.0,0.0,0.0
Steel,5,2,5010.492530393995,0.21,4992.816663940994,0.6613134294748306,0.084885772883892,0.0453841218723694,0.2917926799441268,0.1282491964101791,0.0965439494777649,0.2317919649668682,0.1067505323886871,0.2733289307058532,0.3812956124733292,0.0565086704492568,0.3791147682987417,0.3085982419625935,0.0516017585992813,0.4766525352462041,0.3124904674299618,0.0972407174110412,0.5641567895388204,0.0,0.0,0.0,39119936.49709091,208.05444879851188,0.0743479282778477,41956358.882185385,650.0513854993081,0.5940957782551884,0.0,0.0,0.0,0.0,0.0,0.0
Steel,1,2,4989.451797134931,-0.211,5018.285920258819,1.4125058680772782,0.0963790551424026,0.0184064512260045,0.5994102006869485,0.0729944449663162,0.6399807608172661,0.0,0.0,0.0,0.0,0.0,0.0,0.0,0.0,0.0,0.0,0.0,0.0,0.0,0.0,0.0,60918226.17158482,1060.054828525688,0.2776056510449749,61039244.409577,629.2889541643925,1.0433568567382732,0.0,0.0,0.0,0.0,0.0,0.0
Steel,2,4,5010.678004686568,0.214,5042.447381127687,1.2176669985055923,0.0764223661422729,0.0547291324781176,0.3751008841133531,0.0362754929065704,0.5544463681745172,0.2848773327897621,0.119174256324768,0.8090088742926054,0.0,0.0,0.0,0.0,0.0,0.0,0.0,0.0,0.0,0.0,0.0,0.0,7649742.610819224,517.8088609275367,0.1560503706539298,9474001.05990747,125.72377546555576,0.4156052281443105,11386197.525473457,792.4818818503139,0.7025517220501749,11741600.60496894,611.5351646152765,1.0618328943668187
Steel,5,2,5010.986728844223,0.22,5040.357138639921,0.7734396070241928,0.0622849360704422,0.0120798892482733,0.1786380875613061,0.0507816037535667,0.1172142382899983,0.2618580622340085,0.0887670844793319,0.2114973697121527,0.3172793828401206,0.0929822319746017,0.3513465185628232,0.2842623252229889,0.1150943219661712,0.5155804609210138,0.3070590089886216,0.0301557792723178,0.6490726577830793,0.0,0.0,0.0,177783093.85303697,528.8179387565159,0.0773439614758588,203921177.10524404,626.4931772732026,0.6810018881371878,0.0,0.0,0.0,0.0,0.0,0.0
Steel,4,2,4988.52398759103,-0.23,4960.055141327713,1.6976544946432115,0.116978294968605,0.0167430422300646,0.3205352444675657,0.0665340426564216,0.4885230386644503,0.2161621905659862,0.0760544964671135,0.801990302614201,0.3426736755273858,0.0637992194294929,1.1407033307646042,0.3327940098618163,0.0844121173024177,1.290591740002378,0.0,0.0,0.0,0.0,0.0,0.0,119318013.63820428,392.8784608769535,0.2746680827829063,129136005.46580677,331.4953486870968,1.5200962238319258,0.0,0.0,0.0,0.0,0.0,0.0
Steel,2,2,5012.013500404421,0.24,5018.794051932109,0.93675919175148,0.1243811335563659,0.027639892021426,0.3663185534879341,0.0966800206899643,0.252480543312988,0.3446166415329372,0.1479485881328582,0.4821578415862175,0.0,0.0,0.0,0.0,0.0,0.0,0.0,0.0,0.0,0.0,0.0,0.0,37443258.41581056,502.08857053065856,0.1068191492440101,41211773.4345308,403.1788350355793,0.6521943043091902,0.0,0.0,0.0,0.0,0.0,0.0
Steel,2,4,5012.149405659347,0.243,4968.898484668355,1.318159618973732,0.0854665079116821,0.0181450445003666,0.2505824821238927,0.109252455830574,0.3259796940946364,0.1902211005164396,0.1246603453159332,1.0252822971504858,0.0,0.0,0.0,0.0,0.0,0.0,0.0,0.0,0.0,0.0,0.0,0.0,9778036.927037206,519.8127243220723,0.1623412462811406,14814128.490493244,243.5246364000802,0.64687189134205,9245305.814148577,242.7548398402934,0.6563523452255462,13055905.167317951,735.1324327177717,1.0795545770371415
Steel,1,3,5013.067609693031,0.261,5014.40893484845,1.142336402833462,0.0994892272949218,0.019315045994305,0.3540115071968839,0.1049530500173568,0.6147888607286982,0.0,0.0,0.0,0.0,0.0,0.0,0.0,0.0,0.0,0.0,0.0,0.0,0.0,0.0,0.0,18702619.232444946,1067.3431356122703,0.1443137255761931,18806311.21607477,649.8466968374447,0.3175745134587774,21048398.07139011,380.4473816058816,0.8367586258621046,0.0,0.0,0.0
Steel,5,3,4985.29385410658,-0.294,5025.72582357272,1.1161407753825188,0.0924257048368454,0.0346626533556697,0.3019904865654581,0.0529311206936836,0.1372633562809439,0.4080964538185999,0.1251555198431015,0.265665004231324,0.3747976294352685,0.0905284816026687,0.4758730101165829,0.3696467045655586,0.1194487583637237,0.6716121445531158,0.4292828600199354,0.0903836059570312,0.9040733397801654,0.0,0.0,0.0,59838404.45593268,710.1475203430713,0.1242195172910214,46278341.80489332,424.4040926587064,0.5912364940889967,54169584.059318095,797.9127299684116,0.9719792272551542,0.0,0.0,0.0
Steel,2,3,5014.7413010202245,0.295,4985.8113775855845,0.8563324227929116,0.0939103758335113,0.0211485613541687,0.3301658854326454,0.02,0.2942831972375564,0.4669964039053982,0.0668157857656479,0.6032462374900408,0.0,0.0,0.0,0.0,0.0,0.0,0.0,0.0,0.0,0.0,0.0,0.0,15669464.733161846,549.208706710015,0.1029816496677605,15549304.937032549,538.9063163749563,0.5009873622274323,14985060.28550722,782.1054893583384,0.738776728149676,0.0,0.0,0.0
Steel,4,3,5014.7720173156695,0.295,5013.677400658508,1.826445233821869,0.1036519650220871,0.0212262371579813,0.4844215905822003,0.0773272201418876,0.4017000562318215,0.1701377911048286,0.0973983317613601,0.9550222814099468,0.2424634770608258,0.0958458679914474,1.0744264879991583,0.2072252776032418,0.05642802298069,1.5147317337756054,0.0,0.0,0.0,0.0,0.0,0.0,42246957.16957625,756.5465030155437,0.2217349219397298,34720169.98780474,479.7712378040084,1.049342915461098,35248387.856938295,107.78465231229931,1.571902563664349,0.0,0.0,0.0
Steel,4,4,4984.761203415171,-0.305,4964.421922900247,1.1141166299581529,0.1018567126989364,0.0366220644528509,0.2771132504516161,0.039454872906208,0.3907782084302746,0.2587092358993269,0.0244733217731118,0.5250424478226282,0.2386663577053452,0.0681462675333023,0.6842527732970426,0.1379380600222396,0.0732956564426422,0.904181943752794,0.0,0.0,0.0,0.0,0.0,0.0,10139181.3080691,779.9000215863553,0.1441798456966543,8262578.601688737,509.3166657367629,0.412248272064575,8427447.523205208,728.2624081949367,0.6696597042117116,8733654.565691533,386.3136217939731,0.9602578556697772
Steel,1,4,4984.5671477961005,-0.309,4971.299611438289,1.1119474813342096,0.1078317828178405,0.0077360864432405,0.4118516034482399,0.0690954637527465,0.3626002585994832,0.0,0.0,0.0,0.0,0.0,0.0,0.0,0.0,0.0,0.0,0.0,0.0,0.0,0.0,0.0,17341860.20383745,582.9587247551696,0.2308396344401748,20164311.5255426,582.3799164257415,0.6091375622254627,24609030.30471656,651.1632526805253,0.7275358136890027,18142334.351674464,341.0897850845744,0.992093752317601
Steel,3,2,5015.620405597594,0.312,5006.311433166568,1.0468429744243624,0.0910656133890152,0.0211513287920799,0.3221219345427925,0.02,0.4147960030072806,0.1812468565277446,0.092683042883873,0.6281680467790619,0.2755163874858463,0.0321113806217908,0.7150157494108995,0.0,0.0,0.0,0.0,0.0,0.0,0.0,0.0,0.0,17811625.65125517,644.9051693234579,0.1842194837343962,13768406.030021198,378.1545053622383,0.9325653764122694,0.0,0.0,0.0,0.0,0.0,0.0
Steel,2,3,5016.096878388003,0.322,4950.770805522415,1.280807676911354,0.0831215702295303,0.0243540437305252,0.265726505247362,0.090415568947792,0.2347801576824789,0.3180268977296795,0.0917743021249771,0.8723224826287979,0.0,0.0,0.0,0.0,0.0,0.0,0.0,0.0,0.0,0.0,0.0,0.0,17560234.65695487,493.271182602781,0.1349282158831881,15173570.839725014,111.1385515626758,0.5148811484065656,14830507.79650441,900.7167376396061,1.1060067925876216,0.0,0.0,0.0
Steel,4,3,5018.345852141235,0.367,5027.382039894806,1.2435242116451264,0.087968310534954,0.0140921077416724,0.2329585251139773,0.0358479414135217,0.3216379774586301,0.19419385845512,0.0900045210123062,0.678095909227626,0.44467403229381,0.0571488097310066,1.0001039690926066,0.2881766832276469,0.0510344310104847,1.0820987871939842,0.0,0.0,0.0,0.0,0.0,0.0,29308281.18735624,538.1809091829696,0.1559088129711946,23235892.583087657,388.5125670547353,0.6373809302172448,26811234.522647068,338.4650064628853,1.0550437874764031,0.0,0.0,0.0
Steel,6,2,5019.040119456226,0.381,5019.800497920967,1.32313791513443,0.1027370556592941,0.0277240793972106,0.2151844957205928,0.0903649085760116,0.2509991424067531,0.1884641742478489,0.1004420453310012,0.4000602451510043,0.2236438945920748,0.0763735529780387,0.5072489928429007,0.3492914068135691,0.0607900491356849,0.7176903855088814,0.1765809624522426,0.1155103832483291,0.9007142242632336,0.3959806886021024,0.0359915695339441,1.0903256248593838,73205177.89448509,478.1554345624673,0.1522537566993539,121109644.59187496,381.68573538688906,1.1908241222978493,0.0,0.0,0.0,0.0,0.0,0.0
Steel,5,3,4980.001322281247,-0.4,4983.602892275739,1.2644995033740998,0.0914411886930465,0.056287264692157,0.3218127784825709,0.1010492801666259,0.2047875012804494,0.2970873494863637,0.1186577033996582,0.478954878925997,0.3484600085965884,0.0366054788231849,0.6728841152813609,0.1893791865677286,0.0409291590750217,0.907635261306629,0.3142371808858323,0.1456846863031387,1.0442265443277294,0.0,0.0,0.0,32200326.153207373,237.94029250859305,0.1560604772388906,27837385.828519963,815.779261127242,0.7380409714411378,32437650.670995,238.30958529879945,1.135534521227607,0.0,0.0,0.0
Steel,2,2,5021.089571852997,0.422,4987.125040978764,0.7575286209583283,0.0849653924107551,0.039991301638812,0.1397976029617759,0.0371277889609336,0.1995482180484882,0.2414329765824649,0.0727549821138382,0.4936545383810483,0.0,0.0,0.0,0.0,0.0,0.0,0.0,0.0,0.0,0.0,0.0,0.0,9154426.512466095,435.3605941581054,0.0903988024238319,9092187.306162847,355.78919402551907,0.5877127155985519,0.0,0.0,0.0,0.0,0.0,0.0
Steel,3,2,4978.523711415288,-0.43,5013.817437059754,1.110614389181137,0.0783358797430992,0.0349124272502121,0.2670222371214018,0.0733005109429359,0.2271708385888753,0.1918204253793596,0.1275784772634506,0.4952587184534209,0.2988804730740382,0.0630384266376495,0.7469236908860295,0.0,0.0,0.0,0.0,0.0,0.0,0.0,0.0,0.0,36778318.72678183,974.4901865266748,0.139139305528165,35786775.37251724,517.0810164861516,0.9804032739709876,0.0,0.0,0.0,0.0,0.0,0.0
Steel,2,3,5021.931741007152,0.439,4997.330314452467,0.7468789905309677,0.1207357577085495,0.0057021118516777,0.257431687880392,0.127967666387558,0.0903287886450644,0.3496099449478055,0.0356740065664053,0.4957932448255739,0.0,0.0,0.0,0.0,0.0,0.0,0.0,0.0,0.0,0.0,0.0,0.0,21965277.88186538,536.043629274787,0.1285655272407506,19678520.85966371,351.1253694398519,0.391389325031923,14765634.02819885,355.559205687181,0.611151773696717,0.0,0.0,0.0
Steel,4,3,4977.764541050175,-0.445,5035.297243742343,0.7648580089211464,0.1389108381271362,0.0244606344810014,0.3020805090907101,0.0944625717401504,0.204036039645845,0.3260486433475394,0.0925958168506622,0.4037318412458842,0.1483405971847878,0.0548480439186096,0.4972971176831991,0.1608919478805817,0.0462565682828426,0.5588232178439974,0.0,0.0,0.0,0.0,0.0,0.0,19516783.380079467,927.4610173704458,0.0881248666269961,18009719.57664917,193.0495332926204,0.3374415076367696,23685039.90556437,188.30138296495687,0.6384634092723243,0.0,0.0,0.0
Steel,6,4,5022.338140654068,0.447,4995.513557716038,1.3003805726766586,0.1194683793783188,0.0393017340542321,0.3915208093026274,0.1322696059942245,0.1729302545026221,0.2639023234932933,0.1327063482999801,0.3123591757470014,0.2101188236107456,0.0583337610960006,0.5304419381124946,0.2313047527144701,0.1039846140146255,0.6681593859871899,0.4536129701165281,0.0785948917269706,0.8649450676307516,0.1751061629273607,0.1338181722164154,1.0912635022377708,44985270.67192693,275.5798756024954,0.1498288888215094,41579878.35675036,840.1076701554762,0.6269099607145592,45805176.87582048,851.1178574697667,0.8413480354939624,48669899.89329935,270.8575205381438,1.1471638337253944
Steel,4,4,4976.702109134203,-0.466,5037.111965454203,1.065742239356041,0.1326875568628311,0.0441336525946631,0.2226870479700661,0.1320028215646743,0.233118399987015,0.2780482394340081,0.1149445259571075,0.3891342816258263,0.3846278161198011,0.0532997179031372,0.6810456311682863,0.2787728742217597,0.0760192790627479,0.8631422963595443,0.0,0.0,0.0,0.0,0.0,0.0,19713120.26251082,745.457478578047,0.1196310752771194,21858531.67455336,322.2018518344946,0.3211275481563086,20364657.76768061,117.92870808133311,0.5977726753667456,20912287.12456389,232.03252293255304,0.9205842737550048
Steel,6,2,4974.325533376468,-0.513,4952.556182592963,1.139581562578678,0.1261409138441085,0.039914405922528,0.510282212601082,0.10726358294487,0.1761994663595743,0.2880556820290349,0.1134144634008407,0.3578471374473829,0.2617050452965661,0.1136414510011673,0.5405135674156865,0.1949760447988767,0.1408663874864578,0.6807727057617319,0.3055134637486434,0.0727194198966026,0.8285048095740412,0.2789210881178557,0.0565063226222991,0.9611102948798876,80575350.845046,447.5970841578188,0.1333474864282733,90376680.99804609,932.5051654742424,0.9903669857097044,0.0,0.0,0.0,0.0,0.0,0.0
Steel,4,2,5025.807227379962,0.516,5032.053919930693,0.8009050875902176,0.143858421087265,0.0076629750689809,0.1993058203128728,0.070468620955944,0.106678543227994,0.2781487223981264,0.0788551014661789,0.2423500864846423,0.2722359900502592,0.1461249154806137,0.3786802868182745,0.2033392766438777,0.132254147529602,0.6407932713450879,0.0,0.0,0.0,0.0,0.0,0.0,33109089.93399976,625.3799440561212,0.0800905095599268,45716376.02793116,671.9377996167083,0.7208145780302907,0.0,0.0,0.0,0.0,0.0,0.0
Steel,5,2,4974.158911361064,-0.517,4998.2042575426585,1.048551145195961,0.111288016796112,0.003202495880278,0.2384410717863477,0.10020592212677,0.1048651145195961,0.2539170688925379,0.0752465417981147,0.2934169095167885,0.3055516893613521,0.0472211183607578,0.4624071407498985,0.3087212312226575,0.02,0.5397937750097962,0.3666862352163036,0.0939564794301986,0.6980351522379336,0.0,0.0,0.0,45450033.235847786,316.33601784818563,0.1221559970443912,40716801.04370424,393.3688936062728,0.9226699387978942,0.0,0.0,0.0,0.0,0.0,0.0
Steel,5,2,4972.710528061008,-0.546,5008.875096303995,0.8979381412267685,0.1118102538585663,0.0266396860674799,0.3351309480755061,0.084898772239685,0.1124871255189988,0.3323091410377739,0.0763499429821968,0.2379567190194357,0.2608346083964272,0.1424592137336731,0.4136934507455158,0.3154984287177641,0.0782744559645652,0.6361145947597924,0.2826910027415805,0.0973487561941146,0.7839410763756393,0.0,0.0,0.0,50944067.09854817,176.72946011970816,0.1232128932428098,44491785.089788966,476.2170652595415,0.7507294604305101,0.0,0.0,0.0,0.0,0.0,0.0
Steel,4,3,5028.026667472175,0.561,5045.135419989793,0.6847888134419918,0.1015762457847595,0.0249385495835743,0.4279426136867724,0.1003858757019043,0.0929615289618924,0.2581657700965585,0.0570881226658821,0.2040725827848006,0.2935574350173717,0.0940749555826187,0.4088100221726816,0.389647008098269,0.0811467781662941,0.5442167450389743,0.0,0.0,0.0,0.0,0.0,0.0,33150581.191342168,265.5081736648428,0.0786007752281509,29768420.1357889,734.1831743142898,0.3332407130993519,21695118.41169202,424.9014158801721,0.5934902927378829,0.0,0.0,0.0
Steel,2,3,5028.508933976651,0.57,5008.990910281963,0.6990527451038361,0.1351658257246017,0.0409909411541497,0.2927098594701093,0.1025923216342926,0.2132254759889534,0.3793554430054801,0.0807108533382415,0.3369338420598227,0.0,0.0,0.0,0.0,0.0,0.0,0.0,0.0,0.0,0.0,0.0,0.0,23762518.39769979,773.80308884078,0.103432613358304,21262515.25844321,279.70781560083026,0.5159265220632627,22229392.850217074,308.2827216694163,0.6088973159673858,0.0,0.0,0.0
Steel,6,2,5028.628179792771,0.573,5040.703481542966,0.9668325245380402,0.1057958183288574,0.0192904315736809,0.2350402910303459,0.0774086889624595,0.129160598602989,0.4325056108688528,0.0812373825907707,0.3123501342713229,0.3711498906322036,0.1057816082239151,0.5416423317165489,0.1955126286897035,0.0883028888702392,0.6487300822698331,0.3503311231095438,0.02,0.7112998757618872,0.246296810694338,0.02,0.7390806859369048,57574646.75315715,318.83413501511745,0.1141424744637227,81048973.71355848,184.77550063628988,0.8701492711174037,0.0,0.0,0.0,0.0,0.0,0.0
Steel,1,3,4971.22518835246,-0.575,5042.543023848734,0.9007585361599922,0.0997063930034637,0.035227470479875,0.2033524505627378,0.0671486309170723,0.2537464448382875,0.0,0.0,0.0,0.0,0.0,0.0,0.0,0.0,0.0,0.0,0.0,0.0,0.0,0.0,0.0,7099551.419103192,991.9444873866202,0.1021325915002457,7097135.150734256,465.1571738748632,0.2273330477382026,8596514.17042008,453.6295763833901,0.6449071341529455,0.0,0.0,0.0
Steel,3,2,4971.058234742734,-0.579,5023.838569867998,0.8048217728734016,0.0616393932700157,0.0165834279729281,0.1680606687199731,0.1019558280706405,0.1586509011860706,0.2568604335510313,0.1046954554319381,0.4177476851124632,0.1794243360710543,0.0633491417765617,0.5763310791227181,0.0,0.0,0.0,0.0,0.0,0.0,0.0,0.0,0.0,16871890.91895947,588.5970716543401,0.1066576099306624,16736745.728974154,450.6650509341733,0.6517103655214941,0.0,0.0,0.0,0.0,0.0,0.0
Steel,5,2,5029.296272950149,0.586,5002.632829375287,0.8235183089971543,0.0899794716835022,0.0055449179443722,0.389741162481767,0.0989722669124603,0.1381865008862543,0.2320371825951014,0.1307765352725982,0.2924891767165549,0.2794984344535266,0.1129324150085449,0.4766404288164212,0.1731259993478852,0.069802461862564,0.574169277299916,0.5190045552020541,0.0753736770153045,0.6758232223221973,0.0,0.0,0.0,57978568.65387697,840.549705723845,0.106710760873315,57832809.52786167,213.3162717168641,0.7144905077530869,0.0,0.0,0.0,0.0,0.0,0.0
Steel,4,4,5030.1635068992855,0.603,5035.005051918819,1.1442000523209572,0.121840545296669,0.005221696638737,0.2074907434001777,0.1120102536678314,0.2656349471523263,0.2098322339883524,0.1000039005279541,0.4391120920770236,0.3392949236854308,0.0808751392364501,0.6639571369838835,0.2701030624715074,0.0592294377088546,0.8448013719036374,0.0,0.0,0.0,0.0,0.0,0.0,23271599.357736014,435.9950053603957,0.1268744359991743,16686680.825818315,354.0652027136087,0.2295103947280018,26323142.21478669,307.5909057855511,0.474282302897325,21421813.552020293,826.4022733271324,0.9719559206909903
Steel,1,2,4968.814647573481,-0.624,4987.1435074737865,1.4908115655183791,0.0552494078278541,0.0146376567956915,0.2229383528969557,0.0454465505480766,0.5142307971602037,0.0,0.0,0.0,0.0,0.0,0.0,0.0,0.0,0.0,0.0,0.0,0.0,0.0,0.0,0.0,18713969.12833901,416.19896126413846,0.2384991514389623,21422104.693765946,570.5538627592575,1.077616109968055,0.0,0.0,0.0,0.0,0.0,0.0
Steel,1,4,5032.204902343074,0.644,5040.640639629424,1.093398705124855,0.0818937985301017,0.0068217257972797,0.3387862387488018,0.0652507072687149,0.2631800242445747,0.0,0.0,0.0,0.0,0.0,0.0,0.0,0.0,0.0,0.0,0.0,0.0,0.0,0.0,0.0,11120487.276618864,432.296651645732,0.1274116265496308,11104458.427398415,591.5526223294513,0.5471002796623599,12403798.434613794,389.73915342672456,0.7822036314633383,11185308.521354802,306.3090205847297,0.9292777949537876
Steel,6,2,4967.371781979574,-0.653,4978.712437906746,1.2292961448431017,0.1123955466747284,0.0211835751420031,0.2227730021545025,0.0334152420610189,0.2466542007404907,0.2421575572697417,0.0717795607447624,0.3994648630835417,0.4336645819424936,0.1022705221176147,0.5567053729781164,0.2747582878616464,0.02,0.7655788954583793,0.3114838303376037,0.1273496454954147,0.8765798150119037,0.316072948456409,0.1315598958730697,1.070954252417461,83313653.86878632,343.4058654579708,0.1826949296064995,87549300.0263012,763.347900943479,1.0592666313315342,0.0,0.0,0.0,0.0,0.0,0.0
Steel,5,2,5032.660296618704,0.653,4993.316875368041,1.220838764309883,0.1165783606767654,0.0087424812722525,0.3357205165038499,0.0795170375704765,0.2853821803261137,0.2171764586877068,0.0893587058782577,0.4424930319691976,0.3256153748399348,0.0603816705942154,0.6783528129676795,0.2759140616984856,0.1485855388641357,0.9386223146236704,0.5147034273995517,0.0524641743302345,1.0516027873566371,0.0,0.0,0.0,76945627.65015791,358.71326100485584,0.1661946768993382,64105670.84570808,597.4662023318535,1.0807586724963765,0.0,0.0,0.0,0.0,0.0,0.0
Steel,2,3,4965.926017720382,-0.681,5010.49622666529,1.0132446855306627,0.1378931690454483,0.0236617094669892,0.2429375554110062,0.091574922800064,0.318574254987888,0.2888611136900986,0.1023898041248321,0.6370464473537605,0.0,0.0,0.0,0.0,0.0,0.0,0.0,0.0,0.0,0.0,0.0,0.0,18741264.55960373,319.69306195593947,0.1154329187859895,17660233.78390002,375.5038223138762,0.4333742260746397,21731312.11591459,516.6624008249485,0.8093579847049328,0.0,0.0,0.0
Steel,6,3,5034.085203696895,0.682,5026.493757156186,1.509585013985634,0.0849119854569435,0.0202239531457368,0.2748723803935442,0.1068031764030456,0.2646008314060997,0.3232718218885934,0.1074861228466034,0.5637686190800772,0.2841647925170859,0.1110833889245987,0.7979688275517841,0.4356321168681714,0.0881912469863891,0.9939173844851428,0.2224942024851939,0.0920748859643936,1.1243738091839584,0.3268921943719889,0.1246042299270629,1.236835317288963,86752404.9604047,376.7582409781491,0.1874185102152238,88317559.1355678,159.62371913212405,0.655785403061163,74724773.86223549,702.4547945379804,1.3304047518983542,0.0,0.0,0.0
Steel,2,3,5034.124324740118,0.682,4980.763955623382,1.270419603586197,0.1035218077898025,0.0304425025806452,0.208213805704342,0.0605866134166717,0.5955299209486113,0.4265270519618165,0.0865111869573593,0.7973168719877995,0.0,0.0,0.0,0.0,0.0,0.0,0.0,0.0,0.0,0.0,0.0,0.0,23421769.11778109,903.2829634412426,0.2213865510039741,19304294.983089823,850.4121257462638,0.9589079167212508,26089569.590010148,410.7463136637876,1.1433776419571575,0.0,0.0,0.0
Steel,2,3,5034.270123068852,0.685,4995.223667587409,0.9554756864905358,0.1178297930955886,0.0383147170004448,0.2779188444420331,0.0601704552769661,0.2986071301197697,0.3402992702297283,0.0925469076633453,0.7118780396597126,0.0,0.0,0.0,0.0,0.0,0.0,0.0,0.0,0.0,0.0,0.0,0.0,21253586.42505829,478.0190797108549,0.1078222983582678,16765156.185534006,699.4197698844802,0.5630845929485354,15172748.898891674,505.01184704388095,0.8229495640390792,0.0,0.0,0.0
Steel,5,2,5035.226894435727,0.705,4986.062221614542,0.8930879771709442,0.064762358546257,0.0160642165312141,0.1879702642296566,0.1260696458816528,0.1246573363719122,0.2227886581800752,0.1024044412374496,0.253570748781213,0.2131854979868158,0.077673125565052,0.4077226568667503,0.3707886313320185,0.083653110563755,0.5735068217781157,0.1922088568496724,0.1241173231601715,0.7617442885900025,0.0,0.0,0.0,117503291.87980758,639.4101143885235,0.1427235854842664,106721720.86305998,98.55638864818084,0.8037791785607619,0.0,0.0,0.0,0.0,0.0,0.0
Steel,5,2,4964.335787252861,-0.713,4981.085854459012,0.7672870606184006,0.0865709103941917,0.0228911113994019,0.2875085671559941,0.0669125619530677,0.1364996668709214,0.2017649886408571,0.1146168684959411,0.3214141928421096,0.272562078279444,0.052785295844078,0.4200261720431472,0.2402721385674762,0.1100052016973495,0.5672177338939212,0.5026099853540211,0.0554414784908294,0.6558669070212151,0.0,0.0,0.0,48224215.65086355,269.4472065050643,0.1019179491383479,39711311.22232872,474.2659518829469,0.6905583537892735,0.0,0.0,0.0,0.0,0.0,0.0
Steel,5,2,5035.952203407326,0.719,5006.970955542566,1.1849100589752195,0.1002153502702713,0.0277929362767077,0.3526218188344469,0.1146605938673019,0.1889917639531568,0.1521765736972752,0.131900315284729,0.394445902901978,0.2139877005301875,0.1159448707103729,0.6303767091351297,0.4094486944940075,0.0721142616868019,0.8488993868500496,0.2545535965761993,0.1009891510009765,0.9942801723476324,0.0,0.0,0.0,57899026.40225568,622.881180134953,0.1274578486921686,61783299.91815992,511.45923440232616,1.0168338670304484,0.0,0.0,0.0,0.0,0.0,0.0
Steel,2,4,4962.427870153859,-0.751,4973.732710838835,1.4011251568794252,0.1102944020032882,0.0075504389331938,0.3864345475460386,0.0816257736086845,0.5247215170081063,0.1455843628624907,0.0960121995210647,0.6199397901691542,0.0,0.0,0.0,0.0,0.0,0.0,0.0,0.0,0.0,0.0,0.0,0.0,18386849.082457274,452.4565701006133,0.1865539370096575,12321602.86859342,56.09631569923611,0.484047228693031,12493714.32415464,186.0569842447672,0.93496505832862,12907797.253577154,158.32719969813022,1.1873478320358748
Steel,2,2,4961.294143306371,-0.774,4993.43330433584,1.395817267894745,0.1159728646278381,0.0110598256161354,0.4446285081853756,0.0752165934443473,0.8041776988841058,0.2377854230826271,0.0559522587060928,0.8917704600291145,0.0,0.0,0.0,0.0,0.0,0.0,0.0,0.0,0.0,0.0,0.0,0.0,41174793.88707854,381.7388239071338,0.2702918231609797,36275600.664968096,490.2343581182839,1.0750264538974583,0.0,0.0,0.0,0.0,0.0,0.0
Steel,4,4,5039.050132867201,0.781,5015.890803135563,1.4687060207128526,0.0804912862181663,0.0325858637675606,0.3039263881007674,0.0614113476872444,0.2791670219395877,0.3040239432704452,0.0672269576787948,0.6358126698941743,0.3028986461465361,0.0822228848934173,1.0151428086312182,0.2825800687067945,0.0316830678284168,1.2145263302187417,0.0,0.0,0.0,0.0,0.0,0.0,16244777.596473586,326.1135370309081,0.1810019716113493,22661473.35099248,677.4322673456285,0.4780484245172706,16213151.00564729,641.3489007287419,0.5609968640819442,21860500.11562301,312.5838332574898,1.3024968788839146
Steel,4,3,5040.422146375084,0.808,5039.992538855232,1.13315626680851,0.1479724154472351,0.0421456139597877,0.2736055201300658,0.0790136766433715,0.181916838390042,0.2556135130826089,0.0672359538078308,0.3877545525678574,0.2370105902803474,0.0830690750479698,0.545023875031427,0.3065035143246113,0.0835573300719261,0.8227698704038734,0.0,0.0,0.0,0.0,0.0,0.0,32126193.074529983,537.3743627568094,0.1197259244204959,38278535.34450288,378.3549188541815,0.9059139317338728,34495531.09601715,549.5375698642058,0.9996295373157824,0.0,0.0,0.0
Steel,4,2,4959.437081687193,-0.811,4951.949971394607,1.4538654118776322,0.1179407119750976,0.0437040109451675,0.1885099473518915,0.0888343966007232,0.3893029897390254,0.222546657167171,0.0821295374631881,0.6459568334552317,0.2499514647217759,0.0702592846751213,0.8414405135280105,0.4026367691224668,0.0817199578881263,1.0945776892237526,0.0,0.0,0.0,0.0,0.0,0.0,42512080.288831234,795.6166051540052,0.2576425459791954,42786441.722783335,221.49174374067576,1.1799043536732228,0.0,0.0,0.0,0.0,0.0,0.0
Steel,4,2,5040.8852306255785,0.818,5034.3197132366295,1.328514501452446,0.1099410189390182,0.0138695721699971,0.1900847973691326,0.0409595587849617,0.2108283646020511,0.2511432948072571,0.1070185953378677,0.3969277660173683,0.1710889981635328,0.113714280128479,0.7144673118041006,0.4125415778017478,0.0604691523313522,0.9835842377016832,0.0,0.0,0.0,0.0,0.0,0.0,35421597.76320002,704.3661022376773,0.1892039278927941,42475120.28704426,475.2262469632711,1.117785269557953,0.0,0.0,0.0,0.0,0.0,0.0
Steel,3,3,4958.83742746852,-0.823,5014.86178820138,1.0765211045742036,0.0802423598766327,0.0331899038043928,0.2118898817562362,0.0717807579040527,0.196472169068174,0.4543109351836127,0.1269006139039993,0.5154493346281841,0.167384205548038,0.0672188448905944,0.8495365061118026,0.0,0.0,0.0,0.0,0.0,0.0,0.0,0.0,0.0,32829902.017933384,653.2109732511012,0.1347109626072337,34743617.91692966,426.92037440443215,0.6370622918371256,46635716.62467895,771.6588154896532,0.9294032300151676,0.0,0.0,0.0
Steel,3,2,4957.110079451973,-0.858,4962.483660497031,0.9933339819312096,0.112618941783905,0.0169539730663795,0.1282949789738481,0.0528490591049194,0.390732236909401,0.2081568731294727,0.0913971388339996,0.5453283837805718,0.3663448557635158,0.1231472754478454,0.7799443671412803,0.0,0.0,0.0,0.0,0.0,0.0,0.0,0.0,0.0,31593956.47207685,452.3538287026911,0.1331817729797666,39835013.45551976,859.4501942583753,0.7929187386631421,0.0,0.0,0.0,0.0,0.0,0.0
Steel,2,2,4956.033245817484,-0.879,4958.5976579561175,1.0381385371088985,0.0833654140233993,0.0136385401138214,0.2187728136792851,0.1027784740924835,0.259139839412011,0.3237930935616005,0.1254178488254547,0.6537793809737755,0.0,0.0,0.0,0.0,0.0,0.0,0.0,0.0,0.0,0.0,0.0,0.0,30797225.187760904,206.21678036586152,0.1319075490918193,31347819.669897605,475.0095428493549,0.8797235486445365,0.0,0.0,0.0,0.0,0.0,0.0
Steel,4,3,4954.947511957716,-0.901,4968.107225208333,0.9189085811376572,0.1210065758228302,0.0146564156764117,0.2082106923612474,0.0866171336174011,0.2668474438819755,0.2975522676108847,0.1051277267932891,0.4135915977063832,0.4184029103892907,0.0937273687124252,0.5613304521936088,0.225559585456283,0.1052990174293518,0.7704845792213456,0.0,0.0,0.0,0.0,0.0,0.0,25987404.076975107,842.2081680045542,0.1102922561703205,30992324.218926672,200.3407959912925,0.5385255659069988,25786753.89721957,225.7539407665368,0.8270177221049828,0.0,0.0,0.0
Steel,1,3,4954.688115718917,-0.906,4998.157936797784,0.8214911863207818,0.0466273989379406,0.0222964158206735,0.2499477271302901,0.1212151998281479,0.3145668459975733,0.0,0.0,0.0,0.0,0.0,0.0,0.0,0.0,0.0,0.0,0.0,0.0,0.0,0.0,0.0,8972597.013915893,639.5299972055112,0.1734775148253268,9111778.587999117,672.9133634425444,0.5010664198411926,9511816.28985969,338.0306597997106,0.6520752162592831,0.0,0.0,0.0
Steel,4,4,5045.415482658707,0.908,5001.6175888794005,0.6150663129985332,0.0821219672560692,0.016470896966933,0.2569039973323325,0.0768776848912239,0.0615166312998533,0.1860619517197104,0.098607764840126,0.1619338433070524,0.3145402424856358,0.0707665354013443,0.295971425745123,0.2448484902290859,0.0513496771454811,0.4959420683297761,0.0,0.0,0.0,0.0,0.0,0.0,14154978.74614408,518.5243931293948,0.0787880086911565,8983709.055082828,331.7509157906094,0.2633774450252057,11511070.528731152,332.4971976830447,0.393768129036379,10134917.37696786,411.7439515335023,0.5361028398269658
Steel,5,2,5045.834040953258,0.917,4990.854421131451,1.2738905280828476,0.0876508650183677,0.0067206698774688,0.2942680647406486,0.1115939366817474,0.2254307424632245,0.2464963397339366,0.0480199006199836,0.3165615754088877,0.2455256212521588,0.1242250442504882,0.5628328009996952,0.1640327380644265,0.0971318030357361,0.8963569185885183,0.4223705905855913,0.0575591951608657,1.079344509843623,0.0,0.0,0.0,107165118.19381796,231.48773820730847,0.1333760888355012,99795958.40169723,416.29166676320034,1.1321572705005587,0.0,0.0,0.0,0.0,0.0,0.0
Steel,4,3,4953.920235284717,-0.922,5016.855566760223,1.8722965687513355,0.0622989099025726,0.0107353675442354,0.2341747975824198,0.1138123077154159,0.3173478545674293,0.3575179504929514,0.0885741597414016,0.6186912905165195,0.234593599428888,0.1067411178350448,1.083898457813003,0.2644478134759479,0.1156771254539489,1.4669177522184196,0.0,0.0,0.0,0.0,0.0,0.0,138841083.12058634,799.9868278650171,0.2179163061235698,190720900.93402407,370.1357668869664,0.5878345781266505,149050143.67701548,336.0560313605167,1.5136360547012404,0.0,0.0,0.0
Steel,2,4,5047.179117965671,0.944,4958.163136146157,1.2408658564090729,0.123037546634674,0.0037594600876742,0.1930322082761521,0.1064928138256073,0.6499602054411509,0.2722426298892444,0.118792877793312,1.0196320402683163,0.0,0.0,0.0,0.0,0.0,0.0,0.0,0.0,0.0,0.0,0.0,0.0,22154452.33894553,425.1995062327411,0.1967918974293184,18694939.767738864,882.6639873661591,0.5032041319811458,17764284.59737552,477.5468294426116,0.6765646403263245,18767523.99786829,644.897060110744,1.098449611989134
Steel,2,2,4952.605347272325,-0.948,5011.67860765606,1.1716454088687898,0.0785943236947059,0.0209738263524128,0.1872148867832392,0.0620083504915237,0.3024997793832563,0.5153524661031643,0.0490252006053924,0.6680365008123014,0.0,0.0,0.0,0.0,0.0,0.0,0.0,0.0,0.0,0.0,0.0,0.0,32122104.7549002,507.7071676425063,0.159898762058978,31253360.34818656,256.6814120722831,0.901799515211021,0.0,0.0,0.0,0.0,0.0,0.0
Steel,5,3,5047.691803262842,0.954,4994.916895286572,1.7482505768537522,0.1008038339614868,0.0472432500431949,0.2988855352672166,0.0598486790060997,0.2775651683717878,0.2978940751401215,0.0497514598071575,0.5703174233368138,0.4352894538422356,0.0607568502426147,0.785707218500809,0.4425366672375623,0.1199567180871963,0.9171150195631104,0.4573641906755161,0.0840075200796127,1.1671404622518644,0.0,0.0,0.0,72512008.5156857,448.0845334859491,0.2081602582170417,77154412.30904378,341.99570136923205,0.825717310828186,78395791.175771,509.36033346990286,1.4978499872382578,0.0,0.0,0.0
Steel,4,3,4951.74945205582,-0.965,5033.731756434159,1.401258471608162,0.1154567215442657,0.0211515468480321,0.282214279946318,0.0728686076402664,0.3000464488600167,0.452367417807242,0.0718774604797363,0.5444029278356889,0.241175573197305,0.0644611400365829,0.9323245450418834,0.2259679688432226,0.0727015942335128,1.0769482320823385,0.0,0.0,0.0,0.0,0.0,0.0,30684697.28722217,466.74826026468986,0.1805720507529501,54094547.07064131,345.85849943980026,0.9210664231957724,33285031.142154388,406.5721518726618,1.2315464335843649,0.0,0.0,0.0
Steel,6,4,4951.650427803526,-0.967,4986.5550981260685,0.9779038771986962,0.1123844082355499,0.0172653027448397,0.1398228742398887,0.1091490119695663,0.158146935559688,0.3520812306650215,0.0932145816087722,0.2890483205225821,0.202430529433737,0.1035754567384719,0.4478568957018166,0.2194638449947702,0.0947986286878585,0.600190114152506,0.3259623203785387,0.1090535646677017,0.7234799108369685,0.2511963457982664,0.1256214821338653,0.8597711474073749,25110750.16403491,222.7126345508744,0.1041304792784031,18621234.967158623,554.7024743693496,0.5410702172626982,22617421.791560248,321.32816460184966,0.6358863404415163,25651935.58792712,792.4645188787458,0.8466497942730744
Steel,1,4,5048.945171828887,0.979,4985.897019193975,1.0289297863841056,0.0627061188817024,0.0182718532813044,0.3233973312051637,0.1149244725704193,0.8478316885388584,0.0,0.0,0.0,0.0,0.0,0.0,0.0,0.0,0.0,0.0,0.0,0.0,0.0,0.0,0.0,16208188.412461732,400.902684902625,0.2117586285792911,14758359.14157887,760.3104754314926,0.4325320511935806,16039917.378925532,440.8013355920661,0.6146330070934514,13289185.143911457,535.5226249916122,0.9260368067167652
Steel,6,2,4950.473235808791,-0.991,4997.5147828271065,1.03398108035326,0.1120869797468185,0.0346845133748835,0.3752367955676873,0.0993583410978317,0.1219514894524562,0.2909835828980013,0.1222245717048645,0.3033075034276601,0.4323904620116522,0.0868961453437805,0.458447218873124,0.2668132728017268,0.1164183181524276,0.6032370043672539,0.2373011595706763,0.070401297211647,0.7340785018061895,0.2196702210923624,0.0529635873436927,0.8311074454542071,76513637.36046009,713.6809203437681,0.1445672100919562,73924688.36328894,233.82100871049693,0.8946207424996171,0.0,0.0,0.0,0.0,0.0,0.0
Steel,2,2,5049.955734921988,0.999,4992.591485531752,0.8068343952298165,0.1310649842023849,0.0320311754866132,0.3482532512065945,0.1337183934450149,0.2008479656130469,0.2371896962985046,0.0871614575386047,0.4132943460109008,0.0,0.0,0.0,0.0,0.0,0.0,0.0,0.0,0.0,0.0,0.0,0.0,32684127.485994063,194.98320115094864,0.1064721601819471,33332703.75546288,238.0628124426837,0.6724841342247432,0.0,0.0,0.0,0.0,0.0,0.0
Steel,4,2,5051.439436015537,1.029,5049.253839210324,1.4195558905601502,0.1063212378025055,0.0270542192722001,0.2941338744581374,0.0720268961787223,0.2552211926381332,0.2859357587313858,0.1098834478855133,0.3534607228192241,0.2653072350388201,0.0820638912916183,0.5618257895770855,0.3101198752205849,0.1472691750526428,0.9358633250427052,0.0,0.0,0.0,0.0,0.0,0.0,76752657.01975669,490.9989631247417,0.1880002935325434,80902753.43083765,280.4905674520373,1.1842117730432933,0.0,0.0,0.0,0.0,0.0,0.0
Steel,6,2,4947.98013357935,-1.04,4982.435531478303,1.657574397325516,0.1152325308322906,0.0122406511927242,0.1743906598557656,0.0816392716765403,0.3481200351822572,0.1327911952215717,0.1238669270277023,0.4578336745476984,0.1705262768537298,0.1089559864997863,0.5885274183751161,0.2619528561025043,0.1032285362482071,0.7849172915032661,0.2352160618482639,0.0233495415188372,0.9235646892160188,0.3643949033651634,0.0497078661620616,1.144663879207413,78402025.91677356,360.81119061648064,0.2895331959072204,78148116.15899518,637.6099503148828,1.4454405857033978,0.0,0.0,0.0,0.0,0.0,0.0
Steel,6,4,4947.264021536285,-1.055,4998.399267458367,1.5534851461648942,0.091786768078804,0.0122919048746903,0.3885450899567572,0.1178449445962906,0.2670114003562619,0.2393163111162332,0.0995504832267761,0.4862656175718987,0.1968008174171107,0.1035330176353454,0.7470808812056648,0.314200605696538,0.1207760941982269,0.878087099319703,0.3249086992248943,0.0740257608890533,1.0138530729031892,0.1635258417796406,0.0923278391361236,1.2113977038092838,36115610.07239865,613.694869636253,0.2191300087908381,36276438.6988553,697.7098190035883,0.7233230749364671,42620988.00629942,612.6214185221414,1.0998615589027254,37809144.08419664,293.7463770809637,1.3981366299949196
Steel,2,3,5054.93471065397,1.099,4979.446844786259,1.4647376745939256,0.1156288933753967,0.0288349783209599,0.1619058941870368,0.1030470484495163,0.6465026478573228,0.2830012534836795,0.0561197486519813,0.9338608122881488,0.0,0.0,0.0,0.0,0.0,0.0,0.0,0.0,0.0,0.0,0.0,0.0,18773238.738672253,207.52958300530176,0.1699579664455959,23543673.55558098,791.7586966231054,0.3275890933440123,20465700.245681915,875.4525671834448,1.1940050405976208,0.0,0.0,0.0
Steel,3,2,4944.833880448358,-1.103,4982.135371190047,0.8046471074223519,0.1268668082952499,0.026498980670329,0.3106665498663322,0.0860446667671203,0.1572026689778357,0.3005257159361431,0.0824359288811683,0.4341098937724205,0.1775014396396848,0.0615031802654266,0.6603317949449982,0.0,0.0,0.0,0.0,0.0,0.0,0.0,0.0,0.0,24626800.35735385,706.2033582570635,0.0938419298824205,30404554.247083504,738.8957208201238,0.6829147444875753,0.0,0.0,0.0,0.0,0.0,0.0
Steel,6,2,5055.773196858864,1.115,5016.829732075973,1.3925654470920563,0.1144012444019317,0.0208203718145581,0.3745715610252669,0.1284268796443939,0.2104016086099648,0.2322687747355873,0.0544827786087989,0.4044117135640196,0.3573036202702009,0.1067295259237289,0.6788375614571858,0.2190926403433692,0.1089208698272705,0.9146348219477451,0.4340692890825284,0.0890925258398056,1.0440104272314767,0.3188738471941751,0.0843781900405883,1.2144722312344132,234430285.1199473,316.12412458589444,0.1563728387687127,240026948.7054348,489.22164548227255,1.2533089009902854,0.0,0.0,0.0,0.0,0.0,0.0
Steel,1,4,5055.895746474571,1.118,5027.440801615166,0.8690763294696808,0.0977126039266586,0.0077021065746169,0.235591044016822,0.1018703609704971,0.443931443860827,0.0,0.0,0.0,0.0,0.0,0.0,0.0,0.0,0.0,0.0,0.0,0.0,0.0,0.0,0.0,7624879.491020372,303.2369755646711,0.1266110854876752,6791357.515620737,538.133335288809,0.3187107999969519,6402111.347979216,896.2643332769572,0.4149755374914168,6239838.066254256,281.0069441568197,0.7501209131775799
Steel,6,4,4943.959122564985,-1.121,5029.906213075544,1.569975483417511,0.1079101327657699,0.0340280049095108,0.3237538257671674,0.0434690158069133,0.26799695197,0.2128965275092594,0.0921912467479705,0.4637640349049061,0.3339037958507408,0.0262508912011981,0.5667270479375515,0.2329848423130913,0.0317310074716806,0.8589478171890261,0.3450704456957314,0.0568370988965034,0.9793599632389076,0.2188827114812421,0.1079990416765213,1.2900075130918998,16330435.772594668,219.65027282485173,0.1762780773647825,21485020.92583944,1030.2664280717893,0.674905299684571,25484744.198498663,498.83777104461393,1.0251140733200637,21924236.763337884,980.2772537058504,1.3928595513238924
Steel,4,2,4943.850752595639,-1.123,4959.340345764594,0.3576929114758968,0.1018111771345138,0.0134130157071136,0.247158883371944,0.0719624006748199,0.0513213292321367,0.2598761194819959,0.0602398905158042,0.1359484158115509,0.2102882311177001,0.1020096111297607,0.2272798516216185,0.2128012639102118,0.0692328116297721,0.3219136203283071,0.0,0.0,0.0,0.0,0.0,0.0,16930706.93690641,255.3142642140079,0.0764596139580104,18315192.7465676,285.20194018850754,0.3119126203283072,0.0,0.0,0.0,0.0,0.0,0.0
Steel,5,4,4943.529437901048,-1.129,5018.223670679474,0.956952403485775,0.08771000623703,0.0347949585892865,0.4676561866114936,0.0597392144799232,0.1840364773059313,0.2751348479492551,0.0854664194583892,0.3114708842139219,0.349709780138116,0.1091021251678466,0.5113130023035316,0.3611269278997346,0.0872518527507782,0.7119032372408354,0.3177424733325258,0.1008596020936966,0.8612471631371976,0.0,0.0,0.0,25112759.952928025,641.1143386601649,0.0956952413055299,27057035.13707598,612.4991114041792,0.3226038818715687,29618356.581231646,742.8091687243477,0.476603335812038,33062337.51080852,817.6231000508068,0.8444645513216893
Steel,6,2,4941.908007046842,-1.162,4982.028368919071,1.2140198647975922,0.1131249282360077,0.0186043439978121,0.3043181954975507,0.1033527928590774,0.2220694617593401,0.3038170775048031,0.0541717651486396,0.364354242249554,0.3276306616038651,0.0646208000183105,0.5371067407892157,0.2941741357585416,0.1394995880126953,0.7588138800804831,0.2441740279166177,0.0539262157678604,0.9344455930087548,0.4876467314031845,0.0759809815883636,1.0804599247406146,74300792.1390669,392.5320517654579,0.131313919850789,81095480.24405538,247.90232685281867,1.0475961457631522,0.0,0.0,0.0,0.0,0.0,0.0
Steel,6,2,5058.3880610925335,1.168,4966.646774270106,1.4006267428398134,0.1326637734174728,0.0270079599159305,0.2455429466231532,0.0493885190784931,0.1695113637391475,0.3095315852164819,0.1101233214139938,0.3763639381121529,0.2605410046337805,0.0560082307457923,0.5806346252859563,0.271554918198652,0.0655634176731109,0.7164059237083901,0.31682916448929,0.0587118193507194,0.9697300377684228,0.4935787133857647,0.0849427300691604,1.128120900585171,75289315.35758659,788.3786796842714,0.1894368337814371,88608649.13942249,623.8305637764794,1.2605640671552054,0.0,0.0,0.0,0.0,0.0,0.0
Steel,5,4,5058.767813915328,1.175,5004.768498979189,0.8813936069607735,0.0523872352242469,0.0084404686977361,0.3166774730142059,0.1180989903211593,0.1615124496882849,0.3109376373837182,0.02,0.3260794217666781,0.2665897852986463,0.0764698177576065,0.4323606886082276,0.1950376853285802,0.0939355272054672,0.5340903429118128,0.1650961943556315,0.1001545876264572,0.6792154543839942,0.0,0.0,0.0,14714223.124479512,211.6786770684934,0.0929380484684708,14126212.739684166,852.2673416262036,0.3435973234816676,16747420.185036013,354.5541286159069,0.5024174639420942,16085124.771451645,299.0296640116219,0.7681512998964396
Steel,5,2,5059.808067298195,1.196,5024.005471260719,1.2511170864105223,0.1058918831348419,0.0363089720299479,0.3788560150304547,0.15,0.2561443030448544,0.1983673651050499,0.087099956870079,0.3905405736933342,0.4528590709342359,0.1160944730043411,0.5867893947162974,0.2261395965572905,0.0632013139128685,0.8066428796829384,0.3925053901016783,0.0698073202371597,1.06605870223831,0.0,0.0,0.0,116620616.94721793,319.4485486995775,0.1633764099271569,133426515.88321802,500.8820514075319,1.0255732057288118,0.0,0.0,0.0,0.0,0.0,0.0
