rank,material,n_disks,n_bearings,cs1_pred,cs2_pred,cs3_pred,cs1_relerr_pct,L,OD,joint_err,ID,d0_OD,d0_W,d0_pos,d1_OD,d1_W,d1_pos,d2_OD,d2_W,d2_pos,d3_OD,d3_W,d3_pos,d4_OD,d4_W,d4_pos,d5_OD,d5_W,d5_pos,b0_K,b0_C,b0_pos,b1_K,b1_C,b1_pos,b2_K,b2_C,b2_pos,b3_K,b3_C,b3_pos,joint_err_truth,cs1_ross,cs1_relerr_truth_pct
1501,Steel,6,4,3698.29,6373.79,7605.89,0.475,1.636903777718544,0.0445697690844535,0.00475,0.0164864870290773,0.2463806329106615,0.0829023134708404,0.2517685315959385,0.323020992381656,0.074478713274002,0.5382902116343601,0.2727810250976004,0.092180979847908,0.7904665285366124,0.1756240758811618,0.1099263209104538,0.9649636157464652,0.2310443978970945,0.1127731889486313,1.2047979395825614,0.1893961773025165,0.069903213083744,1.3940469622816771,20722192.264208145,342.0841962665665,0.1636903794087582,26579247.21592241,359.82773666639577,0.4641107231946729,20629390.98956632,171.89446121829198,0.7563915146940601,20882164.39422345,456.0772506321512,1.380499785672492,0.03487,3809.15,3.487
2586,Steel,6,4,3727.89,5255.31,12008.46,1.279,1.2127904802560807,0.091664050579071,0.01279,0.0314137518674073,0.406119017335361,0.1006852352619171,0.1412018834930308,0.2859627645648989,0.059763785302639,0.2812230159829968,0.410540517512001,0.1481799846887588,0.4020096853426381,0.2866941477829364,0.0936961418390274,0.6857864361928461,0.3125826451111388,0.1077824681997299,0.8834362595710678,0.2229774982539276,0.0715483927726745,0.998650771004852,21300499.119435232,198.4407822879172,0.1243396010935261,28078069.61336604,957.0906131126114,0.535451819939758,18521489.901775308,678.8308345224355,0.648850262250978,21246008.366451893,618.0626225855381,1.067362091449536,0.00196,3673.59,-0.196
2653,Steel,4,4,3631.18,4628.78,24853.98,-1.348,0.9454505622386932,0.0984482741355896,0.01348,0.0148495116866555,0.2943393253636636,0.0803132143616676,0.254080882946466,0.3486388414361531,0.1002858412265777,0.3953750585784638,0.322024465214848,0.0882272624969482,0.6766802361028872,0.2513442892211584,0.0455724614858627,0.850895506014824,0.0,0.0,0.0,0.0,0.0,0.0,7331438.584818883,1099.9999999999995,0.1120295772720288,10304171.235794157,222.6482755479309,0.4058540924169017,8321739.76789402,382.08342416816737,0.555386562626131,11306416.688830744,498.479223518344,0.840894506014824,0.00965,3645.27,-0.965
1055,Steel,2,4,3670.91,9575.12,23464.94,-0.269,1.3768745571374894,0.0989513490200042,0.00269,0.0107474803877774,0.7411409368535703,0.0891911423206329,0.3518337832592459,0.224027666936561,0.0595090267062187,0.9312695115780044,0.0,0.0,0.0,0.0,0.0,0.0,0.0,0.0,0.0,0.0,0.0,0.0,22455817.116317976,466.19787191559385,0.1776089302881697,23384237.83031912,408.1869118838464,0.565390162028263,26336798.22611397,628.6715714489592,0.6545404951593035,28385489.62871649,658.3089484752514,1.2001837383509666,0.02728,3781.22,2.728
705,Steel,2,4,3686.66,4393.94,9224.35,0.159,1.8529015362262728,0.1085854725837707,0.00159,0.0582228543041227,0.2552281114403916,0.080057777762413,0.459144412990523,0.2538729990039329,0.1162081217765808,1.0757111815754996,0.0,0.0,0.0,0.0,0.0,0.0,0.0,0.0,0.0,0.0,0.0,0.0,6525282.7002250105,737.2545639369885,0.2685660313905667,6396501.179439114,303.1596275860895,0.7164251261023336,9425631.576099582,154.03173033536265,1.0480330048068065,7799808.16534304,193.3384161617685,1.5365928378802265,0.02003,3754.54,2.003
106,Steel,3,2,3681.3,4988.18,38108.77,0.014,0.8452772244811059,0.1182172685861587,0.00014,0.0182236798082659,0.2696288692612045,0.0639143249392509,0.2454889543343281,0.4535267517285219,0.0241466667875647,0.4287896871689857,0.2013766974647442,0.0769189035892486,0.7131461712501876,0.0,0.0,0.0,0.0,0.0,0.0,0.0,0.0,0.0,10870195.778209072,403.697431110304,0.1409130484787584,11976259.760201044,272.70943631329703,0.6758490011024603,0.0,0.0,0.0,0.0,0.0,0.0,0.01244,3726.59,1.244
589,Steel,5,4,3676.17,6681.96,15151.89,-0.126,1.1716378554701803,0.0870302228927612,0.00126,0.0205042659588732,0.2298408163749861,0.1416393494606018,0.2020965501210979,0.4007682764210877,0.1431436246633529,0.3867000045611298,0.2244992570440409,0.1039344263076782,0.5379882300283112,0.3145369280752277,0.0674757769703865,0.6859482888789626,0.3919748115079745,0.0534749680757522,0.8685197328170181,0.0,0.0,0.0,22308688.65929045,502.5523439712296,0.1171637867186559,16162591.181975603,363.3074875651733,0.5594087764786182,16359282.671324626,252.6225662070105,0.8030191732745054,15647078.536889032,373.0171659027922,1.0318811060433404,0.01871,3749.66,1.871
2468,Steel,2,4,3723.92,5212.55,22340.58,1.171,0.9813419967889786,0.100159810423851,0.01171,0.0114993243536239,0.2252127113431143,0.0702799308300018,0.4422142284601856,0.3267687140003451,0.084951741695404,0.5506923565715787,0.0,0.0,0.0,0.0,0.0,0.0,0.0,0.0,0.0,0.0,0.0,0.0,5446318.886819362,1099.9999999999995,0.1501436827157278,5218829.360740975,248.7454988883796,0.4857136826095244,6058921.851198743,364.51956549190425,0.6532550295326103,4824805.534204021,452.0073348111193,0.8267479588965938,0.01872,3749.71,1.872
2413,Steel,4,3,3639.31,4877.49,23627.28,-1.127,1.1997244238853455,0.1421210784912109,0.01127,0.0238438949252973,0.2245094814024793,0.1057523649930954,0.217191088693652,0.4251447857233063,0.0679972463846206,0.3952413104604848,0.3270902943392104,0.0980800694227218,0.6360087100879509,0.3480099519921291,0.0736699643731117,0.9430635771477172,0.0,0.0,0.0,0.0,0.0,0.0,19238694.401542857,164.18531222200022,0.1199724435882589,22248565.19695321,273.05813282780656,0.5054365803771013,16151454.362139037,380.39273334048966,1.0210679220436736,0.0,0.0,0.0,0.0172,3617.48,-1.72
1600,Steel,5,3,3661.21,6611.54,17217.33,-0.532,1.1736633241176606,0.1064991396665573,0.00532,0.0137356736147562,0.2882650185750274,0.0943700146675109,0.343605165457173,0.1952785712658351,0.0660659262537956,0.5216704636046312,0.3540940964964575,0.100739506483078,0.7248711805835407,0.2678035608130734,0.0638146856427192,0.8530105922307513,0.3281853025135134,0.07460523635149,0.9837989968845576,0.0,0.0,0.0,20844539.355565045,482.0880203968716,0.1553973597673052,18565721.57612213,667.7499967576065,0.396925971866209,18690028.83576005,945.2797357049404,0.9975863017497926,0.0,0.0,0.0,0.0393,3536.14,-3.93
2464,Steel,5,2,3723.87,5966.84,32783.35,1.17,0.9131232842803002,0.1199109461307525,0.0117,0.008474439297036,0.2979622023117612,0.0578605616092681,0.1440151575161134,0.280388957905784,0.1289016908407211,0.3334516802616694,0.2934196663694103,0.02,0.4357065078168499,0.2020768578110484,0.0971857953071594,0.537563417969806,0.2940496519901492,0.0930455613136291,0.6831559530470052,0.0,0.0,0.0,19903779.088515256,496.6021608320768,0.1143064731006325,21919026.001041874,386.40364587697104,0.7789568416740852,0.0,0.0,0.0,0.0,0.0,0.0,0.02044,3756.04,2.044
228,Steel,2,4,3679.49,5386.82,19840.06,-0.036,1.18926599919796,0.1125022082328796,0.00036,0.0097747626677879,0.2985994242833891,0.0437222595512866,0.6638586865320579,0.3239111983054846,0.15,0.9897972044825418,0.0,0.0,0.0,0.0,0.0,0.0,0.0,0.0,0.0,0.0,0.0,0.0,15148761.94086772,712.1165255350916,0.2963012220501327,12940005.816601371,606.7132861288424,0.7410984153058805,10555644.940365316,229.93432432060467,0.7446375979873481,11597172.364193812,588.9979957359504,1.048056655251684,0.02736,3781.52,2.736
915,Steel,1,3,3672.7,5450.22,21866.46,-0.22,1.1489584177732468,0.1099158304929733,0.0022,0.0229731286078218,0.2036159883109022,0.0529949033260345,0.4897972839847115,0.0,0.0,0.0,0.0,0.0,0.0,0.0,0.0,0.0,0.0,0.0,0.0,0.0,0.0,0.0,10444087.979470816,1024.8715261674542,0.2183790574819746,8421380.371749384,321.6038321603971,0.5078302112723982,8090450.838390858,736.6035288848406,0.7954741098123925,0.0,0.0,0.0,0.00755,3653.0,-0.755
794,Steel,5,4,3687.62,5770.1,12957.17,0.185,1.584059539437294,0.0814551674723625,0.00185,0.06,0.1650749699995541,0.02,0.3740558125766773,0.2134271778624819,0.0903118073940277,0.6297995105505728,0.4326175435718628,0.0708972969651222,0.8853056358713313,0.292246441068745,0.0978032118082046,1.0827951198409291,0.4857524544553205,0.1293028283119201,1.348429698088349,0.0,0.0,0.0,19162243.76491134,781.0516767035597,0.188723619141952,19853121.625493355,487.546890622309,0.7435843198838228,21041505.693030845,207.2619802987046,1.0694777747827142,21449964.76949276,406.53698641059066,1.425653583909505,0.00423,3696.38,0.423
3021,Steel,1,2,3744.91,4395.77,12007.98,1.742,1.6105672270059586,0.1115826098918914,0.01742,0.013406922203324,0.3449921377373576,0.060175387263298,0.4945910651176769,0.0,0.0,0.0,0.0,0.0,0.0,0.0,0.0,0.0,0.0,0.0,0.0,0.0,0.0,0.0,19433244.63401748,328.0207451070896,0.370492478450325,15487548.21626952,616.7057090057465,1.1163473966694193,0.0,0.0,0.0,0.0,0.0,0.0,0.0204,3755.89,2.04
3543,Steel,2,2,3774.11,5419.54,13977.79,2.535,1.4777373492717742,0.1159569102525711,0.02535,0.0121049467115939,0.2907571974770351,0.0638800179958343,0.7757839560795086,0.3076477566902801,0.046124018728733,1.023459206211662,0.0,0.0,0.0,0.0,0.0,0.0,0.0,0.0,0.0,0.0,0.0,0.0,15514707.29957123,944.7505842681092,0.4109182125832894,19287223.194844853,410.9467751001148,1.3299636128668595,0.0,0.0,0.0,0.0,0.0,0.0,0.03344,3803.88,3.344
1073,Steel,1,4,3670.53,6974.88,18552.7,-0.279,1.674671322107315,0.0816081136465072,0.00279,0.010569552467313,0.6056964967274207,0.1138158953189849,1.3240018795936923,0.0,0.0,0.0,0.0,0.0,0.0,0.0,0.0,0.0,0.0,0.0,0.0,0.0,0.0,0.0,30203274.365513746,628.4653530742627,0.4418209822875973,26068319.630869538,475.9481294570146,0.7828368983501043,21974710.00160072,826.5898134377912,1.1272017505819254,22539036.278080128,981.5914503995364,1.5072041882219125,0.00823,3711.09,0.823
3351,Steel,3,2,3598.91,7182.46,22596.21,-2.225,1.166418732702732,0.1170096704959869,0.02225,0.0408713289014625,0.3790383905241597,0.0457728558778762,0.2184704761011772,0.3786989752706097,0.0816258317232132,0.6285893582015821,0.3281126646894834,0.1077230131626129,0.778024772160951,0.0,0.0,0.0,0.0,0.0,0.0,0.0,0.0,0.0,22240933.904192813,1048.1472711857402,0.1328741884788292,23007794.84415725,1099.9999999999995,1.04977685826604,0.0,0.0,0.0,0.0,0.0,0.0,0.02178,3600.63,-2.178
1744,Steel,4,3,3657.65,5386.89,15230.54,-0.629,1.2319693863391876,0.0790717869400978,0.00629,0.0376780741279375,0.331171095365944,0.0432119306921958,0.2088559646403465,0.3911157212573055,0.0670517733693122,0.4204767815852276,0.2992447697698983,0.0873963099718093,0.7049730901139548,0.4909413261090916,0.0322734581679105,0.9006599961684774,0.0,0.0,0.0,0.0,0.0,0.0,11190236.62113307,647.482169682384,0.1380468888328948,11377930.311896754,291.7793416664024,0.4962095570453256,14286381.72452625,376.0328838608582,1.0175310458625182,0.0,0.0,0.0,0.008,3651.36,-0.8
1084,Steel,6,2,3670.31,10861.6,22017.35,-0.285,0.8072963654994965,0.0652060086727142,0.00285,0.0136548490401561,0.4463057452742128,0.1207303774356842,0.0980869329824873,0.3998318588967957,0.1147395676374435,0.2477131228830583,0.4200403042923048,0.0921476298570633,0.3749792222389904,0.4819421685052933,0.14763112783432,0.5115006289734154,0.3036505636470024,0.0708907920122146,0.6299678409698584,0.1320142598092929,0.0827909544110298,0.7225094033221802,266805101.5751738,519.7793506115506,0.1188031395033097,260435313.0372399,100.54662991065231,0.7125084033221801,0.0,0.0,0.0,0.0,0.0,0.0,0.00767,3652.56,-0.767
926,Steel,3,2,3689.05,6774.76,32259.76,0.224,0.5217206411063671,0.0724976998567581,0.00224,0.0101821691133747,0.4199481380711093,0.1397264438867569,0.103956388800416,0.3069868994434942,0.1464525574445724,0.2839717526263999,0.2595171986805361,0.1063105899095535,0.4477651296234697,0.0,0.0,0.0,0.0,0.0,0.0,0.0,0.0,0.0,27712487.41410096,364.684751290617,0.1166436913671807,29215931.22337266,607.7697846474159,0.422086812655428,0.0,0.0,0.0,0.0,0.0,0.0,0.02114,3758.59,2.114
3049,Steel,6,2,3615.43,9042.52,16333.33,-1.776,1.180638143420219,0.0848300256729126,0.01776,0.0360008687538552,0.3172777056240351,0.1488115811347961,0.1423566496323516,0.3283396283854422,0.0221467703022062,0.3290487849440041,0.3999031044776202,0.1172400420904159,0.489644036564473,0.2846950988800184,0.1133300733566284,0.6428853181916666,0.2545061496437816,0.1373795002698898,0.8583749586019864,0.2297758715889737,0.0325587617605924,0.9787897597491382,99235598.5803737,300.7596250414447,0.1581164785282038,121541538.50132254,650.1239645322665,1.0625743278975592,0.0,0.0,0.0,0.0,0.0,0.0,0.02156,3601.43,-2.156
1117,Steel,6,2,3691.7,8386.4,12884.08,0.296,1.4447012096643448,0.080390583217144,0.00296,0.0170628886428201,0.4096636096400859,0.0677662605047225,0.2305638787969229,0.5486742319971862,0.0590318483114242,0.4264975293343185,0.2041762762814062,0.0966049522161483,0.6580914762124199,0.2014053769114904,0.0849244472384452,0.8076800443742497,0.2192340807109157,0.1073960608243942,1.007855299350105,0.3417011572975392,0.0762586838006973,1.2168186502322056,114275484.55452389,156.5307619592806,0.163826960420067,94313470.73114468,774.2876801261173,1.1589284142509817,0.0,0.0,0.0,0.0,0.0,0.0,0.00843,3649.78,-0.843
642,Steel,1,2,3685.93,8983.42,20327.9,0.139,1.051406164467335,0.0788845325112342,0.00139,0.0128979113318567,0.507854898593604,0.0603896477818489,0.4208013715353512,0.0,0.0,0.0,0.0,0.0,0.0,0.0,0.0,0.0,0.0,0.0,0.0,0.0,0.0,0.0,14348972.41811985,379.3504858829198,0.115394145083648,11473775.9008258,813.5301377625482,0.7987797140937627,0.0,0.0,0.0,0.0,0.0,0.0,0.00063,3683.13,0.063
501,Steel,2,4,3684.58,6320.22,29831.23,0.103,0.9261564254760742,0.0658955635428428,0.00103,0.0061563963872127,0.3075189944402727,0.0732346788048744,0.2845673989840944,0.4101366474980619,0.0609253668785095,0.6969059312222613,0.0,0.0,0.0,0.0,0.0,0.0,0.0,0.0,0.0,0.0,0.0,0.0,8439404.441480966,510.4630669517637,0.129500745595964,7747483.481273836,654.7431296973448,0.350718731739468,6615051.353069487,272.1442659472832,0.4504367391993689,7386106.354866452,390.3465726200211,0.7345282445017397,0.00565,3660.0,-0.565
4066,Steel,4,2,3811.82,5552.14,20611.15,3.56,1.3074920147657394,0.1334410011768341,0.0356,0.0122187231185176,0.5394530561666889,0.0584562200307846,0.2137204420120214,0.2932544921913242,0.0884183585643768,0.3066828589962228,0.208349504294373,0.0730194652080536,0.7327616641878181,0.385118076168503,0.0833444023132324,0.867411718625984,0.0,0.0,0.0,0.0,0.0,0.0,34268010.19208397,924.9314743314314,0.1368664049054505,32776614.379467364,211.61303144275428,1.0467519859860217,0.0,0.0,0.0,0.0,0.0,0.0,0.03875,3823.45,3.875
333,Steel,4,4,3678.56,6082.49,19817.89,-0.061,1.0703567042946815,0.1130429980754852,0.00061,0.0260863963824619,0.2161252692076082,0.1424869614839553,0.2372766372462821,0.4350356229698834,0.0395394392311573,0.3907436546125742,0.4631394353040139,0.1279840391874313,0.5751271508562049,0.2295683864008022,0.0587021026015281,0.8364649103759617,0.0,0.0,0.0,0.0,0.0,0.0,12456939.770943427,583.1648988965712,0.1229646825704852,12325408.532303547,854.8155498767591,0.4281004031275542,13029988.887752056,1099.9999999999995,0.5123206123382311,15398307.855958035,531.4982273009008,0.939302859173689,0.00954,3645.69,-0.954
486,Steel,5,3,3677.21,5262.38,15830.14,-0.098,0.9397918537259102,0.0864126023650169,0.00098,0.0402865009318811,0.3088327207373109,0.1104475617408752,0.093989185372591,0.3551951004245051,0.0327537737786769,0.2029400738079536,0.3610163585537052,0.0507740178704261,0.4216608001632641,0.1850884615603801,0.1200558304786682,0.6093786549955642,0.2087306333075169,0.0832926765084266,0.8130230869418495,0.0,0.0,0.0,14171990.425129613,533.7787508629259,0.1083166381457413,11604555.24915151,531.5101762672732,0.5078134100610704,11457953.279399289,532.7080543727026,0.8458126674135273,0.0,0.0,0.0,0.01293,3633.2,-1.293
1962,Steel,6,2,3709.87,9507.84,16498.24,0.79,1.40975279211998,0.0937406162023544,0.0079,0.0055633288905609,0.2433683524493311,0.0929093873500824,0.1757723685364525,0.3407269084408696,0.0752740183472633,0.2975875253639439,0.3108507635837965,0.0665004679560661,0.4888313074583877,0.2723097494826259,0.0605457124114036,0.5582225929028275,0.1997590027416667,0.104705148935318,0.6567996142982766,0.4538500561897473,0.1074294573068618,1.0444200854376748,107798868.00485344,562.7922138121648,0.1600090990115563,100363553.36862114,1099.9999999999995,1.2591553076384994,0.0,0.0,0.0,0.0,0.0,0.0,0.00441,3697.05,0.441
393,Steel,5,3,3678.05,8850.16,12214.95,-0.075,1.2663323879241943,0.0477794931530952,0.00075,0.0122707315471948,0.3697289635925591,0.0747135463356971,0.1751007178585117,0.1981766439508602,0.034685004800558,0.2737208831444523,0.1983360149743911,0.0904175525903701,0.4568351801526711,0.2230145380183543,0.0540083664655685,0.6591998406351482,0.2934675140392244,0.113924600481987,0.8897624731169269,0.0,0.0,0.0,51807943.856383935,1099.9999999999995,0.1288372946250096,41759031.012731545,378.2732560946783,0.3087584973029648,46872789.24102997,861.2896822451456,1.047773528465141,0.0,0.0,0.0,0.01984,3607.77,-1.984
1755,Steel,3,3,3657.37,8588.06,29311.11,-0.636,0.7370473325252533,0.05577659201622,0.00636,0.0109129448719993,0.3736077549715324,0.0985136348009109,0.2287446096542973,0.2535465013761591,0.0999353641271591,0.4486959804010154,0.2544109821269641,0.0638878402113914,0.5849041095769036,0.0,0.0,0.0,0.0,0.0,0.0,0.0,0.0,0.0,13192664.32124354,435.3627507361041,0.1341043254991659,13790905.88450192,377.75881880927454,0.6176626863920149,10699188.13176562,1099.9999999999995,0.6633425985356807,0.0,0.0,0.0,0.02317,3595.51,-2.317
2515,Steel,3,3,3725.65,8713.39,13534.11,1.219,1.3054520457983017,0.0983072323799133,0.01219,0.0220591633383399,0.2954662570189046,0.0696771281957626,0.2286548464879685,0.5492469876268218,0.149241737127304,0.6517131324193031,0.4047572584166,0.0636153915524482,0.8856708948510428,0.0,0.0,0.0,0.0,0.0,0.0,0.0,0.0,0.0,33011612.91099392,565.4257594136369,0.1592264632418062,29769543.289482538,565.6208833707085,0.626002387594423,28502972.00073222,186.23093629788497,1.0956189011270934,0.0,0.0,0.0,0.02177,3760.94,2.177
3585,Steel,5,2,3584.39,10203.53,16377.32,-2.619,1.196784222126007,0.0751671249866485,0.02619,0.0147254781107714,0.1728593244609735,0.0874486285448074,0.257694203019321,0.2791385301856575,0.1332325637340545,0.4469445026164398,0.3274366791317282,0.15,0.6424925618067625,0.2789648432359277,0.1166512024402618,0.905476605863914,0.2896546595529946,0.1225915843248367,1.0770957999134063,0.0,0.0,0.0,112337797.9616242,272.28439815093606,0.2280753626667236,109394118.25521624,286.7198429548322,1.0670947999134064,0.0,0.0,0.0,0.0,0.0,0.0,0.02606,3584.86,-2.606
4315,Steel,5,2,3518.81,5391.58,30228.17,-4.401,0.786724877357483,0.1042997719049453,0.04401,0.0142933687781947,0.2974468689480197,0.1287217760086059,0.1151678228078014,0.3033786198999963,0.0529638895392417,0.2622999299716115,0.2553487708279343,0.0343810861557722,0.3813533592523218,0.2868395466473659,0.1205610471963882,0.4667898970225651,0.2323908863701733,0.1144646859169006,0.6346568578688236,0.0,0.0,0.0,21733933.159104064,267.6256528549051,0.1019826550681074,15932477.572582966,1099.9999999999995,0.6789244686475537,0.0,0.0,0.0,0.0,0.0,0.0,0.03544,3550.36,-3.544
2099,Steel,1,4,3713.61,13320.54,16272.41,0.891,1.2380742967128753,0.0660634188055992,0.00891,0.0169314410271433,0.4692306477355397,0.0884610998630523,0.4602281298068555,0.0,0.0,0.0,0.0,0.0,0.0,0.0,0.0,0.0,0.0,0.0,0.0,0.0,0.0,0.0,13623052.076353326,718.1099874583826,0.1671213477935585,17431867.85019179,885.2978503481182,0.7514116239549299,12548427.638664188,348.38028515596136,0.8502058643098092,13773941.99567139,634.9222265553012,1.0620685395705745,0.00134,3685.72,0.134
3599,Steel,3,3,3583.45,4759.41,34545.59,-2.645,0.7664971515536309,0.1008504190444946,0.02645,0.0066474586743476,0.2567795254205611,0.0459113466739654,0.2824193726383847,0.2384657773359255,0.0870946103334426,0.4602756081311349,0.1767146212821169,0.0836442151665687,0.687540252022212,0.0,0.0,0.0,0.0,0.0,0.0,0.0,0.0,0.0,5951588.813391436,497.1144697801196,0.1381021063235658,5480334.335712028,215.09224393889696,0.347123949853714,6433936.732285539,329.2135569754692,0.6569625173600164,0.0,0.0,0.0,0.01549,3623.77,-1.549
29,Steel,2,2,3680.91,5242.38,20416.74,0.003,1.315647149085999,0.1310972399711609,3e-05,0.0133206355611129,0.3841690191043169,0.1226397186517715,0.4053959791593119,0.3762200749827528,0.1033697468042373,0.8668651086457445,0.0,0.0,0.0,0.0,0.0,0.0,0.0,0.0,0.0,0.0,0.0,0.0,23959678.42082796,508.73081301181287,0.2614115615597794,32371667.985654622,796.2160315070045,1.0270194623078446,0.0,0.0,0.0,0.0,0.0,0.0,0.0056,3701.41,0.56
65,Steel,6,4,3680.54,4618.61,11441.74,-0.007,1.0024449795484545,0.074390553176403,7e-05,0.0251772634659026,0.3554729158534088,0.1131064331531524,0.1243815528268246,0.1312963367132426,0.0937306076288223,0.2491959631319626,0.2778405362575323,0.0735487374663352,0.395671437005976,0.2716149527280829,0.0614103403687477,0.5368435576428039,0.3354860937205461,0.0400141438841819,0.6676005143258641,0.3914309062672539,0.1244354110956192,0.8650094337231621,16782833.832421746,689.0622561387986,0.1453415974512521,16324205.520799454,1099.9999999999995,0.5732817221208661,18368000.81850961,202.9383469485912,0.723943976625669,16729877.855702618,281.0139041275334,0.8866663761387251,0.00041,3682.31,0.041
838,Steel,2,4,3673.56,5848.92,15187.63,-0.197,1.2008948147296907,0.1079349234104156,0.00197,0.0082605458249847,0.2923151633932028,0.0996178805828094,0.1560048518017079,0.3316453715518166,0.096140655875206,0.6203663283253658,0.0,0.0,0.0,0.0,0.0,0.0,0.0,0.0,0.0,0.0,0.0,0.0,12794808.338908777,694.2916017752527,0.1696552172395297,8130176.46317799,578.6057387269959,0.6700361832171137,11612687.8798346,448.5050890218124,0.790611418225303,9698302.735755632,220.6299336293916,1.017161949619342,0.00887,3648.14,-0.887
3906,Steel,2,4,3563.37,4328.77,27432.37,-3.19,1.0867382064461708,0.1356541142463684,0.0319,0.0567138168948249,0.2272539593342621,0.1352942967414856,0.4066915728997036,0.2788434611710824,0.114688566327095,0.5612805578692742,0.0,0.0,0.0,0.0,0.0,0.0,0.0,0.0,0.0,0.0,0.0,0.0,6688403.275268331,751.8719204469378,0.1604000241383609,7218737.393905907,326.1749906783329,0.3227616756463263,6830462.479457846,119.06738027874724,0.5992240503880134,6964405.850406641,230.46517845279564,0.8955378975746918,0.04259,3524.03,-4.259
3161,Steel,4,4,3751.93,6427.86,10715.13,1.933,1.488497579097748,0.0870913192629814,0.01933,0.0466068507455352,0.6174649045909707,0.0260044754296541,0.415543575944008,0.5294310672949526,0.15,0.7466171216682127,0.3160070573307529,0.1186736577749252,1.0884742997234031,0.2575925960357643,0.0942799061536789,1.3396378211879734,0.0,0.0,0.0,0.0,0.0,0.0,26910330.69392118,759.2319287467575,0.1747534349645976,29630903.5267526,351.8185660732671,0.5884885641340379,22628468.32790832,365.4134192841578,0.8225953080985554,24637961.05441993,300.5578218335808,1.3296368211879734,0.04599,3850.07,4.599
2659,Steel,1,4,3630.95,4396.18,25512.33,-1.354,1.2996605187654495,0.1305951130390167,0.01354,0.040723281184831,0.4864546761515096,0.062214203774929,0.200243427074031,0.0,0.0,0.0,0.0,0.0,0.0,0.0,0.0,0.0,0.0,0.0,0.0,0.0,0.0,0.0,12735426.314730594,754.289941779505,0.1299660531762054,9565118.7932623,512.7339188641545,0.3697647040355228,12535862.34149819,604.2249828852194,0.5408408760366283,10570473.98922728,259.04283167309666,0.9118696945604144,0.04034,3532.33,-4.034
4615,Steel,6,2,3910.58,11008.63,17023.7,6.243,1.468539074063301,0.1065541208982467,0.06243,0.0203234564328175,0.4807045474401858,0.0607312333583831,0.240131198091802,0.4613562150217618,0.0715536773204803,0.5215922484949557,0.2741678190917451,0.0515239413082599,0.6768981381766667,0.3710302591298411,0.0681352761387825,0.7832371291238452,0.3381163448381572,0.0973603868484497,1.0962489255930608,0.3615363456616462,0.1053617346286773,1.2379911388103424,166481834.831499,426.7977357246481,0.1511482939591976,207916702.5431876,191.8973429561741,1.3216851651884318,0.0,0.0,0.0,0.0,0.0,0.0,0.04363,3841.38,4.363
2451,Steel,2,4,3723.42,5202.23,11060.25,1.158,1.6093237280845645,0.0996650216579437,0.01158,0.0213919944614182,0.4852937579099581,0.1081929814815521,0.3425829025617233,0.296919800591905,0.0882133692502975,0.695852806956615,0.0,0.0,0.0,0.0,0.0,0.0,0.0,0.0,0.0,0.0,0.0,0.0,13615329.53585233,372.4280564080231,0.1867753252540771,12788450.151946712,160.37871797407797,0.3771584468639024,12700512.391006133,275.74615216090046,0.763267738040717,12042043.573944464,555.4512090158049,1.2668616042516112,0.00758,3708.69,0.758
2846,Steel,1,4,3623.33,10365.75,14631.15,-1.561,1.1475357323884965,0.0538016265630722,0.01561,0.0303148209069029,0.2516173098617162,0.1009789538383484,0.3756890658627938,0.0,0.0,0.0,0.0,0.0,0.0,0.0,0.0,0.0,0.0,0.0,0.0,0.0,0.0,0.0,3528922.9817236974,239.638358344775,0.1850787930731309,3574647.4063408305,281.7234392498918,0.5639829084691577,3791095.280068819,391.86717510468645,0.8245725463849409,4467953.821625091,1099.9999999999995,0.9698789480326736,0.01092,3640.61,-1.092
1144,Steel,5,4,3669.55,8228.37,11534.69,-0.306,1.3738738179206849,0.0539209500551223,0.00306,0.0057338940560397,0.2220396045999471,0.032082554847002,0.3235055239291173,0.3924574100101546,0.0911341667175293,0.4794102846374473,0.1918075117738666,0.0506144082546234,0.7437569419403862,0.2976588979774681,0.0724003052711486,0.937010728632842,0.2244581663407032,0.0796071422100067,1.2364764361286165,0.0,0.0,0.0,19811792.143564217,833.7800502219402,0.1835929636847565,17138391.320955366,350.044849620151,0.7607998324333305,26220286.219814066,266.5466807184656,1.0269286226420185,21403622.50336671,1099.9999999999995,1.2264754361286163,0.0189,3611.23,-1.89
3078,Steel,4,4,3613.91,5621.75,19488.61,-1.817,1.0805886924266814,0.0998173711299896,0.01817,0.0075105471401968,0.2412581243663765,0.1094443267583847,0.2257917405709964,0.3578910960578468,0.0725137293338775,0.4083364721164029,0.4448197601111812,0.0669745391607284,0.6346392190029484,0.3162660803447394,0.0657614487409591,0.8115264016345795,0.0,0.0,0.0,0.0,0.0,0.0,11144540.531627929,553.9893671072333,0.120276648933256,11589028.89223222,239.53994419860567,0.3377515403606195,9180610.007052066,645.6173344451262,0.5934032857336882,11956540.288698845,263.504472689069,0.9685870377900464,0.00988,3644.43,-0.988
1103,Steel,3,3,3670.06,4048.15,9731.66,-0.292,1.518021333217621,0.0829895848035812,0.00292,0.009516442834882,0.298604024775606,0.1146465533971786,0.3713463023848357,0.2517174529678801,0.0981047254800796,0.9544773999631332,0.339647304401225,0.1421562510728836,1.2943290610712357,0.0,0.0,0.0,0.0,0.0,0.0,0.0,0.0,0.0,12083340.424599765,494.95683085073705,0.2184052741753641,15092963.622731725,708.7582918693253,0.9146610864459288,14484135.93935034,218.76103190687428,1.3662191983778376,0.0,0.0,0.0,0.0093,3715.05,0.93
168,Steel,3,3,3681.68,5627.66,14022.0,0.024,1.2053498864173888,0.0962210348844528,0.00024,0.0220713070855855,0.1809430653704901,0.0586208042502403,0.2456553769143703,0.3965250461622465,0.0875201404094696,0.6441788270727047,0.3262081121666561,0.0811224126815795,0.94913961509813,0.0,0.0,0.0,0.0,0.0,0.0,0.0,0.0,0.0,11664860.981518343,657.2605094342871,0.1864873580546289,11505302.812241975,323.44516344804515,0.6182453018753862,11824962.89808969,261.7134205556296,1.0543098968821043,0.0,0.0,0.0,0.00133,3675.9,-0.133
1670,Steel,3,4,3702.04,4778.04,13878.08,0.577,1.342314064502716,0.0861694779992103,0.00577,0.0163478338704451,0.2677509397532858,0.0611532533168792,0.3393886282250414,0.3748428622546707,0.0833676093816757,0.4168635661057024,0.2812230008649259,0.058587047457695,0.8582951984562772,0.0,0.0,0.0,0.0,0.0,0.0,0.0,0.0,0.0,7631289.040579007,471.2338951292657,0.1556006277666786,8936360.895617835,381.6851536357863,0.5154441910831378,6780803.487509225,263.8654282007033,0.7106268074008598,6967304.471139803,441.50095366577847,1.090913430183068,0.00268,3690.65,0.268
2570,Steel,6,4,3634.37,6319.82,13430.95,-1.261,1.3936307519674302,0.1093002624511718,0.01261,0.0233338454840498,0.4587489253089682,0.0696865427494049,0.3820559901116511,0.4024449610001082,0.0643521404266357,0.664066513416683,0.2160920473452326,0.0950346899032592,0.8761400025041838,0.3406366186796049,0.0673629727959632,0.9944025785809564,0.276449001324587,0.1300523972511291,1.1073800168617118,0.2704653870039399,0.103263521194458,1.2495762094516587,22252548.36193833,451.2979464202189,0.1517013917435322,28080208.491475902,274.99864445127554,0.3209538237966585,21775196.794620648,566.267179872366,0.608799546962902,25937725.674463507,1099.9999999999995,1.2163095853282495,0.00517,3699.81,0.517
2377,Steel,4,4,3640.3,4172.66,14218.45,-1.1,1.472881230711937,0.1140870490074157,0.011,0.0170779149198876,0.2470503185350969,0.0293946561962366,0.3928620790693299,0.3980047690805376,0.0263839376345276,0.514088486037423,0.1770397493771142,0.0895897924900055,0.7491178800546934,0.3034761002008406,0.0937618964910507,1.0705503189032353,0.0,0.0,0.0,0.0,0.0,0.0,8719850.202239221,820.9459493660547,0.2012722584005971,10320204.771090552,516.5556101482304,0.7845000904466817,8605719.876691803,234.8202486626648,1.000702999207311,7543603.387209928,76.95528637458634,1.2546215349770402,0.0186,3749.25,1.86
3862,Steel,3,2,3793.95,7205.65,12796.95,3.074,1.592106610536575,0.0902044241428375,0.03074,0.0158344163930023,0.3906975389377116,0.0743538910150528,0.4828130077920622,0.1854580216509151,0.0822084337472915,0.9197458231312474,0.277660077823741,0.1206702017784118,1.3956226863031689,0.0,0.0,0.0,0.0,0.0,0.0,0.0,0.0,0.0,36290137.43300438,183.50270351312537,0.1919847960393294,43439734.288982496,477.57840139404624,1.4126445128608662,0.0,0.0,0.0,0.0,0.0,0.0,0.02944,3789.18,2.944
23,Steel,4,4,3680.89,12030.46,17019.91,0.002,1.2853135824203492,0.0557672182917595,2e-05,0.0232088707177073,0.3098052860922593,0.0719938212633133,0.295568925474151,0.3621981807182487,0.0961250191926956,0.5613427730816293,0.3692880509021987,0.0889084655046463,0.7673237410864153,0.1903736350942972,0.1044715285301208,1.0818046839095157,0.0,0.0,0.0,0.0,0.0,0.0,83799280.66963726,271.8914637632826,0.200409066173612,82388069.36611673,688.5444181199905,0.901915371627249,59140006.6591588,633.6794334415779,1.051961407617786,62513067.70844532,510.5671389756412,1.1509002267918835,0.00668,3705.39,0.668
2633,Steel,3,3,3632.14,6623.93,9316.5,-1.322,1.3607924342155455,0.0697503691315651,0.01322,0.0191591516724154,0.3559562588869581,0.02,0.2804692724823495,0.3351456340715765,0.1067408621311187,0.7214963691755752,0.1731541826628425,0.0587181267142295,0.8412323861177464,0.0,0.0,0.0,0.0,0.0,0.0,0.0,0.0,0.0,9339288.735266045,493.540127679992,0.136079244782347,8504254.827027397,469.72979729241496,0.6073788676166082,8731056.348882744,663.7247229881145,1.092418661816911,0.0,0.0,0.0,0.00607,3658.45,-0.607
3340,Steel,5,3,3761.72,6786.08,14888.42,2.198,1.0432522982358932,0.0775628077387809,0.02198,0.0279048617012046,0.1726839373041788,0.0217726849019527,0.263514367673672,0.2195526126685503,0.0686053955554962,0.3803367222701026,0.3594290187082217,0.0602396696805953,0.5252802621076917,0.3342308068257322,0.0785396945476532,0.6413509420072138,0.2411254084073436,0.1338888162374496,0.8666898355078555,0.0,0.0,0.0,13113035.271489931,458.52826025737687,0.128892366958225,11115031.587280022,460.3535813616816,0.6084989187284392,13795522.623840831,1099.9999999999995,0.9162357509228928,0.0,0.0,0.0,0.02434,3770.38,2.434
2215,Steel,6,3,3716.36,5813.69,11277.07,0.966,1.225358673930168,0.055967439353466,0.00966,0.0181957370949335,0.376266020216124,0.070222021639347,0.1454695974360887,0.2314042057402289,0.0577190759778022,0.2285930445953704,0.2985165423992303,0.0953901803493499,0.3847505837189206,0.3551382140772173,0.0796484693884849,0.6418840958774364,0.351370059785536,0.0497765091061592,0.8250631330225211,0.2642931508076284,0.0365951596200466,0.940361129795252,27369746.003006004,440.5073298585957,0.1788182286685476,23348120.79091553,1036.4479124612565,0.7720452570715645,37488529.78780339,1025.638399763054,1.1028228053117926,0.0,0.0,0.0,0.04543,3848.03,4.543
3682,Steel,1,2,3783.18,5377.4,15237.0,2.781,1.3835095286369323,0.1172127861976623,0.02781,0.0262088815088879,0.3509873334404348,0.0580010050535202,0.788679335857616,0.0,0.0,0.0,0.0,0.0,0.0,0.0,0.0,0.0,0.0,0.0,0.0,0.0,0.0,0.0,13926302.21120436,1085.2397662486635,0.2223594393228031,12341475.305374283,224.5734682340119,1.1359075388448052,0.0,0.0,0.0,0.0,0.0,0.0,0.02093,3757.83,2.093
1907,Steel,5,3,3653.45,6884.95,17519.12,-0.743,0.9482283934950828,0.0806969368457794,0.00743,0.0387372150026075,0.3926575213589421,0.0656441697478294,0.1360438788360349,0.3553646325989964,0.0591548961400985,0.3038389437164819,0.2539689274599331,0.15,0.4534886016815767,0.2616288879129473,0.02,0.5523786449270586,0.3381302732304558,0.0803759470582008,0.70948797337514,0.0,0.0,0.0,21281957.509539444,171.1486440527369,0.1507907158493843,16123371.468204867,831.082190267591,0.7275034473948936,18157201.356945105,436.7977453895229,0.8226347840041972,0.0,0.0,0.0,0.01705,3743.56,1.705
84,Steel,1,3,3681.18,11962.81,19104.89,0.01,1.1272374898195268,0.0692747044563293,0.0001,0.0257651145463238,0.2971043737362339,0.0515101759135723,1.0026338227479803,0.0,0.0,0.0,0.0,0.0,0.0,0.0,0.0,0.0,0.0,0.0,0.0,0.0,0.0,0.0,14684570.716398971,305.0478203680144,0.1983185140532596,12526311.694357963,332.5308369178347,0.4219868331461324,12310790.238190573,1099.9999999999995,0.8179412599243696,0.0,0.0,0.0,0.02111,3758.49,2.111
227,Steel,3,4,3679.49,7176.14,22722.38,-0.035,1.140893042087555,0.0948508291244507,0.00035,0.0168578202479751,0.6354355792063883,0.0755048725008964,0.2571159513501854,0.1986361974085056,0.1482443368434906,0.5380728953480914,0.3094889052788878,0.1241069012880325,0.7569380237055151,0.0,0.0,0.0,0.0,0.0,0.0,0.0,0.0,0.0,19086018.44988165,233.47210451413807,0.155841012268427,17584396.23850765,268.7855906147261,0.568502853154063,22898889.549880724,654.3397137741738,0.6518658354698512,18518577.37685019,888.7790558123256,0.9860953679193784,0.00489,3662.81,-0.489
296,Steel,1,4,3678.91,10266.38,19739.76,-0.051,0.99908614307642,0.0800241234898567,0.00051,0.016300182322931,0.3986847283542912,0.1152674490213394,0.6095876590422812,0.0,0.0,0.0,0.0,0.0,0.0,0.0,0.0,0.0,0.0,0.0,0.0,0.0,0.0,0.0,11127217.686059697,288.093031564746,0.163386745449398,8300275.160121537,342.4442766922619,0.3771978804109264,7991522.543520226,304.2474850403664,0.4102328227614989,10601497.42611936,537.0520622692646,0.7695942588584225,0.03317,3802.9,3.317
1001,Steel,3,3,3689.99,13306.96,19297.15,0.25,1.0577917635440826,0.0698850333690643,0.0025,0.0058783302661336,0.5382537642251835,0.0936221659183502,0.4424094672464948,0.2741262259544422,0.0371405044198036,0.5137197852629368,0.343438929472646,0.0598245769739151,0.7643264216969482,0.0,0.0,0.0,0.0,0.0,0.0,0.0,0.0,0.0,35143666.232128195,481.2187324500071,0.2705532570621579,56008657.8963635,864.5616666246689,0.9304899755595656,35348484.51252326,671.6376646894659,0.9520125861318826,0.0,0.0,0.0,0.00501,3699.23,0.501
2138,Steel,5,2,3647.09,6243.09,29918.63,-0.916,1.0378498539328576,0.0999721751213073,0.00916,0.0077762387758301,0.225430795631809,0.0700129294395446,0.2100272647301191,0.262510442502971,0.0456086067855358,0.3312801368052185,0.2838262722309635,0.0424046947062015,0.4863496148296029,0.5027287870277916,0.0844460833072662,0.7530608531027744,0.1912016147627282,0.0269180295243859,0.8580955992257044,0.0,0.0,0.0,20765102.83545651,211.77306824760484,0.175941032152125,22267129.59421217,442.1168520677069,0.8474687441471087,0.0,0.0,0.0,0.0,0.0,0.0,0.01683,3618.87,-1.683
711,Steel,3,3,3674.88,7259.94,14943.39,-0.161,1.4254844814538956,0.0699781781435012,0.00161,0.0368297793197199,0.5442629350829313,0.0715429300069808,0.5259541275467822,0.2631009297004366,0.0838988187909126,0.701049354000279,0.1496116145229972,0.1244280576705932,1.1965584206477735,0.0,0.0,0.0,0.0,0.0,0.0,0.0,0.0,0.0,16860483.018451385,166.99939135480145,0.1779266746703508,17783583.208300542,709.6211371308107,0.5887685173082032,14982734.270848786,436.7702007991917,1.1662544048595034,0.0,0.0,0.0,0.02275,3764.55,2.275
2801,Steel,1,4,3736.57,7293.01,23079.31,1.515,1.3558644205331802,0.158553120136261,0.01515,0.0123024174300895,0.2559198360639249,0.1345263713598251,0.4411153933116738,0.0,0.0,0.0,0.0,0.0,0.0,0.0,0.0,0.0,0.0,0.0,0.0,0.0,0.0,0.0,23432066.65285004,308.43517451614304,0.3153576465748564,26094875.70183884,467.684423070948,1.002989461639737,20484428.64745592,412.9959610606594,0.9497575376054318,25378136.02462368,524.6620694187695,1.0774405029610592,0.03663,3815.62,3.663
3752,Steel,1,2,3787.7,5961.44,20207.39,2.904,1.158428670465946,0.1250342472791671,0.02904,0.0246339050861334,0.4324670472964438,0.0904062008857727,0.5576548403458169,0.0,0.0,0.0,0.0,0.0,0.0,0.0,0.0,0.0,0.0,0.0,0.0,0.0,0.0,0.0,17986166.31754999,406.8050642676705,0.1848493961978745,16006345.324599871,643.3894152768783,0.8942936527678852,0.0,0.0,0.0,0.0,0.0,0.0,0.00796,3710.11,0.796
3321,Steel,1,4,3601.03,15371.28,18350.42,-2.167,1.021676318347454,0.0396622096002101,0.02167,0.0136928885938037,0.2654750698091186,0.0791050288081169,0.3156320127780567,0.0,0.0,0.0,0.0,0.0,0.0,0.0,0.0,0.0,0.0,0.0,0.0,0.0,0.0,0.0,4746405.374096215,338.57342228402354,0.1852280955174015,5567451.77101436,529.0328835407936,0.684874342747421,4687683.663908486,479.2334309341407,0.8527741374360333,4952908.449990189,1065.4305077571014,0.9195086854910324,0.01205,3636.43,-1.205
3181,Steel,3,4,3752.87,4647.16,21965.43,1.958,1.2557182639837263,0.1366490747928619,0.01958,0.0074033076629449,0.2618006467826092,0.0839588433504104,0.341281589521535,0.3479828020166546,0.0534637054800987,0.7002619442864458,0.2780970222061177,0.0492400093376636,0.9830724032537456,0.0,0.0,0.0,0.0,0.0,0.0,0.0,0.0,0.0,12450119.76707399,793.1126419862576,0.1782018090462041,12267294.704605728,363.8230389498874,0.5216135840646459,11326985.963017086,534.7644818056249,0.5146214178978672,11762441.661970302,779.6606848000332,1.0464847888159123,0.01889,3750.35,1.889
1615,Steel,3,3,3660.88,5240.65,11269.66,-0.541,1.3464618176221848,0.0760209295153618,0.00541,0.0305707462745026,0.2758033468281413,0.1148864734172821,0.3629754430029623,0.3484234528558528,0.0620294305682182,0.695133212864337,0.2514370928733034,0.1051235115528106,0.8828922156043387,0.0,0.0,0.0,0.0,0.0,0.0,0.0,0.0,0.0,8470898.33785299,868.8411859023217,0.1621904719603357,12269890.522527942,242.935234666394,0.639941623506192,9099589.18940094,433.3568696146445,1.1088546387008988,0.0,0.0,0.0,0.00645,3704.53,0.645
3024,Steel,3,3,3616.56,4513.8,30351.76,-1.745,0.997027373313904,0.0524442456662654,0.01745,0.0124635509909538,0.41666870076757,0.0974258160591125,0.1383933227024522,0.1866129917447732,0.0603822711110115,0.2372007912564736,0.3306833485643665,0.0920553517341613,0.751740644775034,0.0,0.0,0.0,0.0,0.0,0.0,0.0,0.0,0.0,12062545.27005064,634.6388672233207,0.1026760875276097,11170409.99768617,363.1546182540436,0.4261186620719109,13105861.1651714,396.6148829983409,0.8014254384560081,0.0,0.0,0.0,0.03684,3545.19,-3.684
1413,Steel,1,4,3696.35,7792.06,13625.87,0.422,1.6773004561662674,0.0979191390275955,0.00422,0.0521054367208869,0.4441208703606519,0.1035190469026565,1.1849348387380694,0.0,0.0,0.0,0.0,0.0,0.0,0.0,0.0,0.0,0.0,0.0,0.0,0.0,0.0,0.0,13839757.469378868,103.27613254336552,0.3121836445007708,13814101.128367102,200.4251291043385,0.6249275636113988,12619506.044495275,421.925792342713,0.8430498849561141,15070148.142751642,290.74021926920506,1.3481803246997168,0.01336,3729.98,1.336
763,Steel,1,3,3687.37,5132.05,9534.31,0.179,1.8083756297826767,0.0963758727312088,0.00179,0.0270753388027706,0.3132462391780736,0.0649347269535064,1.5145252952538046,0.0,0.0,0.0,0.0,0.0,0.0,0.0,0.0,0.0,0.0,0.0,0.0,0.0,0.0,0.0,9721441.37244715,628.1815242901215,0.3738591449456684,11959595.340984294,115.36063254560732,0.809841622314442,11743210.466237906,395.5024924375515,1.4824067234643925,0.0,0.0,0.0,0.00134,3685.73,0.134
3849,Steel,4,3,3568.4,5457.19,14515.31,-3.054,1.190169870853424,0.0635532200336456,0.03054,0.0508425760269165,0.2728757819973722,0.0943172001838684,0.2718109981776028,0.2333427952788783,0.0522918085753917,0.572560782087336,0.3703847894838303,0.0621646785736084,0.7652444974718493,0.3657258715635745,0.0651467636227607,0.9204523950206625,0.0,0.0,0.0,0.0,0.0,0.0,11590481.542791588,613.3591631397811,0.1561845865603961,11034532.324954689,627.8478214336737,0.7214006815692511,11781158.83312312,513.7671119312149,1.0711528825779115,0.0,0.0,0.0,0.01415,3628.73,-1.415
157,Steel,2,3,3679.97,5408.05,59192.7,-0.022,1.0194430485367776,0.0810190755724907,0.00022,0.0059713023528543,0.5915656021159897,0.0868906903266906,0.2290208256023829,0.5154130298610455,0.15,0.8001359885980524,0.0,0.0,0.0,0.0,0.0,0.0,0.0,0.0,0.0,0.0,0.0,0.0,37864314.905042574,699.0823194942453,0.1367385076828169,31395907.004286435,834.0687345645215,0.3634566928364386,26918202.002181534,314.9312143085773,0.9008271487547466,0.0,0.0,0.0,0.03175,3563.93,-3.175
1295,Steel,3,4,3694.43,6455.27,36043.62,0.37,0.961077992618084,0.0982791408300399,0.0037,0.0276350921738759,0.4149017937272109,0.1104317235946655,0.2705202315219003,0.2922932344396914,0.0714019790291786,0.4233432497306759,0.2125110995157577,0.0977658635377883,0.766509595508081,0.0,0.0,0.0,0.0,0.0,0.0,0.0,0.0,0.0,11680370.803969571,406.1591884230812,0.1276176973663841,13540975.90162582,260.561612927928,0.4632692713193479,10255549.401664265,243.69692084927715,0.6480836944044477,10816205.338159991,491.2675116930192,0.8485217714207108,0.0015,3686.32,0.15
497,Steel,4,4,3684.5,5437.99,14220.02,0.101,1.2681621849536897,0.0923143627643585,0.00101,0.0457804428463751,0.3307215419927487,0.130336794257164,0.126826218495369,0.3458021451240372,0.0201509177708067,0.2132266853426849,0.2606340520982486,0.0638240498304367,0.7186730154772905,0.2456144499156139,0.0690553066134452,1.0417988556624522,0.0,0.0,0.0,0.0,0.0,0.0,13827465.36144206,909.283932448027,0.136827218495369,11855594.070023373,203.1334807867757,0.5258871392126985,12053815.261929473,564.1707555161746,0.6371961788291631,11246256.131365214,700.9172776558497,1.094555767586875,0.00289,3670.18,-0.289
3456,Steel,4,4,3768.63,5481.71,22598.75,2.386,1.0556163847446445,0.1176737787723541,0.02386,0.0225873194290634,0.3181705871501851,0.1078547781705856,0.2417621302350908,0.248850757881169,0.0594235983490943,0.4361377578680766,0.3401728857655252,0.110021094083786,0.5891912613232182,0.258489074432106,0.0781546664237976,0.8558637536122903,0.0,0.0,0.0,0.0,0.0,0.0,13423431.072178422,798.6184086203926,0.131656776413204,14234667.76694144,252.5428277678253,0.5447258875585358,12203069.0296793,1069.655701320497,0.7526103285873099,13182319.840441251,476.2645189409118,0.9366186682082032,0.03482,3808.96,3.482
373,Steel,6,2,3683.42,6773.31,15070.95,0.071,1.4015018343925476,0.0864577951431274,0.00071,0.0098149284491967,0.4515941923857238,0.0687382027506828,0.2582944706760561,0.2931174904770086,0.0598369050025939,0.5191477412553984,0.2481703579441873,0.0882860976457595,0.7215198951393973,0.1755845340242093,0.0500564022362232,0.9695747970503245,0.4200937523427451,0.0516990016400814,1.073821185346288,0.6665283296726066,0.0613820153474807,1.1644603616190028,67732199.16305636,508.7946896940543,0.1726819582064386,77021943.15743886,690.1939029801217,1.2613516495517911,0.0,0.0,0.0,0.0,0.0,0.0,0.0082,3650.62,-0.82
79,Steel,6,3,3681.17,5356.31,10037.89,0.01,1.523392516374588,0.0690164721012115,0.0001,0.0145408774842399,0.11609518608489,0.15,0.2362865180694806,0.3525531629770656,0.0600807070732116,0.5973838086498003,0.2852663048297598,0.0646751409769058,0.8089942231382321,0.2805640533911893,0.1255062758922576,0.9357403902855164,0.2434446715974376,0.1085742127895355,1.0959031487352595,0.5991898582808793,0.0585609424114227,1.3710432647371291,30263949.61869909,322.3157430744,0.1705451862314056,34262023.211183414,347.07001878770785,0.7524428719488789,25342776.90620488,355.8766475794613,1.310071820727292,0.0,0.0,0.0,0.02755,3579.38,-2.755
1553,Steel,3,2,3662.24,7671.97,21100.91,-0.504,0.8409941166639329,0.0554376863837242,0.00504,0.0222749607769591,0.282761997702036,0.0734296375513076,0.3014868614957144,0.3288164474970805,0.0981031757593155,0.4490919110438425,0.341106501590367,0.1095744723081588,0.6927493611143194,0.0,0.0,0.0,0.0,0.0,0.0,0.0,0.0,0.0,27427725.517893128,1033.2541153799662,0.1570694182654916,26447231.810351685,818.9290601516437,0.735649240372135,0.0,0.0,0.0,0.0,0.0,0.0,0.00586,3659.21,-0.586
1669,Steel,4,3,3702.03,7376.08,16882.1,0.577,1.211365810036659,0.0683937944173812,0.00577,0.0235733078368932,0.4362239714574469,0.0562397938966751,0.4067074841934138,0.553670959587276,0.0848920115828514,0.5921125837007843,0.2952183797241033,0.0253159262612462,0.7578878453927625,0.4293973374994926,0.0740993610024452,1.009492318102797,0.0,0.0,0.0,0.0,0.0,0.0,31192300.80880566,753.6024703505271,0.1776051818789576,30742649.07614899,149.31942198467289,0.7341437710341463,35762676.28051252,290.9591552997752,1.0577916220065058,0.0,0.0,0.0,9e-05,3681.12,0.009
2131,Steel,2,3,3714.43,4055.83,45410.62,0.914,0.9140787616372108,0.1056117039918899,0.00914,0.0133233084058659,0.3533818987089929,0.0823318380117416,0.1657618662845972,0.3861041929189002,0.0794670978188514,0.6297382186664486,0.0,0.0,0.0,0.0,0.0,0.0,0.0,0.0,0.0,0.0,0.0,0.0,11492866.206160748,390.950543907492,0.1493544044593255,9467001.092284055,652.8631035530857,0.4934353084157603,9467001.092284055,154.11298203031137,0.7388655224503754,0.0,0.0,0.0,0.00927,3714.93,0.927
465,Steel,5,4,3684.21,6699.78,12858.16,0.093,1.5250655114650726,0.0908843683004379,0.00093,0.0092643912998476,0.4179402163816055,0.0440725700557231,0.2357971034453422,0.34873314519273,0.0948436480760574,0.4504019879762192,0.3112834284279018,0.114448801279068,0.8319560159868753,0.256337574062274,0.0635970506072044,0.9518523364248774,0.4725264539142377,0.1485474467277527,1.1099785650466891,0.0,0.0,0.0,28008846.3259738,308.78607282031265,0.1525065526715728,24022592.91377284,514.5400887544499,0.335537921990111,27196897.21141336,321.23139100415074,0.805404530391809,31596541.490442235,698.6168440801359,1.3359353122266326,0.00292,3691.56,0.292
248,Steel,1,2,3679.32,8565.1,19395.33,-0.04,1.2713477343320847,0.067994025170803,0.0004,0.0225860476973113,0.5920842729765285,0.0693598306179046,0.234163899571185,0.0,0.0,0.0,0.0,0.0,0.0,0.0,0.0,0.0,0.0,0.0,0.0,0.0,0.0,0.0,25728818.641176973,701.3185438821741,0.1271347747045562,17947216.51991689,356.11769671843206,0.9436872323871648,0.0,0.0,0.0,0.0,0.0,0.0,0.00184,3674.03,-0.184
931,Steel,3,4,3689.13,6112.42,12280.38,0.226,1.1963951945304871,0.0726436040997505,0.00226,0.0123760906431795,0.2197223885243168,0.1115177911520004,0.4657235545536807,0.3034978538491409,0.0604498931765556,0.6844671684205699,0.1569514354653374,0.0905207020044326,0.8587823051946653,0.0,0.0,0.0,0.0,0.0,0.0,0.0,0.0,0.0,4557042.660716841,513.243899450815,0.2431905611345345,6693816.467107108,301.27296265310605,0.65747212487858,7195952.968304651,295.4248344137663,0.8362409243466232,6060924.709952173,746.1712111335901,1.0703901721059483,0.00625,3703.82,0.625
1335,Steel,3,4,3666.45,4022.46,13872.11,-0.39,1.2084007978439333,0.0830866144895553,0.0039,0.0134223154957464,0.227567659091516,0.0504967321455478,0.1671388411355229,0.2596264486052445,0.0630690917372703,0.3134790996834629,0.2847206323377965,0.0531680226325988,0.7091884615293569,0.0,0.0,0.0,0.0,0.0,0.0,0.0,0.0,0.0,4919749.045233592,424.2861377209533,0.1245008371071588,4385266.443047116,272.67228978277075,0.4845820373027246,4997393.062934679,363.9092779422502,0.5713936511541251,5002842.599151008,786.1751433311402,0.9486276865579752,0.00242,3671.89,-0.242
1338,Steel,2,3,3666.4,10951.24,15122.51,-0.391,1.6759230911731722,0.0900823837518692,0.00391,0.0221559560280039,0.7025811519587807,0.129786170721054,0.7073318942694795,0.4389211644897433,0.0670141577720642,1.1421215260117168,0.0,0.0,0.0,0.0,0.0,0.0,0.0,0.0,0.0,0.0,0.0,0.0,72730087.55280964,639.9970721738836,0.2747783184981024,83328005.02900553,374.8544330236098,0.9700984207754824,72002953.75768904,626.698629118808,1.5083307803799315,0.0,0.0,0.0,0.02252,3763.67,2.252
1406,Steel,2,2,3696.19,4821.41,49500.06,0.418,0.8542006000876426,0.125937129497528,0.00418,0.0403027657676879,0.2251717567220229,0.0681490105390548,0.3265593895461074,0.3159193688193175,0.1359754377603531,0.6867610452163752,0.0,0.0,0.0,0.0,0.0,0.0,0.0,0.0,0.0,0.0,0.0,0.0,14234408.832867129,1099.9999999999995,0.2366148539081374,13928220.646224111,459.6274163335474,0.7618595467396506,0.0,0.0,0.0,0.0,0.0,0.0,0.00173,3674.45,-0.173
4209,Steel,3,2,3534.34,5052.7,14928.46,-3.979,1.4631415367126466,0.1123918310403824,0.03979,0.022279854384273,0.2188161036498181,0.0850832509994506,0.5189188821711085,0.2544424649673942,0.0645834439992904,1.0499575799985112,0.3605140583398599,0.0514400355517864,1.1158096532872075,0.0,0.0,0.0,0.0,0.0,0.0,0.0,0.0,0.0,15820969.19837444,699.0471583537957,0.2360929414611655,15798396.73249513,505.37162715101465,1.1748594563247128,0.0,0.0,0.0,0.0,0.0,0.0,0.04722,3506.98,-4.722
742,Steel,5,2,3674.44,5392.38,27423.0,-0.173,0.8069148361682892,0.100126234292984,0.00173,0.0144455857388203,0.208901776341737,0.1419421726465225,0.1171736761063846,0.2359394366318187,0.1325193589925766,0.3079271577598828,0.2179381157490822,0.0658598056435585,0.4447078336605892,0.2251314313022526,0.0414016166329383,0.5524846683742473,0.3745892102598392,0.0812260115146637,0.6772769693423559,0.0,0.0,0.0,18506353.40698401,579.7503498345801,0.0900937391957021,17719972.46006251,330.6246797325033,0.7052470972133695,0.0,0.0,0.0,0.0,0.0,0.0,0.01163,3637.99,-1.163
2323,Steel,5,3,3719.87,6146.14,15454.14,1.062,0.9320716187357904,0.0638993072509765,0.01062,0.0166061948286148,0.2874840284723161,0.15,0.1074716610402606,0.2499050033213412,0.02,0.3201088258139299,0.4115008115246955,0.110470575094223,0.4078120670592308,0.2630718311672161,0.042004097700119,0.5060206938165562,0.1721918718735767,0.0367832066118717,0.6889200333365457,0.0,0.0,0.0,16015244.774927482,308.92294187775013,0.1222883965204459,16609948.996160842,210.168961833615,0.4302814750766447,17069087.00360522,242.15272212793715,0.8066087534036444,0.0,0.0,0.0,0.01686,3742.86,1.686
3601,Steel,2,2,3778.2,7751.9,11754.15,2.646,1.4398136645555497,0.0567011459469795,0.02646,0.018897182892999,0.2087602207505408,0.050903313010931,0.8898924489531381,0.4494518535577007,0.0968006432056427,1.1921203012082255,0.0,0.0,0.0,0.0,0.0,0.0,0.0,0.0,0.0,0.0,0.0,0.0,40529412.19800722,379.0477063179501,0.4096352496527172,38892777.6234871,865.938145574398,1.2958322966601812,0.0,0.0,0.0,0.0,0.0,0.0,0.01364,3630.6,-1.364
2123,Steel,2,2,3647.5,5690.56,20150.95,-0.905,1.0612902000546456,0.1148941287994384,0.00905,0.0084644586519173,0.5077258915290231,0.0230873914808034,0.1441921947252012,0.4647374026184526,0.0875573724508285,0.5408831264512781,0.0,0.0,0.0,0.0,0.0,0.0,0.0,0.0,0.0,0.0,0.0,0.0,18964318.0849758,220.2522828310088,0.1338345166143748,16935273.398561846,574.0565194805284,0.7956002179418047,0.0,0.0,0.0,0.0,0.0,0.0,0.01809,3614.23,-1.809
2094,Steel,4,3,3648.1,4445.48,26946.28,-0.888,0.9700989559292794,0.1003707805871963,0.00888,0.0515571647685729,0.3859545686438356,0.0634709498286247,0.119144057867671,0.2508156047956461,0.098429787158966,0.2275617122198947,0.4299297796988084,0.0528339725732803,0.560690841341589,0.3833030712164808,0.1015897685289383,0.760126094769158,0.0,0.0,0.0,0.0,0.0,0.0,15546647.449567344,98.42213067913866,0.141913242507188,14693024.977555256,523.6581447090574,0.5455346468258033,14026901.099037051,975.4341692033472,0.8676023151528055,0.0,0.0,0.0,0.00338,3668.38,-0.338
240,Steel,1,2,3679.39,8826.78,14844.57,-0.038,1.4036492049694065,0.1010941866636276,0.00038,0.0163684079890357,0.647024079765619,0.1042026442289352,0.902240650670569,0.0,0.0,0.0,0.0,0.0,0.0,0.0,0.0,0.0,0.0,0.0,0.0,0.0,0.0,0.0,41303052.79567156,240.891777837366,0.3481969700779769,37088174.944813855,290.4936634675868,1.0144636983877289,0.0,0.0,0.0,0.0,0.0,0.0,0.00811,3650.93,-0.811
2351,Steel,5,4,3641.07,5863.13,9768.36,-1.079,1.4593003302812575,0.0857897342443466,0.01079,0.0184329340812871,0.1789830413674674,0.15,0.3215821360550027,0.3459940376929344,0.0384723421931266,0.6551951038075795,0.1962891482238141,0.0505986785888671,0.8629356212818204,0.4289252004103883,0.0888385266065597,1.0160445414285864,0.1923762984352611,0.1136808061599731,1.289910777103257,0.0,0.0,0.0,10845137.917690158,213.18534591909088,0.1803989773721986,12298469.763426136,333.5382301119075,0.4539037925312381,14888275.669776551,1082.3485654574702,0.7753273664800613,12478705.927571336,242.8525389978868,1.3133702957938318,0.023,3596.14,-2.3
1370,Steel,1,4,3665.86,6515.76,12211.33,-0.406,1.405395969748497,0.110631509065628,0.00406,0.0109176797433598,0.4971117737244147,0.076869548857212,0.7023675087362617,0.0,0.0,0.0,0.0,0.0,0.0,0.0,0.0,0.0,0.0,0.0,0.0,0.0,0.0,0.0,15934827.65502947,908.1198313408364,0.2432245063677025,13772619.283355072,697.9936780070822,0.4587559940677393,13425220.88569131,733.5274445699866,0.4600803409362852,16654579.973979965,442.403334690856,0.9608763095831724,0.01557,3738.11,1.557
1057,Steel,3,4,3670.85,5304.69,14497.6,-0.27,1.3607152462005616,0.1076212358474731,0.0027,0.0219362834936294,0.298475226750119,0.087869501709938,0.9024057202664022,0.3281613734850464,0.02,1.0653867294068655,0.25919635793998,0.0923374319076538,1.2246337215805057,0.0,0.0,0.0,0.0,0.0,0.0,0.0,0.0,0.0,12399062.88762547,700.6595946010192,0.2910440793302259,11862346.465248976,264.74594614292107,0.7614570660042929,9718673.218540022,454.542371259444,0.8266644001599871,11072284.255481765,260.48408316195327,1.203074054751283,0.03952,3826.28,3.952
4816,Steel,3,3,3315.42,4281.89,6123.93,-9.927,1.5600160241127017,0.0414829846918582,0.09927,0.0115450383656897,0.365409530891176,0.0946449661254882,0.1774779870511859,0.3152323726224567,0.1281465971469879,0.4810771247343332,0.3003150907722094,0.091425444483757,1.138318155056435,0.0,0.0,0.0,0.0,0.0,0.0,0.0,0.0,0.0,46603582.18353141,1041.9180446017026,0.2914128599210959,46126255.02156607,774.9977128854583,0.6088177840826119,50800604.02367149,471.434505668528,1.312304863644889,0.0,0.0,0.0,0.02791,3783.53,2.791
199,Steel,1,4,3681.84,26351.38,27348.58,0.028,0.8947731018066406,0.0392337097823619,0.00028,0.0313869678258895,0.2807922253214651,0.0833764079213142,0.3586262287085965,0.0,0.0,0.0,0.0,0.0,0.0,0.0,0.0,0.0,0.0,0.0,0.0,0.0,0.0,0.0,4429239.363868036,639.0985729300613,0.1188888201671479,7287683.280697962,137.6909138933798,0.5133095712857008,6030553.831360223,408.45171987742384,0.6696019434702429,4392508.783023869,156.4470582026093,0.7900152711640445,0.0061,3703.25,0.61
2280,Steel,4,2,3643.16,5947.12,41645.56,-1.022,0.8093042463064194,0.1151037616729736,0.01022,0.0071137476551869,0.2609679068763826,0.0774617514014244,0.1717472315384282,0.2064943772799116,0.0513219235837459,0.3230557430120219,0.3199372898649029,0.0663964816927909,0.4446849021362803,0.3080086281045468,0.0443008168041706,0.5809299089917274,0.0,0.0,0.0,0.0,0.0,0.0,13314780.031770846,428.5158467169109,0.1254093677199822,13727766.00736673,849.7578131056199,0.6910360391158803,0.0,0.0,0.0,0.0,0.0,0.0,0.00446,3664.39,-0.446
4749,Steel,2,4,3978.07,8524.86,29541.72,8.076,0.8438902661204338,0.0869424949884414,0.08076,0.0068266558801575,0.2808236127607267,0.0817727723717689,0.3681822731913489,0.3184579417320572,0.0558836758136749,0.6136389813394635,0.0,0.0,0.0,0.0,0.0,0.0,0.0,0.0,0.0,0.0,0.0,0.0,10234617.435979834,510.7416774394519,0.1067717765948808,8887470.811798843,64.2801226381628,0.3212476833240643,6794121.820823709,323.59814770972537,0.2487730080843155,5510947.85014299,306.53734431126657,0.7201521581583569,0.00088,3684.03,0.088
2220,Steel,6,2,3645.15,6903.02,14328.51,-0.969,1.284758821129799,0.1151858611106872,0.00969,0.0257754553532708,0.2734782870163478,0.064364363849163,0.2270628045471269,0.3832878882193617,0.08339872777462,0.4139261828843653,0.3949618426591425,0.0985756158828735,0.6303750553218361,0.3712732192339137,0.1141441339254379,0.8528869213539413,0.209392812703073,0.0419218327105045,0.9975401830402708,0.364337466885464,0.0624156868457794,1.1476783548205296,49699255.650427766,250.3148089412728,0.1885302786676139,41190152.69988187,747.6747959244913,1.1376773548205297,0.0,0.0,0.0,0.0,0.0,0.0,0.01114,3639.78,-1.114
2819,Steel,3,3,3737.23,5910.69,15613.04,1.533,1.2772844851016998,0.0877678355574607,0.01533,0.0327078556373755,0.309940850476933,0.0301826417446136,0.3271852806699526,0.2614114892441279,0.0739027556777,0.687696617787243,0.4570537799031876,0.0729059636592865,0.996505013325419,0.0,0.0,0.0,0.0,0.0,0.0,0.0,0.0,0.0,13248240.71217584,659.0988237903779,0.2106529280318175,9460787.862239568,657.8923053111346,0.8801520847664898,11297960.039407289,493.3125347679279,1.120887670447937,0.0,0.0,0.0,0.01102,3721.36,1.102
3150,Steel,3,4,3610.26,4821.25,8250.54,-1.917,1.7859246134757996,0.0957977234125137,0.01917,0.0245738490523807,0.180974436483037,0.0888267642259597,0.3573597939697405,0.3579590655357119,0.0532572516798973,0.6247766345129977,0.3353773666094988,0.1039225941896438,1.070541639404868,0.0,0.0,0.0,0.0,0.0,0.0,0.0,0.0,0.0,9894000.93965059,866.8557493173013,0.2221713046630323,9340748.470223052,316.3225179956672,0.9881434521767132,8203728.374412982,735.242386290707,1.0991971226020714,9922692.580254149,195.42954644853324,1.516524208644389,0.03288,3559.78,-3.288
4256,Steel,2,2,3528.05,5015.52,15425.62,-4.15,1.392534241080284,0.1067652857303619,0.0415,0.0324339621308701,0.1263887602229426,0.14538687646389,0.4854117252056202,0.1807819075592044,0.0611266019940376,0.969007939417752,0.0,0.0,0.0,0.0,0.0,0.0,0.0,0.0,0.0,0.0,0.0,0.0,8255094.748098184,660.6777684489396,0.2776954989529766,9114904.859004816,280.4727727652757,1.2532808155797217,0.0,0.0,0.0,0.0,0.0,0.0,0.04347,3520.8,-4.347
3107,Steel,3,2,3749.33,6053.11,12926.86,1.862,1.5703800588846206,0.1349536452293396,0.01862,0.0074446604809488,0.2299197686007317,0.0808271133899688,0.5662777544711002,0.3288430971567002,0.122907874584198,0.9099616237677144,0.4156714767454747,0.121495908498764,1.355282123810074,0.0,0.0,0.0,0.0,0.0,0.0,0.0,0.0,0.0,40700614.7253274,599.0556657511188,0.197410021700385,47689405.29086798,589.7507735875465,1.2083694586767573,0.0,0.0,0.0,0.0,0.0,0.0,0.01239,3726.42,1.239
1973,Steel,5,2,3710.14,8009.67,15627.66,0.797,1.1222181737422945,0.0782275592684745,0.00797,0.0136648583169139,0.3252413392342554,0.0638545134663581,0.1550744347739295,0.3943162831491654,0.1078659826517105,0.3219310465013175,0.3056395846888238,0.1128537046909332,0.5106997478057808,0.2629956306486782,0.1140917068719864,0.7030785427781117,0.5653076860074254,0.0639975720643997,0.905596784368102,0.0,0.0,0.0,68076016.1364735,594.0470224644498,0.1723702282538482,80808821.72379507,423.4240182863148,1.001625893216954,0.0,0.0,0.0,0.0,0.0,0.0,0.01986,3753.89,1.986
1375,Steel,2,3,3665.8,4808.66,18446.96,-0.408,1.2989621877670288,0.132027181148529,0.00408,0.0089117805089843,0.3193129141709236,0.083887257874012,0.5992000033277924,0.2167153582515633,0.0913780307769775,0.8084512925003086,0.0,0.0,0.0,0.0,0.0,0.0,0.0,0.0,0.0,0.0,0.0,0.0,13816311.06024914,337.9544811051237,0.2690751500439408,11835613.03609106,566.9828045639512,0.8961082419177259,9920198.287326332,735.4361406858333,1.1202539647438363,0.0,0.0,0.0,0.00908,3714.22,0.908
3968,Steel,4,2,3803.43,7245.59,14970.75,3.332,1.228247380256653,0.0989732450246811,0.03332,0.0265700830376087,0.2423596970981909,0.0450611989200115,0.3055835929765189,0.2352455056227234,0.0349789877980947,0.62136476521535,0.3716857135495052,0.0758973082900047,0.6938982538855596,0.1903403691086705,0.0997688156366348,1.00210463172968,0.0,0.0,0.0,0.0,0.0,0.0,19464445.417774703,1099.9999999999995,0.1940707776691358,17866900.614044514,322.1822702808197,1.0925478881794284,0.0,0.0,0.0,0.0,0.0,0.0,0.04296,3838.93,4.296
4445,Steel,6,4,3867.8,7546.73,20078.65,5.081,0.9983328431844712,0.09167096555233,0.05081,0.0115093050937455,0.3559636509569901,0.0580664265155792,0.1293320353794997,0.6188234435127866,0.0589738190174102,0.264502553859963,0.3200637854403005,0.1138316249847412,0.3597507505489278,0.2797189670701143,0.0664853775501251,0.4675936733151107,0.4595108675735557,0.133498860001564,0.6026785800217154,0.4592501390488148,0.1227310746908188,0.8051449576057372,36120259.10234464,689.6685132892491,0.1122813046382665,38662748.97685289,835.6179272717791,0.6512990761501483,50035064.80092158,464.2047552062893,0.829099675083494,47503014.66382109,168.61662476405115,0.8850344940089749,0.01257,3727.08,1.257
964,Steel,2,2,3689.56,5928.52,19911.31,0.238,1.1303940385580065,0.0851343268156051,0.00238,0.0071643605376059,0.3833753559142397,0.0646301719546318,0.2054419804920459,0.1924588780248503,0.0684543907642364,0.738661798348138,0.0,0.0,0.0,0.0,0.0,0.0,0.0,0.0,0.0,0.0,0.0,0.0,10916382.086038103,408.8156830127042,0.1130394049861946,10970920.819766406,592.8519335383531,0.9291677959939032,0.0,0.0,0.0,0.0,0.0,0.0,0.00274,3670.71,-0.274
179,Steel,3,3,3679.85,8255.43,10023.26,-0.026,1.6221398055553438,0.0636858275532722,0.00026,0.0193601772687312,0.194139071511456,0.061604950428009,0.3757029831481857,0.5592501176103377,0.0528553509712219,1.097524884638641,0.2224710173763325,0.0857879787683487,1.4547390696720826,0.0,0.0,0.0,0.0,0.0,0.0,0.0,0.0,0.0,20081251.34192654,153.6177432912253,0.2034936148106884,18633785.25671507,156.04450550727913,0.7346064399642365,19690705.675236136,386.0511774612974,1.4311293848052125,0.0,0.0,0.0,0.04284,3523.11,-4.284
3698,Steel,2,4,3577.41,4773.31,11839.61,-2.809,1.4833268642425537,0.1059407365322113,0.02809,0.012875398025754,0.1844315956599314,0.0994890832901001,0.6480148135831864,0.3462333884245594,0.0745023387670517,0.8960914418077195,0.0,0.0,0.0,0.0,0.0,0.0,0.0,0.0,0.0,0.0,0.0,0.0,7553631.216229911,211.93962603249585,0.2018125411670733,6244869.168328877,634.9626303768991,0.5303640810887298,5486779.939710595,456.8228718906793,0.8779636887662546,7579980.692384118,269.3145889778108,1.2708847526119411,0.02656,3583.04,-2.656
3821,Steel,3,3,3791.74,7912.9,10407.98,3.014,1.6938277333974838,0.0811452209353447,0.03014,0.0283309702060082,0.2717648526479284,0.0704502567648887,0.6946337343466682,0.4538059504318364,0.0920190107822418,1.1916391834559612,0.3202057038408819,0.0734838041663169,1.4142999224822936,0.0,0.0,0.0,0.0,0.0,0.0,0.0,0.0,0.0,21202325.285519224,337.7352492895747,0.2469333945171865,23496641.577673964,113.93551712552224,0.8195218385460934,21418937.075636428,403.015945839948,1.475178268481368,0.0,0.0,0.0,0.02828,3784.9,2.828
3899,Steel,5,4,3797.37,6214.83,12968.69,3.167,1.4486285358667377,0.1029990628957748,0.03167,0.0106098116660227,0.3176044112761071,0.080918992459774,0.2210025137067868,0.3216984136474671,0.048542573004961,0.3824028240639999,0.2591917994252291,0.0881673115491867,0.477278095074259,0.5498813587312511,0.135818520784378,0.7893039326439759,0.4418289973682596,0.058457281589508,0.9560766655682124,0.0,0.0,0.0,25273279.07763212,475.49015472082,0.1535889671404066,27199680.093189947,633.733280818435,0.6079889828854096,21673356.691964258,766.2743806564811,0.6622480127193682,28079161.667456403,389.7623211399492,1.268185943611082,0.02938,3788.96,2.938
2974,Steel,4,2,3742.86,9008.6,16528.38,1.686,1.2426754742860795,0.119903370976448,0.01686,0.0262081125049945,0.2179650143013973,0.0851975351572036,0.2437881656149522,0.6061052781516356,0.1390517652034759,0.5915176252482323,0.2603440861598144,0.0779672548174858,0.8492277825728728,0.2378116196963188,0.0286532320082187,1.0955099351060182,0.0,0.0,0.0,0.0,0.0,0.0,68500175.59763402,559.4575119751337,0.1836620905396431,37724202.94502315,325.13061295498744,0.9626954891137391,0.0,0.0,0.0,0.0,0.0,0.0,0.0034,3693.3,0.34
3580,Steel,6,2,3584.89,6195.33,25867.25,-2.606,1.105975830554962,0.1007954547405243,0.02606,0.0510755841041776,0.1926107767520717,0.0406927898526191,0.1214085015538267,0.1999312964163462,0.0509879103302955,0.2117151295599978,0.4159588778548079,0.1000009018182754,0.2913431113699495,0.240999336506657,0.0479468196630477,0.5535033980254965,0.3438613701315599,0.0381374165415763,0.7987755702365587,0.2736661689614354,0.0219668790791183,0.9223130344526936,21560037.92253881,190.22746226356017,0.1363618192560374,16633261.49109519,358.53602509407455,0.944844568559702,0.0,0.0,0.0,0.0,0.0,0.0,0.01728,3617.18,-1.728
2887,Steel,2,2,3621.92,4763.48,20072.5,-1.6,1.1924974203109742,0.1134317685365677,0.016,0.0085309168024052,0.2241783453968723,0.0585802868008613,0.6992607783747071,0.3011568881964367,0.1367138564586639,1.0128985432716566,0.0,0.0,0.0,0.0,0.0,0.0,0.0,0.0,0.0,0.0,0.0,0.0,11693683.56318142,405.6678802781088,0.2664971666958829,16405148.680869969,124.43056969200146,1.0732476770873791,0.0,0.0,0.0,0.0,0.0,0.0,0.01896,3611.03,-1.896
2575,Steel,3,4,3727.41,5271.52,7821.09,1.266,1.779802280664444,0.0873960943818092,0.01266,0.0144127911188506,0.2274277195348086,0.0547025716304779,0.6860210527992723,0.1607684127713835,0.1206950980424881,0.9836376279408292,0.3473418365021306,0.1320375120639801,1.5740655509922092,0.0,0.0,0.0,0.0,0.0,0.0,0.0,0.0,0.0,10796393.577626895,163.56113868875914,0.2888399596346448,12846999.8029965,363.2853386368532,0.92889394797963,13139115.773619724,1020.0955243206088,1.1520339337920735,13009962.570713712,336.3199201855508,1.6018220508181973,0.01069,3641.45,-1.069
1419,Steel,3,3,3696.48,4113.49,27955.11,0.426,1.100556680560112,0.1217462155818939,0.00426,0.0221140382395701,0.3817233900151921,0.0283904342353343,0.285082613218745,0.2466998333008651,0.0362310304492712,0.4434652428642346,0.1346690732812225,0.0745954382419586,0.7315693094020828,0.0,0.0,0.0,0.0,0.0,0.0,0.0,0.0,0.0,6599394.809105912,286.0355960885634,0.1500448502180443,7750488.70019377,410.6319199410533,0.420136432698958,7793611.210887703,301.67283729423417,0.8922099711366369,0.0,0.0,0.0,0.01655,3741.7,1.655
3907,Steel,5,4,3798.27,6468.22,24766.31,3.192,0.8210279479622841,0.0713725270628929,0.03192,0.0061159978943816,0.520613056993451,0.1028423768281936,0.1480777037482533,0.4545336406855819,0.0394693705439567,0.2446982338280302,0.3299785460017988,0.1332967299222946,0.3583958480848827,0.2898669482202504,0.0866747134923935,0.5285225114288347,0.4524737571759395,0.0874917805194854,0.6260630700398672,0.0,0.0,0.0,28617821.109017268,304.8480766165302,0.0927066927679868,26890928.87405132,782.1452752660595,0.4514422249686959,23656364.397671867,495.46234503459465,0.5681550523632634,24331942.42760093,457.1073008221198,0.7282968756534716,0.02245,3763.43,2.245
1860,Steel,1,4,3707.0,9172.25,48095.19,0.712,0.830539882183075,0.0678539694547653,0.00712,0.0258175562024773,0.3306641839637443,0.0921950203180313,0.2142172474671567,0.0,0.0,0.0,0.0,0.0,0.0,0.0,0.0,0.0,0.0,0.0,0.0,0.0,0.0,0.0,6961679.157542872,708.5665710037056,0.1588593285082719,5800417.147037919,208.61933142474044,0.4214359720901026,4600737.236327059,717.1717787639071,0.5143820835634652,4600737.236327059,767.4383737320632,0.6670693785747357,0.00169,3674.58,-0.169
8,Steel,4,4,3680.77,4583.15,14955.78,-0.001,0.8676738232374192,0.0675302268266677,1e-05,0.0137268316074443,0.3776326113776456,0.0814838269352913,0.1015292233577519,0.2481994562157782,0.0947806286811828,0.3525856271510441,0.316910848011962,0.0764143764972686,0.518906724427492,0.3224151700303817,0.098262665271759,0.6860541627943041,0.0,0.0,0.0,0.0,0.0,0.0,12083213.409666477,776.9200239732404,0.1316615093829481,9839542.149857612,566.1399971695109,0.439777844391541,9896611.807271495,555.2568428328569,0.5426427577727128,11078334.64716312,1099.9999999999995,0.763355840525377,0.0139,3629.64,-1.39
2894,Steel,1,2,3621.66,9645.13,20495.68,-1.607,1.2007277578115465,0.074171436548233,0.01607,0.0133831171150538,0.4190278542147804,0.0458583287894725,1.0806449820303918,0.0,0.0,0.0,0.0,0.0,0.0,0.0,0.0,0.0,0.0,0.0,0.0,0.0,0.0,0.0,59232770.7587774,560.2889835090349,0.7438563807738054,51127672.56236567,304.6267568089241,1.070643982030392,0.0,0.0,0.0,0.0,0.0,0.0,0.02317,3595.51,-2.317
2847,Steel,6,2,3738.28,7314.62,16027.0,1.562,1.0027062609791757,0.0926776908636093,0.01562,0.0094966758425925,0.3179705562031404,0.0945976531505584,0.1462253872483109,0.322180207323988,0.1027971482276916,0.2883842315507391,0.3522384533169804,0.0851008480787277,0.4420014711327923,0.2826542311406496,0.0643001860380172,0.5523486993834942,0.2202041084831123,0.1086257719993591,0.6806876658933706,0.2364847500820166,0.1249423480033874,0.8447673444951675,34712788.70717657,635.1955468317881,0.1176988416385206,38432868.17143112,222.96133594857133,0.9024356338785516,0.0,0.0,0.0,0.0,0.0,0.0,0.00697,3706.46,0.697
3664,Steel,2,4,3782.13,4148.57,10556.35,2.753,1.6461393237113953,0.1080426598787307,0.02753,0.0114294019902479,0.2306668504377094,0.02,0.4682359296953869,0.2658058391068689,0.0699330103397369,0.973827141148906,0.0,0.0,0.0,0.0,0.0,0.0,0.0,0.0,0.0,0.0,0.0,0.0,6609113.902560009,351.4512399527017,0.2535825570431356,6793623.56698618,694.7654464676972,0.6701388219869262,6517822.29563662,1099.9999999999995,0.9428359754580355,7420217.830485865,794.2305423559344,1.3545679126724028,0.03628,3814.34,3.628
144,Steel,1,4,3680.1,5763.27,21052.61,-0.019,1.3413605719804764,0.1079495743513107,0.00019,0.0120730609197668,0.3667461681924028,0.15,0.3072699793622212,0.0,0.0,0.0,0.0,0.0,0.0,0.0,0.0,0.0,0.0,0.0,0.0,0.0,0.0,0.0,11709523.728838475,386.7663100177912,0.1660471855077058,12443655.272045003,361.2620065310699,0.5083985635748645,11984031.922863156,509.5282465111104,0.6508418980733204,11937533.82964694,213.0896756935716,1.0849768104148758,0.00488,3698.77,0.488
2104,Steel,4,3,3713.72,7173.62,12418.71,0.894,1.3189631462097169,0.0833897899389267,0.00894,0.020451974540348,0.2208329196964071,0.0887088072299957,0.3416635257537351,0.2207742816294161,0.0964237356185913,0.690949485573648,0.3255512814634134,0.1344758349657058,0.9346195541416756,0.3202589144881086,0.0577393347024917,1.108002166689773,0.0,0.0,0.0,0.0,0.0,0.0,18842065.983259864,252.52685423358253,0.1762900921445519,17228372.969418522,339.71845016063304,0.5823161709212454,16989825.316310354,861.3000201856859,1.0795779505905978,0.0,0.0,0.0,0.00243,3689.75,0.243
841,Steel,1,4,3688.07,11393.0,16581.62,0.197,1.3561411947011948,0.0702833129763603,0.00197,0.0306374636492927,0.3272549725394754,0.0914373230934143,0.3279933814827284,0.0,0.0,0.0,0.0,0.0,0.0,0.0,0.0,0.0,0.0,0.0,0.0,0.0,0.0,0.0,8375317.858854337,959.7567441158204,0.1961098807920672,8562635.931907533,776.9388226343782,0.8729115132669087,9409321.345972348,410.4062774930434,0.9933089822947496,9556111.267435333,281.2177470746198,1.1575602804991634,0.01137,3638.94,-1.137
1128,Steel,3,3,3691.84,5547.18,61101.29,0.3,0.7347158685326576,0.1070409282445907,0.003,0.0022129480278179,0.3032066893551079,0.1084366053342819,0.1238135914998439,0.1314046415312119,0.1200856393575668,0.4159585432813537,0.2701218558979164,0.0504094538092613,0.5656646969381312,0.0,0.0,0.0,0.0,0.0,0.0,0.0,0.0,0.0,7843663.397542784,1099.9999999999995,0.0793442960763239,14239577.558384528,418.38958460405934,0.3453792652965266,8190535.749425745,393.90398853699753,0.6548136341960521,0.0,0.0,0.0,0.04128,3832.76,4.128
151,Steel,1,4,3681.58,5847.4,25494.03,0.021,0.9942494317889214,0.0818325413465499,0.00021,0.0258636224996587,0.4043429208761798,0.0917894119024276,0.6434702028253141,0.0,0.0,0.0,0.0,0.0,0.0,0.0,0.0,0.0,0.0,0.0,0.0,0.0,0.0,0.0,4891646.947069244,568.7977694590476,0.247894297518171,5193723.314733778,1099.9999999999995,0.5850359384469319,4478597.898657927,476.1619051640021,0.7814620439688451,4608711.630908381,289.20979334799216,0.8948244876157798,0.01821,3613.76,-1.821
3591,Steel,6,2,3584.15,13312.39,23032.49,-2.626,1.1768682807683946,0.0690592188239097,0.02626,0.011433200335033,0.3530522913612493,0.1081681162118911,0.205398450787184,0.3110095821630025,0.1061223995685577,0.4056436695114729,0.2871721297201158,0.100698252916336,0.6171774932798733,0.4430955130476911,0.0616506284475326,0.7728698637985113,0.1921466169788828,0.0684447321295738,0.8567734455856546,0.3471369916761524,0.02,1.022259890006741,279763193.0779014,417.55360665455146,0.17372319171099,365837733.63955694,162.76960425267805,1.0092265403662433,0.0,0.0,0.0,0.0,0.0,0.0,0.04713,3507.31,-4.713
1052,Steel,1,2,3670.96,6964.14,44355.48,-0.267,0.8705089390277863,0.0722509614229202,0.00267,0.0159482891751606,0.3987108279135534,0.0646886080503463,0.6451795974286402,0.0,0.0,0.0,0.0,0.0,0.0,0.0,0.0,0.0,0.0,0.0,0.0,0.0,0.0,0.0,9168113.506629243,432.1822668544995,0.2748520127704957,7957978.492732109,870.6662698322625,0.7356620701585239,0.0,0.0,0.0,0.0,0.0,0.0,0.00294,3669.99,-0.294
1590,Steel,5,3,3661.42,4812.93,13303.51,-0.526,0.8848505273461342,0.0375812575817108,0.00526,0.0088150081532859,0.2200378060752252,0.0866568064689636,0.167498966832946,0.4460299509052723,0.0936436527967453,0.3234698534643251,0.1612404272136496,0.1010150778293609,0.4957591225957584,0.1206523641589896,0.0556943735480308,0.6451066715680704,0.2793610380698935,0.0941460645198822,0.7811328743331155,0.0,0.0,0.0,24346366.93924942,714.5253904420697,0.1015926959245105,28272943.40792072,378.8129315024897,0.4499165375940306,20047002.44020824,362.3353845630141,0.7319269689465013,0.0,0.0,0.0,0.01482,3735.34,1.482
3008,Steel,4,2,3744.32,4238.87,11153.67,1.726,1.7085600584745408,0.1220650999546051,0.01726,0.0312906555277334,0.2153516909929536,0.0773812007904052,0.2377468144215241,0.4309812385027451,0.0954202991724014,0.3947789720973356,0.2398555931428869,0.1001946634054184,0.9565066805237956,0.2511040125561161,0.1272329515218734,1.4167548306384914,0.0,0.0,0.0,0.0,0.0,0.0,31808534.374936663,267.9400264171291,0.1863093527584208,27558382.61075862,535.535786767769,1.261735038306861,0.0,0.0,0.0,0.0,0.0,0.0,0.00524,3661.52,-0.524
2029,Steel,3,4,3649.76,6260.81,43729.41,-0.843,0.6947519116103649,0.0780891286134719,0.00843,0.0136950822366901,0.3783570150894454,0.1274399942159652,0.1406356645470011,0.4603614034441479,0.0450604201853275,0.3388047727869697,0.3613984057932096,0.0973445332050323,0.471965705757144,0.0,0.0,0.0,0.0,0.0,0.0,0.0,0.0,0.0,10581412.654154591,652.58964090663,0.0694751918557884,10181833.45954529,932.4687456156112,0.1064424167905622,12816079.591533458,404.3185163326251,0.2819034474977935,9061078.265337128,669.3592306937692,0.5849566088597231,0.02974,3571.34,-2.974
1807,Steel,2,4,3655.92,7543.36,15089.49,-0.676,1.0393563985824583,0.0763629752397537,0.00676,0.0396754163845892,0.4237742759360535,0.1043296360969543,0.5201954182829058,0.2441487786933628,0.0899500405788421,0.8248519755204772,0.0,0.0,0.0,0.0,0.0,0.0,0.0,0.0,0.0,0.0,0.0,0.0,7181106.19828401,1056.2126121652625,0.155561906985673,8758906.190808654,302.84697098380394,0.393441478295037,7164809.886546325,1099.9999999999995,0.49767424912507,8285660.908452688,1099.9999999999995,0.919264705568391,0.00109,3684.81,0.109
2696,Steel,6,2,3629.72,6571.82,13151.01,-1.388,1.823117768764496,0.1122059392929077,0.01388,0.0058730323708899,0.54442107709079,0.0888269966840744,0.2543306790145696,0.2814276424026154,0.0654896742105484,0.4832794362068922,0.3176229763621743,0.1118545919656753,0.6809932223638834,0.3048163325972278,0.0918152999877929,0.9118643681631268,0.2608329944515311,0.0498209008574485,1.2491989746670542,0.2585833034544074,0.0524466256797313,1.5155340230917185,90684627.86106595,524.3932489747211,0.2765224568295443,93042037.1288626,225.5903871649557,1.61844950729807,0.0,0.0,0.0,0.0,0.0,0.0,0.00877,3713.07,0.877
3039,Steel,5,4,3615.98,5067.51,12098.6,-1.761,1.292050442099571,0.0899022220373153,0.01761,0.0111278752764844,0.3478099445269163,0.0855660510063171,0.1292150442099571,0.3091143744425615,0.1088330471515655,0.3902247944419865,0.643994527031769,0.0642087641358375,0.7165469105816052,0.1687046576735261,0.0479534098505973,0.857991284606966,0.1797840001940071,0.0464209394156932,1.043669153453793,0.0,0.0,0.0,15599848.96199663,479.8459225133372,0.1416965868338053,14273244.395357223,658.0893723608904,0.5865776025330779,16944082.43758731,389.3266721027385,0.7003363536347129,16264135.927067105,249.6824277248868,1.1276693662784254,0.00434,3696.79,0.434
472,Steel,3,2,3684.29,7220.5,16160.1,0.095,0.9388471275568008,0.0589879411458969,0.00095,0.0471903529167175,0.2482964579017103,0.1039097082614898,0.3395271177032095,0.2711308669010185,0.0622248271107673,0.5131822611155163,0.2647091664685324,0.0755627933144569,0.8007559253871792,0.0,0.0,0.0,0.0,0.0,0.0,0.0,0.0,0.0,15025923.691056715,340.35838906313813,0.2078890081426893,13266466.988101812,351.8229899910758,0.8449624138622737,0.0,0.0,0.0,0.0,0.0,0.0,0.00173,3687.17,0.173
3289,Steel,2,2,3758.75,6561.27,21763.25,2.118,1.2168320447206498,0.1149136718511581,0.02118,0.0178227691243399,0.5256187318724728,0.0546799573302269,0.4093917878636116,0.2911167945656496,0.0382343806326389,0.7096695365818757,0.0,0.0,0.0,0.0,0.0,0.0,0.0,0.0,0.0,0.0,0.0,0.0,18590000.207761656,1099.9999999999995,0.2192788148833644,18635003.96526185,487.4492754654867,1.0080787650613692,0.0,0.0,0.0,0.0,0.0,0.0,0.02703,3780.31,2.703
4074,Steel,5,2,3812.87,12699.67,16868.71,3.588,1.200492113828659,0.0619792764782905,0.03588,0.0058301503036402,0.4538022796180981,0.0333126447349786,0.1564935213937797,0.4411588885268778,0.0869319903850555,0.2229331880091896,0.3613993205240838,0.0992649936676025,0.483125341542947,0.2297315567335682,0.0805991765856742,0.7448274797108806,0.2160194806133102,0.1166664361953735,0.999043359073391,0.0,0.0,0.0,335256160.0804256,813.7649877747899,0.1748030103144395,258313702.08067727,557.6842506144831,1.0270935894391997,0.0,0.0,0.0,0.0,0.0,0.0,0.00467,3663.61,-0.467
3496,Steel,3,2,3771.21,7656.8,11600.7,2.456,1.475137546658516,0.0971296217441558,0.02456,0.0057006288631434,0.3006378912814976,0.0983839929103851,0.2467684869920196,0.5184630622693313,0.053328263759613,0.5653073266238637,0.205434483038732,0.1496071690320968,1.1709310150467245,0.0,0.0,0.0,0.0,0.0,0.0,0.0,0.0,0.0,30326755.465336904,140.05507748060228,0.2039706359623071,41053046.92076606,367.91267683760896,1.2957307420271411,0.0,0.0,0.0,0.0,0.0,0.0,0.00687,3706.08,0.687
279,Steel,6,2,3679.04,6868.94,23643.13,-0.048,1.1751601099967957,0.1098780139684677,0.00048,0.0145500246187354,0.6839934033372972,0.115274988412857,0.2088580366903078,0.2320047909029792,0.0569887351989746,0.3757688121160549,0.2129998402099865,0.0987517571449279,0.5116692588904332,0.2987887923713672,0.1029991388320922,0.6674911635780068,0.4344511669127425,0.1135831117630005,0.8222478050914431,0.2098704961972039,0.0934419643878936,0.97223807286498,63880494.95117825,314.1897580982209,0.1451711999652197,82938127.49110913,987.316285635656,0.9978216154508012,0.0,0.0,0.0,0.0,0.0,0.0,0.00827,3711.23,0.827
1741,Steel,2,3,3657.7,5199.72,18312.44,-0.627,1.38875467479229,0.0891496325731277,0.00627,0.0240823649388225,0.4221750567288548,0.1005645585060119,0.3684428421013325,0.3615638111293511,0.1209682440757751,0.9675971874530463,0.0,0.0,0.0,0.0,0.0,0.0,0.0,0.0,0.0,0.0,0.0,0.0,15892560.24985158,771.2953285915355,0.2008425980898094,14900997.474816686,295.11672511756893,0.804336348419606,16844540.62567039,644.0495956977195,1.2078334185664117,0.0,0.0,0.0,0.00054,3678.81,-0.054
1941,Steel,2,2,3652.4,8296.85,35642.36,-0.772,0.6747186444699764,0.0585893864631652,0.00772,0.0089020189482352,0.219943752365252,0.1278167313337326,0.2345030880262121,0.2754079511611189,0.1179495352506637,0.428335073920208,0.0,0.0,0.0,0.0,0.0,0.0,0.0,0.0,0.0,0.0,0.0,0.0,8877865.527234586,952.9461501088008,0.0889734268899678,8819084.507963384,724.2070117018391,0.5413221127377148,0.0,0.0,0.0,0.0,0.0,0.0,0.02317,3595.51,-2.317
100,Steel,1,2,3680.32,14649.99,15627.52,-0.013,1.2077923357486724,0.0622993330955505,0.00013,0.0277865673359744,0.4123167733485436,0.1031456649303436,0.5086117579944677,0.0,0.0,0.0,0.0,0.0,0.0,0.0,0.0,0.0,0.0,0.0,0.0,0.0,0.0,0.0,30481384.41597385,463.807738771027,0.2644331365225691,30273351.252672914,358.4203292512348,0.968900698696293,0.0,0.0,0.0,0.0,0.0,0.0,0.00637,3657.35,-0.637
2804,Steel,1,4,3736.79,5260.17,19527.23,1.521,1.0168516263365746,0.0891855955123901,0.01521,0.0236474154407193,0.3209454855086279,0.1226081585884094,0.4259635142920533,0.0,0.0,0.0,0.0,0.0,0.0,0.0,0.0,0.0,0.0,0.0,0.0,0.0,0.0,0.0,4400518.14836152,418.44578518152304,0.1587312213965531,5314643.950960644,779.7071796179438,0.3748512405497929,5202059.923571954,319.28511657011205,0.48820507388236,4431169.819268364,164.81155369386653,0.8415695485392898,0.02065,3756.82,2.065
3570,Steel,5,2,3585.45,6334.0,23900.67,-2.591,0.9931588754057884,0.1070729300975799,0.02591,0.0126710913445107,0.223893942692233,0.0912443131208419,0.1670598279965448,0.1859466079809799,0.1435541146993637,0.3644425593683409,0.2759049104490407,0.069832127392292,0.5503145446637816,0.1941770603966476,0.099173389673233,0.6843488279761956,0.4933800641168387,0.0825189861655235,0.8425057689328276,0.0,0.0,0.0,26173876.929434504,300.8207139647991,0.1219800233253775,25497710.105985,453.8036711764199,0.8938429868720508,0.0,0.0,0.0,0.0,0.0,0.0,0.02696,3581.56,-2.696
3661,Steel,6,4,3782.06,5672.8,14213.22,2.751,1.3073407262563703,0.0947384883165359,0.02751,0.0203380636165445,0.3486777797773583,0.0683924368023872,0.2103107830674541,0.3890590174005184,0.0712479561567306,0.3944900269654067,0.3018757313757754,0.0628587558865547,0.5841578832994426,0.3292230171378189,0.020192899252288,0.7090636966833225,0.2517546662065969,0.0344483992457389,0.8760162509035064,0.4376590153434604,0.0675243180990219,1.0127308076681816,15692929.88774593,560.6100622486205,0.1691238552428978,15651160.093842627,326.0731541849768,0.7493917697174777,21478264.445061013,236.3715425475865,0.7852714225873829,20073457.173331767,208.6456848540159,1.1404652508034552,0.03416,3806.52,3.416
530,Steel,4,2,3676.76,5679.49,15059.84,-0.11,1.3366835296154025,0.1089818774461746,0.0011,0.0189094752971585,0.2688232664419369,0.0718914040923118,0.4193732587470831,0.1777508442820513,0.0999322879314422,0.7573318781923862,0.3521263103671731,0.0292963835597038,0.8677965684510089,0.3995945961699326,0.0738709709048271,1.1582278008865496,0.0,0.0,0.0,0.0,0.0,0.0,21030700.679776862,927.5622721708288,0.1549408706830499,23158597.13566705,316.7806896300004,1.0809244131123823,0.0,0.0,0.0,0.0,0.0,0.0,0.01047,3642.27,-1.047
1886,Steel,6,2,3707.6,12023.4,20008.02,0.728,1.4837844789028167,0.0863602364659309,0.00728,0.0362773989908502,0.2990761454977268,0.0492756626009941,0.1981020663350461,0.2101317855642004,0.1055803537368774,0.3252895990274704,0.3597727969300853,0.1256608527898788,0.4855361941209143,0.3619299459483662,0.0536190146207809,0.8096612429245333,0.2038356845832823,0.0702821895480156,1.0066211230199955,0.4955375397374853,0.0215832124091684,1.156194270909517,215336313.357388,376.775540392586,0.2408575206657451,253518596.3274024,127.35252077005026,1.3354060295287506,0.0,0.0,0.0,0.0,0.0,0.0,0.01792,3746.74,1.792
681,Steel,3,4,3675.31,5828.21,29474.0,-0.149,0.8797666490077972,0.0790417233109474,0.00149,0.0259221637926028,0.3607080887397579,0.0593365156650543,0.1773553344692854,0.4075486769729479,0.0888582855463028,0.3194280237018481,0.3626297313011587,0.0594319126009941,0.5990513256268064,0.0,0.0,0.0,0.0,0.0,0.0,0.0,0.0,0.0,7886114.67787157,1019.0238638002368,0.0879766657805463,8554403.664867977,594.3036526656335,0.2270016122435345,8129944.727950001,448.7533027304657,0.4167448641951312,7561226.821361885,450.9688433353344,0.7495540018211988,0.01486,3626.09,-1.486
3944,Steel,4,3,3800.7,5503.75,16072.33,3.257,1.2477227985858916,0.0599082589149475,0.03257,0.0063054370834234,0.2900101205781129,0.1375820177793502,0.1429738906875681,0.3098285212682294,0.1113520097732544,0.5414701492327421,0.2155595641375283,0.0860784429311752,0.801752140109779,0.1708441700154551,0.0321837041527032,0.8930256458231074,0.0,0.0,0.0,0.0,0.0,0.0,30871665.43609432,625.7827928989611,0.1785645827640428,40108237.96727694,172.78811695315926,0.94525425817706,33302305.843982577,576.936638778126,1.1229505174795795,0.0,0.0,0.0,0.02401,3769.19,2.401
2018,Steel,6,3,3650.15,4785.39,12320.59,-0.833,1.388027232885361,0.0852462528944015,0.00833,0.0184268833450738,0.278661170382286,0.0877000164985656,0.241585331799516,0.2946699618208772,0.1363978916406631,0.4605825897075718,0.1421673043578526,0.0905829697847366,0.651504400569849,0.2578927662547174,0.0827264666557312,0.7858818829030693,0.2260562650675454,0.1024433469772339,0.9810186434511544,0.5473012719469457,0.1351111584901809,1.1607767022223905,32464753.87650764,336.6122970469571,0.1582883523530448,28947892.13450551,710.1411613827089,0.9602793506622852,26956216.142607152,220.1288216119688,1.2492245082087974,0.0,0.0,0.0,0.0128,3633.7,-1.28
1096,Steel,2,3,3691.39,5396.16,8478.71,0.288,1.6384545952081682,0.0707556344270706,0.00288,0.023761086543153,0.2618446271422103,0.028332895040512,0.602048055905534,0.4152690101643871,0.02,1.109906858900585,0.0,0.0,0.0,0.0,0.0,0.0,0.0,0.0,0.0,0.0,0.0,0.0,5617680.839203258,626.2141762729775,0.23384300650755,4822215.682231194,647.732759484634,0.7289328502591482,4239676.833323304,648.7405384318295,1.3969866740360632,0.0,0.0,0.0,0.00364,3667.42,-0.364
829,Steel,1,4,3687.96,5828.61,9744.02,0.195,1.5511708289384842,0.0986407507658004,0.00195,0.0122407482640459,0.4725628200614498,0.1204837238788604,0.6620455164127802,0.0,0.0,0.0,0.0,0.0,0.0,0.0,0.0,0.0,0.0,0.0,0.0,0.0,0.0,0.0,10337346.74707994,498.5266160469742,0.291507378442399,10484557.074103909,668.8971062551768,0.6276889547169615,12124380.934783854,684.0600735586407,0.8944179592902941,12078309.788271992,754.0981164368595,1.2661541458868442,0.00083,3683.87,0.083
2805,Steel,4,4,3736.82,7657.87,16163.7,1.522,1.0528651833534242,0.0805252559185028,0.01522,0.0154739517724828,0.2553924602260538,0.0662175354361534,0.2323711255619009,0.2694709290482006,0.1062476325035095,0.4062611112199996,0.226370439592697,0.1177539837360382,0.5630447862104577,0.2628044080512372,0.023828395307064,0.8100081940459004,0.0,0.0,0.0,0.0,0.0,0.0,8199452.368406407,864.7926302682507,0.1306397561706116,10372422.63732102,257.9840607250402,0.6122608983333393,8955458.805191377,381.6023358718603,0.746154015380736,10056301.18692107,385.7645834629345,0.9360571461607572,0.00602,3702.97,0.602
3829,Steel,3,3,3569.39,4922.4,42351.32,-3.027,0.7083382703363896,0.0923936352729797,0.03027,0.0392341284907346,0.1779953730929033,0.0487379346787929,0.0893724774931856,0.175617030274741,0.0890231990814209,0.2496980085997896,0.2497068847198914,0.0854687130451202,0.4361309584760921,0.0,0.0,0.0,0.0,0.0,0.0,0.0,0.0,0.0,4333108.982400448,358.5113665917254,0.0777789184361778,4364969.67191249,160.9338143607173,0.4100532356842145,3956870.3249912458,549.5373604679407,0.5954167440751534,0.0,0.0,0.0,0.03344,3557.71,-3.344
