rank,material,n_disks,n_bearings,cs1_pred,cs2_pred,cs3_pred,cs1_relerr_pct,L,cs3_relerr_pct,joint_err,OD,ID,d0_OD,d0_W,d0_pos,d1_OD,d1_W,d1_pos,d2_OD,d2_W,d2_pos,d3_OD,d3_W,d3_pos,d4_OD,d4_W,d4_pos,d5_OD,d5_W,d5_pos,b0_K,b0_C,b0_pos,b1_K,b1_C,b1_pos,b2_K,b2_C,b2_pos,b3_K,b3_C,b3_pos,joint_err_truth,cs1_ross,cs1_relerr_truth_pct,cs3_ross,cs3_relerr_truth_pct
11,Steel,5,4,3667.62,4856.87,18126.11,-0.358,1.0294825077056884,0.308,0.00473,0.0801552794575691,0.0212693055625341,0.3044866908219052,0.0737228408455848,0.1631967947500151,0.2543998484586617,0.0745567572116851,0.2984066731436032,0.1998325459935157,0.0837571355700493,0.4705083217813052,0.3978725263796961,0.0701751309633255,0.6440110242935266,0.2627499982296447,0.0710882884263992,0.7785061461260603,0.0,0.0,0.0,10180448.240464354,408.7684078800162,0.1121756774526994,8248471.428017362,498.63756447273744,0.5400090368166797,10218318.198932303,505.52108144992303,0.6690952633896845,7754143.201156496,365.0542935866692,0.8879882815688159,0.00802,3680.81,0.0,18215.28,0.802
12,Steel,4,3,3680.78,5842.11,18159.05,-0.001,0.8525802582502365,0.491,0.00491,0.0650434898734092,0.0136148636019318,0.3305075370912997,0.02,0.1368397087305016,0.2285308356194987,0.087058664560318,0.318281225777797,0.20272242178461,0.0998376309871673,0.530289894712677,0.226240536617954,0.0841618257761001,0.6839154136865999,0.0,0.0,0.0,0.0,0.0,0.0,6311785.356868058,334.37344057208736,0.0852580266776039,8593639.104893677,295.25484793419105,0.2711698137125985,6958882.012887678,801.3056840475409,0.7075363068034732,0.0,0.0,0.0,0.00557,3673.78,-0.191,18165.06,0.524
18,Steel,4,2,3664.65,11829.88,17986.02,-0.439,1.2469393402338027,-0.467,0.00641,0.0901618678569793,0.0235836479571304,0.2817608998416063,0.1207094639539718,0.2235366823212148,0.4954236719232271,0.0931032961606979,0.509091610731235,0.2260328386018483,0.0821447518467903,0.7767532312184775,0.2971492654258136,0.02,0.8939153825983845,0.0,0.0,0.0,0.0,0.0,0.0,57265436.9366096,734.1753412486294,0.1396522359962132,71241725.50489531,250.3185764870064,1.0841884282663306,0.0,0.0,0.0,0.0,0.0,0.0,0.0055,3700.06,0.523,18100.77,0.168
28,Steel,2,3,3660.33,6255.31,17985.83,-0.556,1.2411774754524232,-0.468,0.00727,0.0818637772202491,0.06,0.2480336866257932,0.15,0.3071909335972089,0.2667061963822722,0.0813606125116348,0.7618307367043107,0.0,0.0,0.0,0.0,0.0,0.0,0.0,0.0,0.0,0.0,0.0,0.0,7545628.48643501,346.23119391858444,0.1927239876629477,7472058.745226175,253.528255421697,0.6847586165166692,7126481.7948616985,644.4281279642366,1.1170597266660034,0.0,0.0,0.0,0.00448,3678.26,-0.069,18150.33,0.442
45,Steel,2,2,3713.24,8720.49,17973.02,0.881,0.9230039566755296,-0.539,0.01033,0.0546197643876075,0.0183431958803904,0.2028304418976483,0.1151468575000763,0.3543676134885164,0.3602414514292871,0.0457633928954601,0.5701962280263155,0.0,0.0,0.0,0.0,0.0,0.0,0.0,0.0,0.0,0.0,0.0,0.0,8085451.924235229,326.29171613268085,0.1482506125974954,8574948.127350837,211.3763441240665,0.7253709243559378,0.0,0.0,0.0,0.0,0.0,0.0,0.00814,3675.0,-0.158,17926.12,-0.798
50,Steel,2,2,3719.69,5539.56,18146.74,1.057,1.0959590315818786,0.422,0.01138,0.0706672844290733,0.032790780669313,0.3299280837115395,0.02,0.3617435752014226,0.2445125984845091,0.1177930831909179,0.9302817795507088,0.0,0.0,0.0,0.0,0.0,0.0,0.0,0.0,0.0,0.0,0.0,0.0,6918773.040706487,371.5880445320456,0.1747424774198865,8420093.659365809,762.4402094788221,0.9157302099994624,0.0,0.0,0.0,0.0,0.0,0.0,0.0088,3649.19,-0.859,18105.19,0.193
54,Steel,1,2,3667.55,4530.57,17868.7,-0.36,1.1593264773488046,-1.116,0.01173,0.0528852889239788,0.0062089758428016,0.3244598240077401,0.0623968809843063,0.8612608175325576,0.0,0.0,0.0,0.0,0.0,0.0,0.0,0.0,0.0,0.0,0.0,0.0,0.0,0.0,0.0,6885874.483227767,1093.0212525044456,0.4709963744718992,5586619.81845571,597.9277316173776,1.0207383135415675,0.0,0.0,0.0,0.0,0.0,0.0,0.01274,3648.61,-0.875,17903.03,-0.926
56,Steel,4,2,3682.69,5953.36,17856.25,0.051,1.3861495792865757,-1.185,0.01186,0.1400165567398071,0.0144554753511959,0.3462814394317572,0.0656962171196937,0.31014299615188,0.1588028835408631,0.0837645199894905,0.5036520490361434,0.2855176453583619,0.1435545563697814,0.7850859341623232,0.2048395240262946,0.0305191142112016,1.0414777738224912,0.0,0.0,0.0,0.0,0.0,0.0,22791376.2704194,432.6967834682914,0.1473034981051204,28862484.27066789,523.5843218947197,1.170564423003003,0.0,0.0,0.0,0.0,0.0,0.0,0.00878,3703.65,0.621,17958.1,-0.621
59,Steel,2,4,3642.52,9638.83,18180.74,-1.04,1.272367388010025,0.611,0.01206,0.0275211564302444,0.0050635239634452,0.235164302113416,0.1215985774993896,0.4941262871337699,0.2489584402625899,0.0301462513953447,1.0109567395590775,0.0,0.0,0.0,0.0,0.0,0.0,0.0,0.0,0.0,0.0,0.0,0.0,15654454.368742766,373.8928898558385,0.179458579456973,14366066.314795263,717.1421293865691,0.6081615101735491,15462295.956345277,401.9656230719471,0.9806211571770536,12942733.97160857,332.23763756171707,1.1451306479366552,0.00869,3655.01,-0.701,18163.42,0.515
62,Steel,1,2,3708.99,4361.16,17899.52,0.766,1.146590565145016,-0.946,0.01217,0.0860096253156662,0.0154169836888611,0.246936403555267,0.067016586959362,0.3568576815238268,0.0,0.0,0.0,0.0,0.0,0.0,0.0,0.0,0.0,0.0,0.0,0.0,0.0,0.0,0.0,6804297.246994017,356.4278957691866,0.2662673361735807,6155257.245965972,620.9996411422602,0.8658670573745564,0.0,0.0,0.0,0.0,0.0,0.0,0.01029,3695.86,0.409,17899.79,-0.944
66,Steel,5,4,3716.54,4766.76,17908.99,0.971,0.934518864750862,-0.893,0.01319,0.0713696747422218,0.0259610864898938,0.3696503563361686,0.1000991076231002,0.1084227517556035,0.2055435830989741,0.0828970405459404,0.2243241403381916,0.1919080079326903,0.1157330626249313,0.4314987793699893,0.2923169435412309,0.02,0.6010412269269578,0.3773498381597803,0.0926611685752868,0.7492769096367499,0.0,0.0,0.0,15855966.677309144,176.61954304079345,0.0942646083918952,10579063.19275823,135.91312878143034,0.2647979297904775,13065281.194685178,706.560668756486,0.3119651499185457,12328295.161666246,340.37609227351203,0.7851772832635346,0.00718,3666.0,-0.402,17962.91,-0.595
75,Steel,5,3,3724.81,4839.97,18193.45,1.196,1.1449242413043976,0.681,0.01376,0.1211833519935608,0.0088550283857248,0.2360265584932474,0.0971233415603637,0.2030910376823268,0.2448516832146836,0.138778960108757,0.4862455587506729,0.2593908840447942,0.1127512836456298,0.6473719909501179,0.2591851319149214,0.0736993277072906,0.9013064171027309,0.2477453469463944,0.0701259273290634,1.002767771269227,0.0,0.0,0.0,13861898.376297314,584.9614482831047,0.1308518599250721,14570043.692267986,409.3491724744448,0.5694089208028236,15922760.518491,148.9170928875129,1.0304318160290338,0.0,0.0,0.0,0.00951,3700.54,0.536,18212.4,0.786
79,Steel,1,2,3705.72,11838.09,17846.16,0.677,1.263397037982941,-1.241,0.01414,0.0589293162226677,0.0067749839452657,0.4227000624693467,0.1178651839494705,0.9445068842152904,0.0,0.0,0.0,0.0,0.0,0.0,0.0,0.0,0.0,0.0,0.0,0.0,0.0,0.0,0.0,23226769.827011947,549.7474250210039,0.2613657314380261,23390521.65715602,300.21587356777536,1.0398693443418905,0.0,0.0,0.0,0.0,0.0,0.0,0.00864,3661.33,-0.529,17946.99,-0.683
80,Steel,5,4,3659.07,6698.25,17836.14,-0.59,0.9897122651338578,-1.296,0.01424,0.074126501917839,0.0285497862663001,0.3713880920860109,0.1219690304994583,0.2576605212279728,0.3481330101784964,0.0683812671899795,0.4001718847229565,0.3439785037459092,0.0509029527008533,0.550260692070194,0.3382212902123329,0.0544860368967056,0.7191992804894867,0.3221286668191508,0.0245215708762407,0.8793774340081388,0.0,0.0,0.0,16290995.467219476,1020.7804459369532,0.1790494946803829,14736176.245415617,475.8487568997588,0.6234693156992448,13405798.703277942,484.3141118499788,0.6223049456590549,16242815.44789384,389.2172056405975,0.8639295203132465,0.00786,3699.59,0.511,18178.42,0.598
114,Steel,1,2,3742.94,4790.42,17905.77,1.688,0.979917712509632,-0.911,0.01918,0.0480021667182445,0.0286531005951924,0.2380854390445726,0.0205474559310823,0.767106350927091,0.0,0.0,0.0,0.0,0.0,0.0,0.0,0.0,0.0,0.0,0.0,0.0,0.0,0.0,0.0,1687239.108450909,470.93771523533934,0.298781612874226,1585523.5669416748,628.6616302192268,0.7902902181560346,0.0,0.0,0.0,0.0,0.0,0.0,0.00869,3650.03,-0.836,18027.47,-0.238
127,Steel,3,2,3626.96,5068.86,17810.86,-1.463,1.1023907229304313,-1.436,0.0205,0.0950725483894348,0.0144137855323824,0.3364078556668169,0.0707873597741127,0.4312160621837743,0.2650468075820092,0.0614951294660568,0.7577316109873595,0.2545393332598639,0.0711535432934761,0.9302669861991476,0.0,0.0,0.0,0.0,0.0,0.0,0.0,0.0,0.0,13115867.157518266,446.1406354580146,0.3229243774022211,13129002.622060688,627.9786970089708,0.9921516495349976,0.0,0.0,0.0,0.0,0.0,0.0,0.00622,3703.69,0.622,18067.43,-0.016
186,Steel,6,4,3661.96,4497.23,17627.61,-0.512,1.0959243521094324,-2.45,0.02503,0.1228242573738098,0.0234646098350558,0.3632304909039432,0.1356094479560852,0.1971794731264073,0.1882134760810301,0.0842055395245552,0.3522134954365937,0.3642444746968586,0.0667951861023903,0.511011995478165,0.3385571232754488,0.15,0.660416768555628,0.2537908547138502,0.0633096471428871,0.8374160575297619,0.1776998980522441,0.1147550028562545,0.9863219168984892,18765442.96615264,318.4918418053982,0.1193119523810706,18138465.92610181,445.00462866714656,0.4314717113415237,13495238.8815117,126.44220524682252,0.642021414018752,15011175.300443657,267.3726163202682,0.9738753789261586,0.00691,3697.33,0.449,18165.19,0.525
