rank,material,n_disks,n_bearings,L,OD,ID,d0_OD,d0_W,d0_pos,d1_OD,d1_W,d1_pos,d2_OD,d2_W,d2_pos,d3_OD,d3_W,d3_pos,d4_OD,d4_W,d4_pos,d5_OD,d5_W,d5_pos,b0_K,b0_C,b0_pos,b1_K,b1_C,b1_pos,b2_K,b2_C,b2_pos,b3_K,b3_C,b3_pos,cs1_pred,cs1_lo,cs1_hi,cs1_dev_pct,cs2_pred,cs3_pred,joint_err,joint_err_truth,cs1_ross,cs1_relerr_truth_pct
0,Steel,4,4,0.5456157900393009,0.0700842853188514,0.03398504506787,0.2302580383554261,0.0963835823535919,0.0748928727237072,0.3144386989450345,0.0957922786474227,0.1905697076811102,0.4315800625483986,0.0935211473703384,0.3211047987063057,0.3061136921243573,0.1397984594106674,0.4672172636023134,0.0,0.0,0.0,0.0,0.0,0.0,12334909.778561538,262.8766301567383,0.0607334998819131,13769104.833036156,154.62628430653118,0.1638152569122616,11909431.292559858,412.97644784453394,0.3100421646735664,12614071.094323328,201.62777290952783,0.491054210489755,3680.79,3680.8,3680.8,-0.0,6641.72,23292.85,0.0,0.00166,3686.92,0.166
4,Steel,1,4,1.0119402632117271,0.058216777741909,0.0304598169899863,0.4402558564280387,0.1107941955327987,0.5361720447423464,0.0,0.0,0.0,0.0,0.0,0.0,0.0,0.0,0.0,0.0,0.0,0.0,0.0,0.0,0.0,9413478.35280761,742.6155941164275,0.235903761744068,8608942.773740616,344.4934568146556,0.6129955636053935,10097498.801807323,77.7675599997821,0.7497854521109237,8965127.251979217,220.9453757585184,0.8862567377891521,3680.75,3680.8,3680.8,-0.001,12430.66,19455.26,1e-05,0.00106,3684.7,0.106
7,Steel,5,4,1.522405943274498,0.079449241220951,0.0289787558045234,0.559064932151018,0.1087731504440307,0.2238103872568244,0.2582438878034654,0.05718256264925,0.3349039573671999,0.4299146781453886,0.0577349761128425,0.4165148936400589,0.3163373520005842,0.079923560321331,0.7885676582739615,0.2806828920567128,0.1063043755292892,1.0643770668487702,0.0,0.0,0.0,36819899.76256153,480.0627294067209,0.2107822219986803,39106108.23783306,500.3086650281807,0.7605124582451117,37576097.82727313,368.84745624661457,0.982704874169014,37296745.51898255,273.59908456444504,1.3244894105642309,3680.74,3680.8,3680.8,-0.002,8516.14,13117.58,2e-05,0.0051,3699.58,0.51
8,Steel,2,3,0.6516513369977475,0.0511943325102329,0.0144247171714103,0.312472774234579,0.1006062459945678,0.3139918228988142,0.2190010496684625,0.1016379570960998,0.4502101382348762,0.0,0.0,0.0,0.0,0.0,0.0,0.0,0.0,0.0,0.0,0.0,0.0,5580298.0028733285,766.099503456204,0.1007390104965492,5333379.779742592,656.912235312967,0.3687232831677179,5656443.707367021,650.7055084625923,0.5454808838353635,0.0,0.0,0.0,3680.74,3680.8,3680.8,-0.002,11403.78,25547.69,2e-05,0.00057,3678.71,-0.057
10,Steel,4,3,0.9741941660642623,0.0534344664514064,0.0160623057556574,0.1640999172438004,0.1070450258255004,0.1566638730682222,0.2564755921233945,0.1068271660804748,0.4034353202948103,0.1878884555854195,0.0641461089253425,0.5474873659622783,0.2140422706660674,0.02,0.6949466028958616,0.0,0.0,0.0,0.0,0.0,0.0,6175181.781405729,559.6441788805555,0.1265183858003061,6177246.613557917,422.8499500270916,0.5213449609680143,5633169.868015751,292.8625716918725,0.8159788052594422,0.0,0.0,0.0,3680.73,3680.8,3680.8,-0.002,6536.43,10982.85,2e-05,0.00161,3686.73,0.161
12,Steel,6,2,1.3785677313804627,0.0973362160921096,0.0092193400645149,0.2362742066213385,0.1026575183868408,0.2706884830514628,0.2699200680854574,0.0665465566515922,0.4540001441782502,0.2575912873506619,0.1079402685165405,0.6171352769679315,0.3363687906242039,0.0684807631373405,0.7936768947255561,0.2773588107384979,0.101179084777832,1.051471526901813,0.1606555390277463,0.0531777161359787,1.2407009582424164,32951629.185200386,222.5985659682445,0.2028824970485521,30466642.378720827,495.547686110487,1.167451378361813,0.0,0.0,0.0,0.0,0.0,0.0,3680.73,3680.8,3680.8,-0.002,6726.9,11585.72,2e-05,0.00298,3691.77,0.298
16,Steel,4,4,1.1366572394967078,0.08036058729887,0.0153891092043143,0.1790890698561351,0.0669386863708496,0.2781819802028761,0.2936594717800091,0.0612556239962577,0.4867145532428052,0.3980105677359742,0.1112813889980316,0.6966121826998126,0.6731382884123777,0.0669170793890953,0.9138646749367948,0.0,0.0,0.0,0.0,0.0,0.0,18436061.787262693,245.58022745229763,0.138476091512342,17791942.784763295,336.37195378190853,0.6045562002439135,21764230.56070624,313.43947750782826,0.6426686597129997,20406246.76116713,355.2463785556925,1.0102726470938563,3680.72,3680.8,3680.8,-0.002,8282.35,17222.86,2e-05,0.00672,3705.52,0.672
19,Steel,1,4,1.2344229727983476,0.0862697747349739,0.0260913617495198,0.4553809334874598,0.0489342048764228,0.4807388746003597,0.0,0.0,0.0,0.0,0.0,0.0,0.0,0.0,0.0,0.0,0.0,0.0,0.0,0.0,0.0,9336355.167661645,228.3002362054678,0.3362577760432353,6989909.570458152,211.9868543423154,0.780061723598064,6553273.338318487,359.5067019101192,0.9026979550523138,6474161.390016833,464.7800631372035,1.033560780793933,3680.89,3680.8,3680.8,0.002,7445.96,14130.77,2e-05,0.00078,3677.92,-0.078
21,Steel,5,4,0.9104185059666634,0.071845369040966,0.027826634393897,0.3648990693875266,0.1009028702974319,0.100081573484095,0.1999432924856665,0.081739991903305,0.2259320901531881,0.1910916965975526,0.113741562962532,0.4179129488956634,0.2910768928199617,0.02,0.5793585720976245,0.3590199068084666,0.0902511513233184,0.7354893263506647,0.0,0.0,0.0,14945030.141320346,170.78166769131977,0.1175735322043636,9984638.993206644,126.5552129184303,0.2447957848737475,12254156.838525502,710.9604475760831,0.2817399979977484,11584525.146308891,335.97338453875085,0.7631670400865987,3680.9,3680.8,3680.8,0.003,4600.66,17582.45,3e-05,0.00827,3650.37,-0.827
25,Steel,5,4,1.170667050778866,0.1105639420747757,0.0303074654705961,0.3702361986166549,0.0918353068828582,0.214141735378985,0.3125228978249276,0.0738285937905311,0.43630510205603,0.4509219932585402,0.042921177893877,0.634041843689966,0.2386397939589437,0.0803888988494873,0.735703986498605,0.2840855604109368,0.0809036618471145,0.9070128590845912,0.0,0.0,0.0,14517329.932213316,579.469532568566,0.1431085757232262,15629485.677020658,238.6885460833041,0.5462622989397601,17483017.45363714,293.54391065409567,0.8847911184798798,14440267.047160417,570.2208964549058,1.053600344530312,3680.95,3680.8,3680.8,0.004,5971.71,18537.76,4e-05,0.00062,3678.51,-0.062
28,Steel,5,4,0.6455677084624767,0.0842479448914527,0.0297919861631209,0.2981172214963458,0.1036081093549728,0.1010974138836334,0.2278426968715391,0.101078724861145,0.2684453055783632,0.3334393597851855,0.02,0.3710683512129976,0.2220247963160762,0.1014151847362518,0.446662985515137,0.2384678440890651,0.0504314114153385,0.5802428761047972,0.0,0.0,0.0,8788152.59055151,567.3545214444596,0.069355008592331,8598894.545416178,312.6696618004478,0.3340033472209496,9269296.710191209,679.096662101976,0.5073273204633588,10140089.032677785,224.85821723623403,0.5702418761047972,3680.65,3680.8,3680.8,-0.004,5978.61,33369.89,4e-05,0.00063,3683.13,0.063
29,Steel,3,2,1.0391765505075456,0.1087747921943664,0.0180988989088355,0.4741035982512584,0.0500995445251464,0.4276197644537859,0.413413512654095,0.1020944970846176,0.7205403672613355,0.7181051437742966,0.0876761662960052,0.9349001924790854,0.0,0.0,0.0,0.0,0.0,0.0,0.0,0.0,0.0,75300671.51428284,731.3856639717225,0.2282657848394143,67488725.19741578,384.2398423748798,0.8401849042871392,0.0,0.0,0.0,0.0,0.0,0.0,3680.64,3680.8,3680.8,-0.004,10935.2,23405.54,4e-05,0.00375,3666.99,-0.375
30,Steel,1,2,0.8020925149321556,0.0747683290839195,0.0206164917052237,0.4676119979392868,0.0701268920302391,0.5435243141202922,0.0,0.0,0.0,0.0,0.0,0.0,0.0,0.0,0.0,0.0,0.0,0.0,0.0,0.0,0.0,10513205.866028303,431.7667342770209,0.2922006583884539,8768270.540272698,1099.9999999999995,0.7218832626368475,0.0,0.0,0.0,0.0,0.0,0.0,3680.64,3680.8,3680.8,-0.004,8650.76,47855.04,4e-05,0.00027,3679.8,-0.027
33,Steel,1,4,1.3760489761829378,0.0410088160037994,0.0112130395940644,0.3628202127989028,0.0640535867214203,0.835715947002115,0.0,0.0,0.0,0.0,0.0,0.0,0.0,0.0,0.0,0.0,0.0,0.0,0.0,0.0,0.0,6007821.474301585,473.16063520640176,0.2424095248712279,5276721.006900765,373.5376710447825,0.5845192841165905,5000497.816824884,124.27373112658398,0.6782462321788876,5174440.496673466,715.5690569322312,1.0844636815398117,3680.63,3680.8,3680.8,-0.005,8124.74,9239.99,5e-05,0.00123,3676.27,-0.123
35,Steel,3,3,0.9245901703834534,0.0610958780646324,0.0216955153411238,0.2324879051724671,0.0478315901756286,0.2176543630776334,0.3897629578470142,0.0808485499024391,0.5092958674888652,0.331303746788605,0.1236884921789169,0.7162224853469917,0.0,0.0,0.0,0.0,0.0,0.0,0.0,0.0,0.0,14658541.899613537,571.5194107411446,0.1138888982432229,14863549.444764854,653.5831849290191,0.3984402188136771,14336365.897302648,488.6249273535871,0.7557631099547927,0.0,0.0,0.0,3680.62,3680.8,3680.8,-0.005,8491.43,14933.74,5e-05,0.00711,3706.97,0.711
39,Steel,6,3,1.0365441635251047,0.0540935323834419,0.0051463181787436,0.1498104312326361,0.0545347562432289,0.1036644163525104,0.3421271026644947,0.1044229990243911,0.2031939631708555,0.2849603295099931,0.1024495923519134,0.3397118876712793,0.2347789780943392,0.0760912442207336,0.4827121674254405,0.3577936914578616,0.0940808290243148,0.6822722493660316,0.2202098101677563,0.0759042161703109,0.8869834940730636,19429480.20741893,456.5935945790835,0.1192515817754013,14201184.21598772,155.67922901467134,0.5000063824819224,14915759.381273972,665.5227887411708,0.851835259455759,0.0,0.0,0.0,3680.61,3680.8,3680.8,-0.005,4644.32,10190.33,5e-05,0.0041,3665.69,-0.41
40,Steel,3,4,1.0539528727531433,0.0717897107005119,0.0154666766799929,0.3463996184104022,0.0604399904608726,0.1054052872753143,0.292138989160395,0.1226186037063598,0.5695942758735408,0.285921251581246,0.0431894229352474,0.948547585477829,0.0,0.0,0.0,0.0,0.0,0.0,0.0,0.0,0.0,6866623.341368639,818.9713434068594,0.1213034427991419,11735933.16099015,353.8600589866194,0.5068221810538874,12201269.964036182,474.0732587708753,0.6865314119595071,9127292.584289093,248.7379164267095,0.938546585477829,3680.61,3680.8,3680.8,-0.005,5568.68,9209.32,5e-05,0.00869,3648.83,-0.869
42,Steel,1,2,1.14184013903141,0.078905912220478,0.016416792750418,0.2924312840996364,0.0780666500329971,0.4847567608036436,0.0,0.0,0.0,0.0,0.0,0.0,0.0,0.0,0.0,0.0,0.0,0.0,0.0,0.0,0.0,6959102.487591,618.583194750509,0.1588030413497662,8012901.51553974,497.86552240084137,0.711856915682995,0.0,0.0,0.0,0.0,0.0,0.0,3681.0,3680.8,3680.8,0.006,4976.4,14463.14,6e-05,0.00174,3687.2,0.174
43,Steel,4,2,1.3527825236320496,0.075265335381031,0.0082519949266391,0.3802930069737187,0.0427161905169487,0.2480564765760391,0.4048024634729987,0.1043405383825302,0.4303608870667552,0.1910422632589405,0.0710685527324676,0.6410790116419602,0.2134745659230096,0.0679488679766655,0.9744868862998936,0.0,0.0,0.0,0.0,0.0,0.0,448763085.32934666,386.13334227903056,0.1763915160517986,373351610.9393832,622.9216484689084,1.217504269916062,0.0,0.0,0.0,0.0,0.0,0.0,3681.01,3680.8,3680.8,0.006,14176.53,33614.43,6e-05,0.0043,3696.63,0.43
44,Steel,1,4,1.393562826514244,0.1070008264780044,0.044020785669671,0.2762043565032485,0.0366690483689308,0.7756589745645436,0.0,0.0,0.0,0.0,0.0,0.0,0.0,0.0,0.0,0.0,0.0,0.0,0.0,0.0,0.0,4108838.404127068,157.89683950582045,0.2099904528483615,5166475.234918758,249.29831345765072,0.7069048765086839,5197598.212788454,747.4350954681938,0.8964568677616404,4865593.174252459,590.3785234040112,1.154605752581226,3680.58,3680.8,3680.8,-0.006,4381.03,15177.06,6e-05,0.00307,3669.51,-0.307
45,Steel,6,3,1.5133984327316286,0.1207578653097152,0.0146072059852532,0.436381295792386,0.1230574613809585,0.1877347092783014,0.3243757020095595,0.0542022442817688,0.5604757392201977,0.2522059351212903,0.02,0.7126895980289571,0.2576726882044189,0.0850485914945602,0.8864039540691366,0.1739865068477676,0.02,1.055997949342189,0.2127335987367121,0.0806359320878982,1.297913192897656,23668457.413851865,322.13402739311124,0.2017042839956651,28708881.588977832,239.3833683135808,0.6522523622231094,28576291.881276067,756.862086003262,1.287767082540928,0.0,0.0,0.0,3681.02,3680.8,3680.8,0.006,5439.51,12018.92,6e-05,0.00609,3658.38,-0.609
47,Steel,5,3,1.0173874214291572,0.0657262017130851,0.0087562679456484,0.1675956989066159,0.0651493749022483,0.1786141218013504,0.2422001730691116,0.0700858515501022,0.3772376302218579,0.2028512976885642,0.0832488465309143,0.5418172096041717,0.2604670273369593,0.1089012348651886,0.7157002248363528,0.3167185575886986,0.0845110902190208,0.8932949657151474,0.0,0.0,0.0,16424336.221931783,496.8116779201623,0.1280479477645344,14368266.489850614,490.377093600193,0.5102493540172507,11787750.399454989,676.1970839374526,0.8710538040475693,0.0,0.0,0.0,3680.56,3680.8,3680.8,-0.006,6521.41,13176.23,6e-05,0.0048,3698.45,0.48
48,Steel,6,4,1.0604792296886445,0.0870495966672897,0.0199247854587858,0.3012931114687431,0.02,0.1460447431630092,0.4369880827556833,0.0626872250437736,0.2802233296064782,0.3226393699084893,0.1021235156059265,0.4316595791100214,0.3065264563955942,0.0533500838279724,0.572822439172713,0.3102029092686127,0.0958577698469162,0.758880085033878,0.529317497233441,0.0815647146105766,0.9527777224859646,17917586.601192262,545.782164479886,0.1145071704180059,17792542.153927423,508.6146148513892,0.5308541967169262,17152497.92968954,794.7624489280072,0.6882440819975116,18834595.372867465,433.0526479340049,0.9421087591877816,3681.06,3680.8,3680.8,0.007,4618.54,17746.72,7e-05,0.00904,3647.53,-0.904
49,Steel,2,3,1.0462379306554794,0.0425343632102012,0.0197146607440921,0.2697662356339985,0.096832280755043,0.6248345855670083,0.2665890531696008,0.078568933904171,0.83152915210593,0.0,0.0,0.0,0.0,0.0,0.0,0.0,0.0,0.0,0.0,0.0,0.0,9007729.194801489,482.447278437653,0.2192070436582869,8281686.339779998,447.8735503299538,0.5325816710156224,7187858.77412126,286.1997840441616,0.9198362532176112,0.0,0.0,0.0,3681.06,3680.8,3680.8,0.007,8763.07,12833.87,7e-05,0.00339,3693.29,0.339
51,Steel,4,4,0.8896002367138863,0.0675014581680297,0.0098917857697398,0.2064307461937633,0.11293201982975,0.3163063519309697,0.375785466871232,0.1218006688356399,0.4646650410533037,0.2853389607990738,0.0586961516737938,0.637855799382117,0.3994345911453704,0.1170836055278778,0.7775630385814329,0.0,0.0,0.0,0.0,0.0,0.0,13291302.67540493,208.4763138364527,0.1522422352600669,11513040.307793677,600.6772807155527,0.5279542078021271,12521318.212100146,418.7755675413717,0.6098491700575884,13397597.982985836,811.9437715127424,0.7899729477469106,3681.07,3680.8,3680.8,0.007,5331.06,15719.96,7e-05,0.00597,3658.84,-0.597
54,Steel,6,4,0.932806834578514,0.0850522739291191,0.0091590094800269,0.2637301464426054,0.136069009900093,0.1170813937810724,0.271144439491144,0.0330924468487501,0.2219180633195289,0.2463418233091714,0.1055894428491592,0.3014645312632432,0.2573610732669672,0.15,0.5295434881557598,0.369310241716517,0.02,0.6883731679723575,0.2223847963417485,0.0806933996081352,0.8111507105123015,15669975.849917604,295.8215120595601,0.1410902074627083,19526601.23700361,140.66644290678025,0.5934215925804617,17503969.924915794,281.60688326533244,0.6732600119502887,18130666.299341355,338.9132769410766,0.8395261501878558,3680.51,3680.8,3680.8,-0.008,6985.01,16085.87,8e-05,0.0038,3666.8,-0.38
55,Steel,3,3,0.9622334972023964,0.0694783279895782,0.0062759641469694,0.5599848827929156,0.0258921027556061,0.2282118066552479,0.5166008141545418,0.1358858871459961,0.4007990803902928,0.4195408866385408,0.0642524662613868,0.7336235534642066,0.0,0.0,0.0,0.0,0.0,0.0,0.0,0.0,0.0,26221030.309807763,212.3966007182309,0.1198999084501287,22995633.00674088,536.9359422967506,0.4774814827713594,21280912.08410668,446.1998836394963,0.8238300956979574,0.0,0.0,0.0,3681.1,3680.8,3680.8,0.008,7794.81,21219.99,8e-05,0.00444,3664.44,-0.444
59,Steel,3,2,1.2469149708747864,0.0983650913238525,0.0072635695368538,0.5502241668362824,0.0773151245713233,0.1702479304902605,0.2512204973862998,0.1219118303060531,0.4668428651079018,0.1711372701033366,0.1110164564847946,0.9292207006068824,0.0,0.0,0.0,0.0,0.0,0.0,0.0,0.0,0.0,33328496.92907619,668.7529887412595,0.2279931132778175,34222841.69297958,789.3649233599158,1.0645107039463304,0.0,0.0,0.0,0.0,0.0,0.0,3681.12,3680.8,3680.8,0.009,7883.38,16552.88,9e-05,0.00664,3705.26,0.664
60,Steel,3,4,1.0069672048091889,0.0703486878275871,0.041617930797393,0.1139961984950442,0.0855766665935516,0.2185001017436484,0.2072872054693428,0.1082603633403778,0.4468303590398105,0.2416767695485067,0.0551401352882385,0.5977852459819174,0.0,0.0,0.0,0.0,0.0,0.0,0.0,0.0,0.0,2813693.6863057874,409.0624279605889,0.1207080069711541,2841407.6636252147,422.9394634029095,0.2961434184580273,3176185.4456915064,464.70090607753775,0.4102231678020204,3449588.682715628,649.5902150223835,0.802196712099497,3680.48,3680.8,3680.8,-0.009,5735.28,15627.16,9e-05,0.0092,3646.94,-0.92
62,Steel,5,4,1.6240317940711977,0.1156160367727279,0.0113179840388271,0.4619779098362642,0.1330528581142425,0.2201359026637786,0.479574198118405,0.0695317566394806,0.6125937985204895,0.1307438505113081,0.0742671608924865,0.7147657656982392,0.2931337453089332,0.1017819029092788,0.8431530768445954,0.3921907500236395,0.0794009208679199,1.1432352400305374,0.0,0.0,0.0,24321366.00806652,645.1521805563364,0.1988736693135432,27868957.97464261,837.0629811092631,0.5887822595867545,28110799.87354468,451.6326244487582,0.8641056067112863,29942509.060698755,738.8422283495281,1.3851309954697006,3681.14,3680.8,3680.8,0.009,5524.85,10484.03,9e-05,0.00408,3695.8,0.408
64,Steel,1,3,1.2553745567798615,0.0707248344421386,0.0109928633285149,0.3151356115710264,0.1255521786212921,0.9023191174073284,0.0,0.0,0.0,0.0,0.0,0.0,0.0,0.0,0.0,0.0,0.0,0.0,0.0,0.0,0.0,7145695.147958693,784.4034189096693,0.2005520323872105,7268029.2287848145,565.3496028421341,0.6828518045411823,7895485.198386178,264.521837383003,1.080491861163216,0.0,0.0,0.0,3681.15,3680.8,3680.8,0.009,7083.41,16111.56,9e-05,0.00672,3656.05,-0.672
65,Steel,6,3,0.9361119151115418,0.1050942659378051,0.0065069642095401,0.2342079202713587,0.0751557204127311,0.1592499685156788,0.2838749276585557,0.1488233745098114,0.2918795992139891,0.2722419493923175,0.0566156166791915,0.4365507978456187,0.265448789219949,0.0720934876799583,0.6145444234082189,0.1451428320243831,0.02,0.739932213401413,0.2397111315731324,0.0837934377789497,0.8424907236003877,14829499.329950066,585.6657720136209,0.1008401989882372,14573829.972144565,758.3151173942346,0.6686987170017253,17682540.550152924,425.1543864985248,0.8324897236003876,0.0,0.0,0.0,3681.17,3680.8,3680.8,0.01,6260.59,24127.15,0.0001,0.00133,3675.91,-0.133
66,Steel,1,2,1.0028262332081797,0.0552568433284759,0.0178562128384321,0.3913192478907841,0.0546774506568908,0.2457314900347839,0.0,0.0,0.0,0.0,0.0,0.0,0.0,0.0,0.0,0.0,0.0,0.0,0.0,0.0,0.0,7017947.687456609,573.5648954098305,0.1002826243236442,6063767.190829057,322.68606012284795,0.6732555477880308,0.0,0.0,0.0,0.0,0.0,0.0,3681.18,3680.8,3680.8,0.01,6466.05,27539.4,0.0001,0.00738,3653.62,-0.738
70,Steel,1,3,1.299279981851578,0.0857834286689758,0.0494074489219947,0.3157074759524129,0.1436329102516174,0.4192183634211562,0.0,0.0,0.0,0.0,0.0,0.0,0.0,0.0,0.0,0.0,0.0,0.0,0.0,0.0,0.0,10821448.38262439,505.4755278741211,0.2007927384252004,10123964.29859225,540.3828177298592,0.859776950247984,9160550.572643146,385.94704378898894,1.0802620843097626,0.0,0.0,0.0,3681.21,3680.8,3680.8,0.011,8800.15,17318.1,0.00011,0.00423,3665.25,-0.423
72,Steel,1,2,0.7998742967844009,0.0405447044968605,0.0324357635974884,0.1814924035369841,0.103751094341278,0.4297189821308644,0.0,0.0,0.0,0.0,0.0,0.0,0.0,0.0,0.0,0.0,0.0,0.0,0.0,0.0,0.0,2475044.135264053,166.97850493087927,0.1144337080789946,3020723.3328020843,392.8003238005937,0.5825975175768292,0.0,0.0,0.0,0.0,0.0,0.0,3680.38,3680.8,3680.8,-0.011,13228.5,19133.41,0.00011,0.00218,3688.82,0.218
73,Steel,1,4,0.9279234796762468,0.0918700524568557,0.0209977577963516,0.4978975614883302,0.0935254168510437,0.510594882387618,0.0,0.0,0.0,0.0,0.0,0.0,0.0,0.0,0.0,0.0,0.0,0.0,0.0,0.0,0.0,8842197.485968253,167.2809047974712,0.1471003198723073,6066201.709975515,436.97345583826126,0.3802447160475906,7430861.625945092,773.3285248818472,0.5934827063861585,6994401.991641199,218.69258575747304,0.7984717793790626,3680.38,3680.8,3680.8,-0.012,10328.08,22825.68,0.00012,0.00889,3648.07,-0.889
75,Steel,1,3,1.118212115764618,0.1077621337175369,0.0525918477634961,0.3339784363792664,0.0538901847600936,1.0063809041881562,0.0,0.0,0.0,0.0,0.0,0.0,0.0,0.0,0.0,0.0,0.0,0.0,0.0,0.0,0.0,15061322.598600352,942.9101374084156,0.2764617396777201,12721557.86554994,511.4224995407993,0.4455668709262163,10680553.351495514,270.73700064792394,0.9235759409051132,0.0,0.0,0.0,3680.36,3680.8,3680.8,-0.012,7633.66,25623.03,0.00012,0.00267,3690.65,0.267
76,Steel,1,2,1.1348503232002258,0.1046986058950424,0.0151149550939682,0.2818118267095859,0.1088761293888092,0.5428611396854326,0.0,0.0,0.0,0.0,0.0,0.0,0.0,0.0,0.0,0.0,0.0,0.0,0.0,0.0,0.0,9428103.971030256,369.6297202316772,0.2388162888131048,10338515.57070092,297.99543410168377,0.8948919028349536,0.0,0.0,0.0,0.0,0.0,0.0,3680.35,3680.8,3680.8,-0.012,4981.87,17943.73,0.00012,0.00123,3685.34,0.123
77,Steel,1,2,1.2308554530143738,0.0881080192327499,0.0200103560645624,0.5800422778569407,0.1350219333171844,0.3231701709239112,0.0,0.0,0.0,0.0,0.0,0.0,0.0,0.0,0.0,0.0,0.0,0.0,0.0,0.0,0.0,41443547.57571266,261.0968096051872,0.2081846032432723,37244429.190458894,455.7180934996813,0.9562982420034496,0.0,0.0,0.0,0.0,0.0,0.0,3681.26,3680.8,3680.8,0.012,11234.39,28699.25,0.00012,0.00146,3675.42,-0.146
78,Steel,1,4,0.8168733030557632,0.0768485637903213,0.0187142128904666,0.3856999718811609,0.1299058091640472,0.4515550532039384,0.0,0.0,0.0,0.0,0.0,0.0,0.0,0.0,0.0,0.0,0.0,0.0,0.0,0.0,0.0,11061906.19462918,626.447822202224,0.140121508978091,14285162.58625218,477.03423671202233,0.2064413822030714,8942359.281012945,565.6052580453708,0.3516352339186242,8849060.833365247,215.30718615608131,0.5743498479575152,3680.34,3680.8,3680.8,-0.012,14228.95,24069.81,0.00012,0.00146,3675.43,-0.146
79,Steel,1,4,0.7739915564656258,0.0835022238492965,0.0192327232873152,0.3908231752368583,0.0791895970702171,0.5290101929139981,0.0,0.0,0.0,0.0,0.0,0.0,0.0,0.0,0.0,0.0,0.0,0.0,0.0,0.0,0.0,5294012.7032043375,494.3203422671404,0.1242744552069337,4025264.668383165,215.749409145781,0.3965158263307332,4391642.478872536,490.535290805067,0.5156629241681147,4207729.134896103,334.1567864401383,0.6965924000450716,3680.34,3680.8,3680.8,-0.012,7718.77,53378.98,0.00012,0.00661,3656.46,-0.661
80,Steel,3,3,0.9709403604269028,0.1019630780220031,0.0129621717310722,0.2826389475592461,0.1000105565786361,0.3546119868453397,0.2468323594827308,0.0747871077060699,0.5676951303909332,0.2120031592232136,0.15,0.7684491068952123,0.0,0.0,0.0,0.0,0.0,0.0,0.0,0.0,0.0,10663796.139300607,332.9123195167362,0.1240149492262014,9435669.381385235,335.28751640296434,0.5023950174882205,8474645.552920554,986.7750708416112,0.8738463234132722,0.0,0.0,0.0,3681.26,3680.8,3680.8,0.013,5465.46,25537.09,0.00013,0.00402,3665.99,-0.402
81,Steel,5,4,0.9937451183795928,0.0854388691782951,0.0109235167611284,0.2597802731037724,0.1008693963289261,0.2370140834964819,0.1828942169111704,0.0840179032087326,0.4296089153930847,0.4201646445843112,0.0745248368382454,0.5555499337354775,0.1880970138584022,0.079889745414257,0.6686035194283017,0.2292714728852187,0.0640326422452926,0.8478199210179984,0.0,0.0,0.0,8633557.033642331,286.0843193349572,0.129359092043794,9740036.805221274,369.1835141295396,0.6029543559183717,10638939.227120396,482.9607189260426,0.6513109127462863,11346831.406390935,565.5129157990367,0.8789962156694665,3681.27,3680.8,3680.8,0.013,5795.25,15348.41,0.00013,1e-05,3680.77,-0.001
82,Steel,3,3,0.9844489797949793,0.0693304432034492,0.0416575543204599,0.297067497187496,0.0510290031135082,0.2465113678285053,0.203994316505494,0.1190155571699142,0.4516900990036422,0.1612240456103208,0.1040746140480041,0.7002694766193345,0.0,0.0,0.0,0.0,0.0,0.0,0.0,0.0,0.0,4879370.212722627,330.581596854969,0.127248214296309,5726616.815045736,347.8273679090117,0.525649104732018,4821080.393795584,390.06541033206537,0.8450538287033633,0.0,0.0,0.0,3681.27,3680.8,3680.8,0.013,5794.49,18104.63,0.00013,0.00497,3662.51,-0.497
84,Steel,2,4,1.0920284524559976,0.0941052646636963,0.0577329190318742,0.2995060655961017,0.0933992230892181,0.4056584778488972,0.3397246866293609,0.0843581134080886,0.7616189934589568,0.0,0.0,0.0,0.0,0.0,0.0,0.0,0.0,0.0,0.0,0.0,0.0,6043672.505716529,637.284837310761,0.1356017261255831,6090446.310982226,537.1292166443518,0.3057296021607922,7053442.87635423,775.1112663017889,0.597516861175402,5829846.30876893,337.1145647583159,0.9729741076733228,3681.29,3680.8,3680.8,0.013,6099.77,24657.97,0.00013,0.00826,3650.38,-0.826
85,Steel,1,3,0.476760882884264,0.108644440293312,0.0131930617803347,0.3339293002832788,0.0685779383778572,0.3415265608845775,0.0,0.0,0.0,0.0,0.0,0.0,0.0,0.0,0.0,0.0,0.0,0.0,0.0,0.0,0.0,5162077.247321079,431.94272512683926,0.1392200669692407,6265256.677869655,218.517515306917,0.2029211232657773,5886690.614085955,487.23646604302985,0.3830779311579633,0.0,0.0,0.0,3681.29,3680.8,3680.8,0.013,6417.99,190650.09,0.00013,0.00841,3649.85,-0.841
87,Steel,5,2,1.2820395976305008,0.0824020025134086,0.0439935298630748,0.344347470406629,0.1469476389884948,0.2351365202171589,0.315017336621145,0.0907134020328521,0.5316495476737482,0.2109404168999929,0.1049122148752212,0.7710730549545012,0.2084896172437759,0.0954112565517425,0.9118522897845156,0.2253521851810354,0.099941725730896,1.0963624330482322,0.0,0.0,0.0,31214973.17943229,277.8413514312861,0.2690589941672646,27564596.88205231,1099.9999999999995,1.1491670967561052,0.0,0.0,0.0,0.0,0.0,0.0,3680.3,3680.8,3680.8,-0.014,5504.61,10532.92,0.00014,0.00718,3707.22,0.718
88,Steel,2,3,1.5448854088783264,0.0737234063744545,0.0395029009404889,0.3611279348217151,0.1074589252471923,0.3081973555031294,0.2493413958809245,0.0669322976469993,0.9349972020322636,0.0,0.0,0.0,0.0,0.0,0.0,0.0,0.0,0.0,0.0,0.0,0.0,16659648.630376322,703.1481186326829,0.154488542432718,12153138.705454098,473.63197690628056,1.0435559120877986,14724196.876528297,638.9910666955177,1.3783008624824526,0.0,0.0,0.0,3681.3,3680.8,3680.8,0.014,7567.2,14083.21,0.00014,0.0062,3657.99,-0.62
92,Steel,1,3,1.1350241616368293,0.0727872611880302,0.0262793513589287,0.3502826776993113,0.0469887842237949,0.7563217159920587,0.0,0.0,0.0,0.0,0.0,0.0,0.0,0.0,0.0,0.0,0.0,0.0,0.0,0.0,0.0,4353996.852761391,360.2532318978284,0.3513608920494188,4702885.070291905,320.4660046411263,0.4772420053753407,5141675.040540016,631.7093092536961,0.9009044741942124,0.0,0.0,0.0,3681.33,3680.8,3680.8,0.014,4943.35,16480.01,0.00014,0.0058,3702.16,0.58
96,Steel,1,4,1.1663887396454813,0.089921553492546,0.017681807474177,0.2850289398627448,0.1042709791660309,0.3776117986868193,0.0,0.0,0.0,0.0,0.0,0.0,0.0,0.0,0.0,0.0,0.0,0.0,0.0,0.0,0.0,8588020.407639414,299.00465466989226,0.2334124948187249,9504219.7610779,260.76870365211965,0.8122720586765533,8733809.61987311,383.23713881397936,0.9874531699575771,10864749.572194064,230.4199134076333,0.9943780183194402,3680.25,3680.8,3680.8,-0.015,9818.48,18416.03,0.00015,0.00513,3661.93,-0.513
98,Steel,3,4,1.240265554189682,0.0653811089992523,0.0280329505757145,0.1983184755304903,0.1409345829486847,0.249672897659686,0.2960095922415447,0.0316494543850421,0.5902203833467969,0.2625001804991699,0.1166349923610687,0.96099428271077,0.0,0.0,0.0,0.0,0.0,0.0,0.0,0.0,0.0,4658392.28139146,134.25138049496582,0.1809515185725469,4875004.306112135,133.03340730956447,0.5511043528428083,6788940.849881915,131.24892522855075,0.8311604098834634,5066321.921090524,1099.9999999999995,1.0879514899488705,3681.36,3680.8,3680.8,0.015,4329.55,10843.24,0.00015,0.00291,3670.08,-0.291
100,Steel,2,4,1.147814767062664,0.0587048462033271,0.0168594512967819,0.4394692600648803,0.0822568237781524,0.3947640779882978,0.2962547880695444,0.0449891000986099,0.6267787629070429,0.0,0.0,0.0,0.0,0.0,0.0,0.0,0.0,0.0,0.0,0.0,0.0,6776163.558125198,690.6019243227411,0.13653666924106,7582225.34440691,204.51401308473413,0.4958356921550085,7618301.255423874,317.48476679813905,0.60976767550985,7801222.264213986,335.2379498598707,0.9858951684032669,3680.21,3680.8,3680.8,-0.016,9642.05,15547.74,0.00016,0.0037,3667.2,-0.37
103,Steel,2,2,0.9339929938316346,0.0791654691696167,0.0220593907534547,0.3578968777536677,0.0674642702937126,0.0934092993831634,0.3653718482155345,0.0499139828979969,0.3913816038454011,0.0,0.0,0.0,0.0,0.0,0.0,0.0,0.0,0.0,0.0,0.0,0.0,13226680.170654057,591.5375203363327,0.133592148440199,11885798.675739286,262.62918455543814,0.7214439555652098,0.0,0.0,0.0,0.0,0.0,0.0,3680.18,3680.8,3680.8,-0.017,7032.53,16571.59,0.00017,0.00993,3717.35,0.993
104,Steel,5,4,1.1061488419771195,0.0558057076930999,0.025605503654261,0.3771137183191272,0.1304673582315444,0.1487580654121306,0.3198875295665633,0.0639785879850387,0.3842430598355622,0.3683283898956854,0.1135024797916412,0.4895887635786113,0.1977527993628022,0.0775732383131981,0.5907501981344261,0.1953687678081202,0.1039258176088333,0.865948075934344,0.0,0.0,0.0,24374978.174594283,751.3041606180471,0.1693948450814656,22254714.83135889,573.3860387363502,0.6075468130426521,27462951.46934695,464.5292683555216,0.8060898564298751,20784682.86680688,177.032552910992,0.9955339566732588,3681.43,3680.8,3680.8,0.017,5649.14,12083.17,0.00017,0.0054,3700.66,0.54
105,Steel,4,3,0.824089114367962,0.0667247509360313,0.0172682604157101,0.1777667332214515,0.0637125357985496,0.1462535135291522,0.2954832631792987,0.0548308730125427,0.3720495670476421,0.2128950260276834,0.0792985928058624,0.5115288633132752,0.2927527260999669,0.061316969692707,0.699016582596346,0.0,0.0,0.0,0.0,0.0,0.0,7081328.963731212,483.4840092230269,0.1606504818605869,6314458.891193814,773.4223829141546,0.4283184975487557,6036993.14607226,254.17396057806616,0.7183216824282512,0.0,0.0,0.0,3680.17,3680.8,3680.8,-0.017,5031.28,16238.53,0.00017,0.00746,3653.33,-0.746
109,Steel,2,4,1.161867120862007,0.0873556540608406,0.0433778527251189,0.3511570315731555,0.1011743193864822,0.3841802716999346,0.3753945916686758,0.1334523606300354,0.8465263936196858,0.0,0.0,0.0,0.0,0.0,0.0,0.0,0.0,0.0,0.0,0.0,0.0,10046707.793216176,719.2978358737142,0.2692337386985314,9978500.348327417,365.93767597249257,0.7395572397864776,8304881.292189417,401.9018347639972,0.7997262043136224,10164885.2798706,1099.9999999999995,1.0128736388889088,3680.14,3680.8,3680.8,-0.018,4541.69,22860.41,0.00018,0.00841,3649.85,-0.841
110,Steel,1,2,1.5347517251968383,0.0770122040510177,0.0349512372960291,0.2910966358956208,0.1255429190397262,1.1352410516769116,0.0,0.0,0.0,0.0,0.0,0.0,0.0,0.0,0.0,0.0,0.0,0.0,0.0,0.0,0.0,15422280.333454585,226.50352642786095,0.36442653764664,11640659.41318811,819.7806066457648,1.250674494922168,0.0,0.0,0.0,0.0,0.0,0.0,3681.47,3680.8,3680.8,0.018,7378.03,11152.31,0.00018,0.00472,3698.16,0.472
114,Steel,1,2,0.9561537832021714,0.0849720830917358,0.0184856916430362,0.4941949316122716,0.0489554108679294,0.2871111676390168,0.0,0.0,0.0,0.0,0.0,0.0,0.0,0.0,0.0,0.0,0.0,0.0,0.0,0.0,0.0,9646948.74739696,236.0263869619708,0.1773924451628051,11241942.243180722,325.3533780406669,0.6805841550674228,0.0,0.0,0.0,0.0,0.0,0.0,3681.49,3680.8,3680.8,0.019,6805.21,38509.88,0.00019,0.00408,3665.79,-0.408
115,Steel,2,3,0.7032517179846764,0.0586636145114898,0.0121670412584941,0.2446921225199165,0.1092604911327362,0.311401993826657,0.1878735917816578,0.0673294174671173,0.5444008670794112,0.0,0.0,0.0,0.0,0.0,0.0,0.0,0.0,0.0,0.0,0.0,0.0,3061334.791319733,522.9342330541556,0.0847186004703069,4969514.430017535,383.0858096051799,0.2145787069910658,3913882.787976847,776.679382089755,0.6329265454829571,0.0,0.0,0.0,3680.11,3680.8,3680.8,-0.019,7354.66,24998.82,0.00019,0.0051,3699.57,0.51
116,Steel,5,4,1.5555839985609057,0.0922519418001175,0.0100839251778715,0.4101638763895907,0.0462661378085613,0.2421792689902575,0.3464177982931777,0.0954067778587341,0.4549856178927444,0.3016332777850326,0.114947013258934,0.8387499530622693,0.2509740632374257,0.0623327535390853,0.9500778600955492,0.480873367269965,0.1465880340337753,1.1176362013976773,0.0,0.0,0.0,27106607.09751806,310.11501287033457,0.1555584014116745,23971190.111271963,474.6184765739577,0.331259395382488,26707761.576630447,300.0822333075091,0.8692679145604242,31345833.92401965,679.7525562759398,1.3602211353490832,3680.11,3680.8,3680.8,-0.019,6576.91,12754.72,0.00019,0.00947,3715.66,0.947
118,Steel,3,4,1.0797502100467682,0.0954126431941986,0.0355337449533226,0.3641913191578424,0.1203860837221145,0.1891709799291477,0.2185195502641723,0.1116171592473983,0.5118481289746484,0.2936844198780799,0.0859414476156234,0.8837970879112987,0.0,0.0,0.0,0.0,0.0,0.0,0.0,0.0,0.0,11969909.977013966,390.0729162640029,0.1236773821938599,13609428.04800176,194.1806710819017,0.4926221515250435,11183345.39200756,174.2972713800734,0.7142661007145211,13897387.805967305,321.25789219672004,0.9438509059192848,3680.09,3680.8,3680.8,-0.019,5499.76,20024.2,0.00019,0.00256,3690.21,0.256
121,Steel,1,3,1.0225622713565827,0.0861599096059799,0.0374249227233091,0.2299267865981437,0.0929011350870132,0.4641449014484492,0.0,0.0,0.0,0.0,0.0,0.0,0.0,0.0,0.0,0.0,0.0,0.0,0.0,0.0,0.0,3128534.988845653,282.8893381599425,0.1577755171944238,3941989.8654048783,249.17157771058817,0.4943784935598003,3476817.5934550897,472.5351598637254,0.8866931524123876,0.0,0.0,0.0,3681.54,3680.8,3680.8,0.02,5005.85,19872.4,0.0002,0.00225,3689.08,0.225
122,Steel,2,3,1.3048192143440247,0.0926991890668869,0.0175125910677346,0.2660653157716758,0.059090791940689,0.1304919214344025,0.3911923375379695,0.1097626006603241,0.8220369010885412,0.0,0.0,0.0,0.0,0.0,0.0,0.0,0.0,0.0,0.0,0.0,0.0,12539930.544513106,1099.9999999999995,0.1463194168058442,13278125.535448106,291.17675836329795,0.4769585263897876,14415665.219737764,288.6862631194836,0.9554416666521393,0.0,0.0,0.0,3681.54,3680.8,3680.8,0.02,5535.12,13015.93,0.0002,0.0039,3666.45,-0.39
127,Steel,6,4,0.8951624050736428,0.1062242588996887,0.0153937717953675,0.5269292200893706,0.0942056667804718,0.1683449618744415,0.2240907249409416,0.0408788512647151,0.260731220741865,0.3061956587990785,0.0969458830356597,0.3924914439169707,0.2483960317189839,0.0653909647464752,0.5147814594148625,0.3327151403747885,0.0534821704030036,0.5871310207867294,0.1700132039715667,0.1022215974330902,0.7537760944537995,16796936.355442103,978.2283679781392,0.1065002312986407,18355275.4062304,428.9322549176891,0.2908987070570508,17072580.671674646,691.053238283053,0.6001575582679302,14935612.591852175,748.5626271730044,0.7931103634026924,3681.57,3680.8,3680.8,0.021,6146.79,30172.12,0.00021,0.00557,3701.29,0.557
129,Steel,2,4,1.126923830807209,0.0862703672051429,0.0161913195048171,0.3306897915505045,0.0536746573448181,0.2184598991021191,0.2388358725211207,0.0730979043245315,0.5128999417543223,0.0,0.0,0.0,0.0,0.0,0.0,0.0,0.0,0.0,0.0,0.0,0.0,6398345.848303754,630.378039129463,0.1284096193727618,5392321.4997260375,611.8954029725376,0.5648624729346533,5629544.171038028,481.7326092839097,0.7154382744540669,5475502.681096708,964.2726576527662,0.9631968651086548,3681.59,3680.8,3680.8,0.021,6022.38,16675.96,0.00021,0.00638,3657.32,-0.638
130,Steel,4,4,0.7577518597245216,0.0744118863344192,0.0175377739460312,0.2003856974313552,0.02,0.1522803579503395,0.2366140109070309,0.085308603644371,0.3018356064300357,0.3005521458552269,0.0377799560129642,0.4055948101178178,0.2894179739473435,0.0901646536588668,0.6345449086237431,0.0,0.0,0.0,0.0,0.0,0.0,7870828.838376543,120.57418877169512,0.0889867538672615,7938146.887316066,954.8129167528556,0.3404613165633339,6637795.983358827,1099.9999999999995,0.3873671198413541,5997278.493416728,1099.9999999999995,0.6585982217753307,3679.99,3680.8,3680.8,-0.022,6614.78,25780.36,0.00022,0.00263,3690.48,0.263
131,Steel,1,3,0.9611896947026252,0.0582977811098098,0.0135866698082349,0.1826397399875534,0.0654398390650749,0.6034119758825525,0.0,0.0,0.0,0.0,0.0,0.0,0.0,0.0,0.0,0.0,0.0,0.0,0.0,0.0,0.0,1580134.1662621703,216.2570109817453,0.1363360893126175,2036485.4330306652,85.69329605326342,0.493584294405648,1932195.4499390088,437.1393260631639,0.7413756380042874,0.0,0.0,0.0,3681.62,3680.8,3680.8,0.022,4655.56,15805.74,0.00022,0.00899,3647.7,-0.899
134,Steel,2,3,1.1535111874341966,0.0859191297292709,0.0448818305659901,0.4469252064111995,0.0927512615919113,0.4317190453327775,0.3742377278964548,0.0618307873606681,0.9580065303102698,0.0,0.0,0.0,0.0,0.0,0.0,0.0,0.0,0.0,0.0,0.0,0.0,14834553.823294196,265.0275988195039,0.2925607240443652,11835944.879457124,480.9948054015188,0.8416608005154109,10537878.11359887,103.09477886071105,1.0381600675372655,0.0,0.0,0.0,3679.96,3680.8,3680.8,-0.023,5805.8,18887.52,0.00023,0.00497,3699.09,0.497
135,Steel,4,3,0.7831697627902031,0.0690405348539352,0.0499686695036839,0.3266537484644181,0.0625024750828743,0.1365471561414827,0.2914105451899736,0.0302276194840669,0.2521197875031261,0.3019623770615312,0.1129487413167953,0.3587332522623795,0.2876873305313758,0.0713139858841896,0.5681360736963523,0.0,0.0,0.0,0.0,0.0,0.0,7483722.942817876,697.3668161802992,0.1099762817398804,10620256.753165305,378.4540478252687,0.3240463431458908,8375009.028693517,1018.893795019722,0.6628111486937021,0.0,0.0,0.0,3679.96,3680.8,3680.8,-0.023,5677.9,18573.04,0.00023,0.00462,3697.81,0.462
138,Steel,1,3,1.1825780987739565,0.1237173722982406,0.0154369004579215,0.244994865433952,0.1431445777416229,0.4618329482780427,0.0,0.0,0.0,0.0,0.0,0.0,0.0,0.0,0.0,0.0,0.0,0.0,0.0,0.0,0.0,16239453.170880416,230.4375178632956,0.2290837128514791,14312204.445974682,344.41260638229465,0.3229569336816548,14227482.64421814,223.37048339695696,0.7924149656355535,0.0,0.0,0.0,3681.65,3680.8,3680.8,0.023,5724.84,21651.73,0.00023,0.00612,3703.33,0.612
141,Steel,3,4,0.9574402868747712,0.1062848685979843,0.0311420008063375,0.3138638658906747,0.0734163177013397,0.1007136135756262,0.3131770226387972,0.0648436459898948,0.3449103426623729,0.2726343056244579,0.0880410867929458,0.6157076560878053,0.0,0.0,0.0,0.0,0.0,0.0,0.0,0.0,0.0,8785738.05192432,559.9261628765247,0.1224520644776093,9116280.735411352,422.79041921889126,0.3986204556974244,8966235.19659643,309.217127150064,0.5495783670661547,13106961.129915563,351.6710669727708,0.8214638960102508,3679.94,3680.8,3680.8,-0.023,5686.32,25359.75,0.00023,0.00893,3647.94,-0.893
142,Steel,1,2,0.9254263922572136,0.0899749858379364,0.0453287661830994,0.3988657832654626,0.0879203712940216,0.3236130756790815,0.0,0.0,0.0,0.0,0.0,0.0,0.0,0.0,0.0,0.0,0.0,0.0,0.0,0.0,0.0,8727722.039828382,374.7448946776661,0.1339153878659922,9533826.761681164,368.69548708792,0.5851021800391465,0.0,0.0,0.0,0.0,0.0,0.0,3679.94,3680.8,3680.8,-0.023,6011.99,34577.57,0.00023,0.00445,3664.41,-0.445
145,Steel,1,4,1.3273908644914627,0.1069206737279892,0.0127863454617723,0.3717568535996463,0.15,0.2948738884177154,0.0,0.0,0.0,0.0,0.0,0.0,0.0,0.0,0.0,0.0,0.0,0.0,0.0,0.0,0.0,11907612.253569316,384.7956545150858,0.1578080890095009,12786978.338740822,364.7962835943308,0.4990162400247305,12368961.670551805,508.5426221383465,0.6462453578330483,12251165.42547571,214.38342456299108,1.0735574573617646,3681.69,3680.8,3680.8,0.024,5954.12,21620.85,0.00024,0.00653,3704.84,0.653
147,Steel,5,4,0.7592883974313737,0.0768942728638649,0.0054909381001518,0.2882564741731978,0.145344414114952,0.0942266969540616,0.2783851869730471,0.0422275964915752,0.2441306846187911,0.1389313948102507,0.114653627872467,0.4009449957257061,0.4257542836002655,0.1096223509311676,0.5594806556368113,0.1565462951929897,0.02,0.6814436515930449,0.0,0.0,0.0,9145350.851568593,570.0594821234998,0.1046650257778893,8709991.723510468,361.73006324259546,0.2636769952877704,12118859.529909823,338.962934843025,0.4344141879610734,11804238.29041692,220.6283363235192,0.6714426515930448,3681.71,3680.8,3680.8,0.025,3957.22,39284.17,0.00025,0.00621,3703.66,0.621
152,Steel,3,4,0.7100546285510063,0.1050527930259704,0.022117668675249,0.2179491563981262,0.0527504116296768,0.1598617019370263,0.3329155928834967,0.056507883965969,0.3563229992658445,0.2534829620250191,0.1274795120954513,0.6390391656959057,0.0,0.0,0.0,0.0,0.0,0.0,0.0,0.0,0.0,7482198.773326998,404.3970955377279,0.0956240386774573,7137232.264422246,771.4525784907947,0.3934745473398651,6886286.765321805,1099.9999999999995,0.4476976228414074,6477212.1041704845,486.43443867698136,0.6266161380191263,3679.87,3680.8,3680.8,-0.025,4687.79,38684.25,0.00025,0.00591,3659.04,-0.591
153,Steel,1,2,1.25962033867836,0.068966759622097,0.0224264521825582,0.5878785887445372,0.0703381615877151,0.2259155567148826,0.0,0.0,0.0,0.0,0.0,0.0,0.0,0.0,0.0,0.0,0.0,0.0,0.0,0.0,0.0,25004756.65445964,724.534365342389,0.1275257493692888,17971272.083148472,342.993537820866,0.9322775336656608,0.0,0.0,0.0,0.0,0.0,0.0,3681.74,3680.8,3680.8,0.026,8495.65,19607.83,0.00026,0.00382,3694.86,0.382
154,Steel,1,4,1.1275621205568314,0.1018520406484604,0.0190804588887141,0.576204449933302,0.0928972840309143,0.7027067380359657,0.0,0.0,0.0,0.0,0.0,0.0,0.0,0.0,0.0,0.0,0.0,0.0,0.0,0.0,0.0,9891316.75707107,775.1285444176162,0.2663549066976907,9473738.7357925,1047.3452097195593,0.6845359229436984,9413117.014980322,341.9587592438019,0.7213087938441465,9981923.175162967,121.87196897762902,0.965259557958234,3679.86,3680.8,3680.8,-0.026,6242.18,21787.41,0.00026,0.00691,3655.36,-0.691
155,Steel,3,2,0.7235383823513986,0.0783007420301437,0.0162961627122092,0.2802363740399671,0.0970283204317093,0.0808289094936947,0.3301092220913191,0.0683254113793373,0.1709835753311883,0.3329677160677785,0.0660734462738037,0.3879919193736144,0.0,0.0,0.0,0.0,0.0,0.0,0.0,0.0,0.0,15650565.947698576,492.8777586508456,0.0996023462628775,13870763.198465152,400.6549841996015,0.5705858214097821,0.0,0.0,0.0,0.0,0.0,0.0,3681.74,3680.8,3680.8,0.026,7450.52,30371.19,0.00026,0.00323,3692.69,0.323
156,Steel,4,3,0.7110764048993587,0.0670656201839447,0.0141972782133428,0.346497783211059,0.02,0.1101642999485985,0.230109093005254,0.0860505712032318,0.2585663038889867,0.1988061189657727,0.0967121386528015,0.4463189502285106,0.2255962159958489,0.0828753212094307,0.5790541512373847,0.0,0.0,0.0,0.0,0.0,0.0,5926626.561527517,344.3143251688542,0.072643797162551,8009937.499219611,287.6690625494093,0.2257485526792461,6529274.83782652,799.3269956976546,0.5918300395878375,0.0,0.0,0.0,3679.85,3680.8,3680.8,-0.026,5530.72,27753.07,0.00026,0.00302,3669.68,-0.302
157,Steel,1,3,0.9923629015684128,0.0532061982750892,0.0425649586200714,0.3831783978521472,0.15,0.3598081198416054,0.0,0.0,0.0,0.0,0.0,0.0,0.0,0.0,0.0,0.0,0.0,0.0,0.0,0.0,0.0,11683225.598801397,222.91376488345588,0.1443150179127054,13771893.121475114,225.71153615458024,0.4245103193283305,15651324.988146467,359.9708384542695,0.7541025125038157,0.0,0.0,0.0,3681.76,3680.8,3680.8,0.026,16857.68,30145.04,0.00026,0.00336,3693.18,0.336
159,Steel,4,4,1.2072784841060638,0.0751098712086677,0.0068544248418555,0.3955385651357729,0.1223026466369629,0.2194025795953896,0.1693833421877308,0.0911318188905716,0.4373860320287093,0.2168201002081589,0.0961870622634887,0.7352847953891852,0.2686415859277015,0.0841787216067314,1.0031631210621357,0.0,0.0,0.0,0.0,0.0,0.0,18262822.725930866,411.9093481713805,0.1615427989239566,13507605.217656232,467.2578122214025,0.7778097575856756,14859087.383679615,573.473001782352,0.8740234354874308,16417225.952237831,601.1755358482179,1.0865506344881788,3681.76,3680.8,3680.8,0.026,7060.5,13478.91,0.00026,0.00336,3668.42,-0.336
160,Steel,6,4,1.0434911400079727,0.074694041788578,0.0258176176241445,0.3489439981388436,0.1098506015539169,0.1318045177762292,0.1347449960297722,0.0903255999088287,0.2581845547496052,0.2780900563677064,0.0757874950766563,0.4133730007266839,0.2804710073194456,0.0627891308069229,0.5495166984371547,0.332709662567222,0.0404405437409877,0.6927049928067267,0.4015283718139119,0.1251887845993042,0.8912391378614544,16223172.855325192,716.4744550922934,0.150077518022408,15816831.540196158,1099.9999999999995,0.6016533661533404,17809109.48415873,205.05314794440903,0.7594572912054021,15675312.317306876,282.1756301725479,0.9279575792995473,3681.76,3680.8,3680.8,0.026,4479.74,10693.62,0.00026,0.00376,3694.65,0.376
161,Steel,2,2,1.07746649235487,0.0882090015411377,0.012043436481061,0.3049950003341641,0.0597291877865791,0.3874993500310776,0.7874164965198912,0.0631221464276313,0.7828049352550119,0.0,0.0,0.0,0.0,0.0,0.0,0.0,0.0,0.0,0.0,0.0,0.0,32568682.64328461,104.09974006833792,0.1588603770353944,40179712.17513589,329.64731365916776,0.7683240067831659,0.0,0.0,0.0,0.0,0.0,0.0,3681.78,3680.8,3680.8,0.027,11725.37,29707.35,0.00027,0.00135,3675.84,-0.135
163,Steel,1,3,1.1177760034799578,0.0624534430503845,0.0090154187022376,0.1844107821686138,0.0438716177642345,0.5016065086915726,0.0,0.0,0.0,0.0,0.0,0.0,0.0,0.0,0.0,0.0,0.0,0.0,0.0,0.0,0.0,3013811.1346690687,116.22090025546584,0.3004506446055225,2609758.973822281,263.39746164012826,0.8455221991093324,3676246.266869453,179.58038786942896,0.9500815062698796,0.0,0.0,0.0,3681.8,3680.8,3680.8,0.027,6370.06,12377.37,0.00027,0.00481,3698.5,0.481
165,Steel,1,4,1.2269587814807892,0.0728897458314895,0.0150046643308438,0.3926225217906053,0.1030550915002822,0.7817784007806732,0.0,0.0,0.0,0.0,0.0,0.0,0.0,0.0,0.0,0.0,0.0,0.0,0.0,0.0,0.0,4973665.281329943,569.5463232303837,0.2667576357293836,5130855.522099143,480.94431476808,0.6428393980875733,6957771.723398039,289.4348005982505,0.8303762383949412,4645050.586897772,1099.9999999999995,1.064572938861846,3681.8,3680.8,3680.8,0.027,5675.7,14162.55,0.00027,0.00247,3689.9,0.247
167,Steel,6,2,0.8639345049858094,0.08888201379776,0.0146208465079622,0.2073269165699848,0.0468184679746627,0.1019837020307665,0.2957782924783364,0.0343610163033008,0.1823126746751283,0.4364204520631765,0.0879494905471801,0.3249938353766515,0.4135396515103523,0.0969299674034118,0.4753062986127196,0.1747945526367399,0.1372814494371414,0.657750973530667,0.3779890354000953,0.053773421049118,0.7686671836855704,33752547.75075978,809.1014987725924,0.0919086537406208,31790324.53710096,735.6096242997369,0.7497920920053176,0.0,0.0,0.0,0.0,0.0,0.0,3679.78,3680.8,3680.8,-0.028,7605.41,20247.97,0.00028,0.00527,3661.39,-0.527
168,Steel,6,3,1.4685106247663495,0.0772207281589508,0.0390075324514295,0.3026381530099705,0.0858675026893615,0.2433459588746638,0.257920373101541,0.0787418168783187,0.5120008252488223,0.3937069485499537,0.02,0.5732951237845657,0.1793510698211227,0.1454018467664718,0.803904955310253,0.4174138480442866,0.0890473824739456,1.0713921534704074,0.58712698567898,0.0626457932591438,1.2529936080686443,31505246.30638736,762.1599083240822,0.1519070729108528,29244222.56465252,416.31086072935335,0.7114090090153623,27595607.372844685,320.3931128660949,1.3036940966360953,0.0,0.0,0.0,3681.83,3680.8,3680.8,0.028,5792.45,11674.12,0.00028,0.00971,3645.06,-0.971
169,Steel,2,3,0.7585236296057701,0.0974092761278152,0.0228694105456848,0.3173851629591417,0.0869514393806457,0.1420511849882102,0.5736029773534647,0.0404802843928337,0.3727465451827992,0.0,0.0,0.0,0.0,0.0,0.0,0.0,0.0,0.0,0.0,0.0,0.0,11651734.096499572,385.244949223175,0.1162270313668807,10753180.764820332,776.2673857172065,0.4893325269082383,11113520.869852869,510.0543762564324,0.6023013196901046,0.0,0.0,0.0,3679.77,3680.8,3680.8,-0.028,9152.63,32438.53,0.00028,0.00527,3700.2,0.527
171,Steel,3,4,1.61345891058445,0.1110283371210098,0.0126343974262697,0.3392511491149431,0.0592035108804702,0.4054492392406189,0.3517063700386261,0.0525901085138321,0.6191072604203881,0.2235672247814575,0.0597594887018203,1.1782770473630633,0.0,0.0,0.0,0.0,0.0,0.0,0.0,0.0,0.0,12134738.427124748,350.47887483308136,0.2696599647758433,13978645.419469029,417.5222641432952,0.9385045073045916,14930160.784612048,545.4982616708268,0.9547759239357464,21523508.111635637,108.74471286383324,1.3006291544196895,3681.85,3680.8,3680.8,0.029,6222.65,11813.8,0.00029,0.00327,3668.77,-0.327
172,Steel,2,4,1.139199757575989,0.1083144090175628,0.0087329951845892,0.2874249496789274,0.1002305781841278,0.129143694154842,0.3266426813580486,0.094436993598938,0.5765038034555112,0.0,0.0,0.0,0.0,0.0,0.0,0.0,0.0,0.0,0.0,0.0,0.0,12625998.493328089,675.266160069654,0.1573960340684881,8101376.33096492,577.8034449824032,0.6166266428168572,11605756.864318732,467.94244871893153,0.7387484556602688,9688882.54440356,227.0390468321169,0.9665959050961888,3681.86,3680.8,3680.8,0.029,5951.89,16422.19,0.00029,0.00203,3673.34,-0.203
173,Steel,1,3,1.22045855820179,0.0717836463451385,0.029725907673095,0.3134569064244738,0.1188638472557068,0.3699945108310774,0.0,0.0,0.0,0.0,0.0,0.0,0.0,0.0,0.0,0.0,0.0,0.0,0.0,0.0,0.0,4804844.109532954,611.1596518333935,0.1220458570406375,4759707.501086483,500.6240797917517,0.3124639991129363,8097994.18354363,116.53935683982994,0.8140507681271616,0.0,0.0,0.0,3679.73,3680.8,3680.8,-0.029,5030.22,18086.54,0.00029,0.00769,3652.5,-0.769
174,Steel,2,3,1.3377466291189195,0.0801055542826652,0.013375467262053,0.3516397767361994,0.0333897762745618,0.4836419602582348,0.3567734495563427,0.0862247985601425,0.7305940558375833,0.0,0.0,0.0,0.0,0.0,0.0,0.0,0.0,0.0,0.0,0.0,0.0,7001364.441110682,526.3828781922101,0.1554261713247305,7826588.403274558,643.3609776122522,0.5663265898415528,9286520.037528733,594.2861027386214,1.0338970971315438,0.0,0.0,0.0,3681.88,3680.8,3680.8,0.029,5845.94,10866.15,0.00029,0.00321,3692.6,0.321
176,Steel,1,2,1.0864812254905702,0.1172330232858658,0.06,0.2316332960547163,0.0695534333586692,0.9778231029415132,0.0,0.0,0.0,0.0,0.0,0.0,0.0,0.0,0.0,0.0,0.0,0.0,0.0,0.0,0.0,21045151.384456247,317.52529590593355,0.5514204020727373,20104758.221184324,370.81138523677816,0.9678221029415132,0.0,0.0,0.0,0.0,0.0,0.0,3679.71,3680.8,3680.8,-0.03,6924.92,29703.05,0.0003,0.00099,3684.44,0.099
178,Steel,1,2,0.7149977490305901,0.0621380669474601,0.0266070244457149,0.1413530120720356,0.1213174194097519,0.506589889525385,0.0,0.0,0.0,0.0,0.0,0.0,0.0,0.0,0.0,0.0,0.0,0.0,0.0,0.0,0.0,2006527.8630661569,676.456853855521,0.2173965616180035,2315859.525064872,405.48420821730537,0.5982936637159673,0.0,0.0,0.0,0.0,0.0,0.0,3681.9,3680.8,3680.8,0.03,4393.2,34933.03,0.0003,0.00489,3662.81,-0.489
180,Steel,3,3,1.2864443868398667,0.0987096465826034,0.0109655155100542,0.4673413982166221,0.0673819568753242,0.4764668339412911,0.3228149548995833,0.02,0.5480156170634362,0.5141246743752579,0.0861777335405349,1.0198702986264276,0.0,0.0,0.0,0.0,0.0,0.0,0.0,0.0,0.0,19547846.64074323,1095.0850114793222,0.1779026999032079,22157912.03430439,379.4467671077088,0.518479199804426,23144230.199028105,440.1944822145405,1.0435024748379005,0.0,0.0,0.0,3681.92,3680.8,3680.8,0.03,6029.7,17420.84,0.0003,0.00484,3698.62,0.484
181,Steel,2,3,1.0569471061229705,0.0846049377918243,0.0146744538010445,0.2369081549500948,0.0956066220998764,0.4707045049222451,0.3538188585361143,0.0533539310097694,0.8861370584720452,0.0,0.0,0.0,0.0,0.0,0.0,0.0,0.0,0.0,0.0,0.0,0.0,9703458.820166027,1099.9999999999995,0.1653570628998813,8215031.308089765,647.7844688073322,0.5247987506107646,7112701.049276105,356.4350260553372,0.9074442473566562,0.0,0.0,0.0,3681.92,3680.8,3680.8,0.03,6082.61,17465.49,0.0003,0.00879,3648.45,-0.879
182,Steel,2,4,0.8157581016421318,0.0857036567926406,0.0482569066330132,0.3727310179781413,0.0583818876743316,0.4247777055748864,0.3582813267668908,0.0828079006075859,0.6011120814500126,0.0,0.0,0.0,0.0,0.0,0.0,0.0,0.0,0.0,0.0,0.0,0.0,7799059.995074562,297.23642255013925,0.1224172401004997,7860686.721435291,279.3006564119335,0.3387538615711792,6351109.938688664,880.257461598716,0.4777867121381676,6425798.741689293,744.3185995736958,0.7061411076737925,3681.92,3680.8,3680.8,0.03,9643.7,31074.89,0.0003,0.00358,3693.96,0.358
187,Steel,1,4,1.4469038248062134,0.0604648042321205,0.0136145720894814,0.4017632225674287,0.0882302767038345,1.103363162529562,0.0,0.0,0.0,0.0,0.0,0.0,0.0,0.0,0.0,0.0,0.0,0.0,0.0,0.0,0.0,8671778.743574971,368.0126457353348,0.353401955572687,12083864.95990174,516.0492211171107,0.6185634585043976,9911448.368995477,399.11069864941777,0.7403933757150735,10237645.191428322,427.465273517084,1.2724045776595183,3681.94,3680.8,3680.8,0.031,6747.99,17807.69,0.00031,0.00948,3645.89,-0.948
192,Steel,2,4,0.9171829879283904,0.1091049673557281,0.0129661812681808,0.4847747263219625,0.0841975313425064,0.1885160279890626,0.3029486495646879,0.0346691695600748,0.4462214452653642,0.0,0.0,0.0,0.0,0.0,0.0,0.0,0.0,0.0,0.0,0.0,0.0,9206200.218093928,596.6419625679305,0.1067491767180678,9230809.050821034,1099.9999999999995,0.2730643703922598,9647331.54776809,624.6837944890311,0.3694507999965756,9488913.896677025,648.4938830309275,0.7295303540452707,3681.97,3680.8,3680.8,0.032,5806.76,40068.37,0.00032,0.00629,3703.94,0.629
193,Steel,1,3,1.085439683496952,0.0911465448141098,0.06,0.2331929877969715,0.0417504142224788,0.7592260545948406,0.0,0.0,0.0,0.0,0.0,0.0,0.0,0.0,0.0,0.0,0.0,0.0,0.0,0.0,0.0,3480632.438800849,753.6476983656387,0.1723930884175156,2966602.29570314,497.05300647909183,0.3988710569725076,3014904.7065440104,760.158827681656,0.9076642361285038,0.0,0.0,0.0,3679.63,3680.8,3680.8,-0.032,5738.57,25425.24,0.00032,0.00886,3648.2,-0.886
197,Steel,5,4,1.2123241543769838,0.1120479274988174,0.0242913178978143,0.1541032422845107,0.023696960825473,0.2856097671738417,0.3174790027077084,0.0982969141006469,0.4766587486763881,0.1983031396765258,0.0259710779786109,0.5893733060851442,0.2592506616940371,0.0925819545984268,0.7902142016187036,0.3395067097561999,0.1473893636465072,0.9872339085158892,0.0,0.0,0.0,12713816.20452196,755.9726207636498,0.1575891141287322,10974649.863856629,736.916830012601,0.5469305762932075,13042098.84844488,375.3218656963252,0.7186675370093871,15024596.46761606,187.1357946068974,1.0678623806344958,3681.99,3680.8,3680.8,0.032,5224.62,18292.19,0.00032,0.00161,3674.89,-0.161
198,Steel,2,2,1.4571474462747571,0.0775624014735222,0.0293455556659629,0.226642737292324,0.0938451784849166,0.9600332453149448,0.5233998289125501,0.0681390032172203,1.3114227016472817,0.0,0.0,0.0,0.0,0.0,0.0,0.0,0.0,0.0,0.0,0.0,0.0,20470127.226135883,289.9647154732009,0.4015265386941054,22021497.877299264,253.86974109064607,1.3014217016472818,0.0,0.0,0.0,0.0,0.0,0.0,3681.99,3680.8,3680.8,0.032,7027.67,9297.48,0.00032,0.00575,3659.62,-0.575
