rank,material,n_disks,n_bearings,cs1_pred,cs2_pred,cs3_pred,L,OD,cs3_relerr_pct,joint_err,ID,d0_OD,d0_W,d0_pos,d1_OD,d1_W,d1_pos,d2_OD,d2_W,d2_pos,d3_OD,d3_W,d3_pos,d4_OD,d4_W,d4_pos,d5_OD,d5_W,d5_pos,b0_K,b0_C,b0_pos,b1_K,b1_C,b1_pos,b2_K,b2_C,b2_pos,b3_K,b3_C,b3_pos,joint_err_truth,cs3_ross,cs3_relerr_truth_pct
1501,Steel,3,3,6116.25,7259.68,20845.95,1.1761766761541366,0.107528725862503,-0.892,0.00892,0.0263910616989982,0.2792185770103468,0.0340973429381847,0.3575733217718332,0.3131331837468477,0.0608704486489296,0.4487771767555139,0.2505692204912676,0.1397978860139846,0.9793333359527336,0.0,0.0,0.0,0.0,0.0,0.0,0.0,0.0,0.0,29259764.46821367,488.61301158878126,0.1700993608333636,24329403.2615958,559.8953339589441,0.7242643243035805,24925891.806023933,562.1240726240211,1.0200156814656882,0.0,0.0,0.0,0.00887,21219.98,0.887
705,Steel,5,3,10541.42,12126.41,20970.04,1.3536064505577088,0.0672154093384742,-0.302,0.00302,0.0079857444638013,0.3412713264413071,0.0539595502614975,0.2261868678774175,0.2492624301771741,0.0980221796035766,0.3503109761524912,0.0978235149662744,0.0799991557002067,0.5543581449299526,0.302919216540642,0.0949646735191345,0.7601426881095334,0.3025963058323475,0.104715524315834,1.088546541969851,0.0,0.0,0.0,222022721.079256,431.7372860587,0.1542388491233051,202338931.38353905,121.0312969777972,0.7020477377436092,235545668.7709939,157.06585174062957,1.1674277747885935,0.0,0.0,0.0,0.00602,21160.11,0.602
589,Steel,4,2,4591.25,9339.04,20984.35,1.2719193667173383,0.1287960011959076,-0.234,0.00234,0.0183001160564016,0.1691048084442503,0.0756669849157333,0.1932949003077037,0.3140870300917656,0.0877961921691894,0.430831160843403,0.3687050622510061,0.0309035854041576,0.5869278655397956,0.548572360939886,0.1216438680887222,0.7927695655503262,0.0,0.0,0.0,0.0,0.0,0.0,72088571.76797979,371.6885872114024,0.2282101712864041,57656690.56766542,726.7190769125202,1.049617334656387,0.0,0.0,0.0,0.0,0.0,0.0,0.00184,20994.79,-0.184
915,Steel,4,3,3676.53,4135.6,21120.81,1.4046857297420503,0.1142439181804657,0.415,0.00415,0.021286331182656,0.499735472926061,0.1143836045265197,0.2477016236415404,0.1960834697100577,0.0653117662668228,0.5940736952226435,0.2375962824828467,0.0748630130290985,0.9612234810091088,0.4066361334787254,0.0890649718046188,1.1133541537971487,0.0,0.0,0.0,0.0,0.0,0.0,18105639.8750978,661.1670906228812,0.1721936228394287,30177764.76679891,404.63593135041793,0.5314894487473303,21593456.755439587,161.8377054492724,1.200186862985308,0.0,0.0,0.0,0.00303,21097.27,0.303
3351,Steel,2,4,9896.53,12546.63,20112.64,1.6515897899866103,0.0927409582138061,-4.378,0.04378,0.0291908362026294,0.4016348534444398,0.1052643579244613,0.4199500678901616,0.240899143626042,0.087174847126007,0.6701785234304052,0.0,0.0,0.0,0.0,0.0,0.0,0.0,0.0,0.0,0.0,0.0,0.0,103881187.49383985,373.5582387498077,0.1651589806502508,97490036.43952484,164.79337411187518,0.3733995724371874,97536141.21230674,277.581829171004,0.8120382044157725,92133965.66421188,544.6996360548038,1.2889283202059132,0.00433,21124.58,0.433
926,Steel,6,4,5394.47,6320.47,20944.19,1.0455595031380651,0.1101527593135833,-0.425,0.00425,0.025108653771905,0.3752607572810433,0.1240057277679443,0.149004646995164,0.1633220275371771,0.0957002252340316,0.3442466569815444,0.2417586889980637,0.1225573122501373,0.4997236120851137,0.2092350413949066,0.0933208459615707,0.6688381934452632,0.3899007441577752,0.0963864260911941,0.8031322011411905,0.2469682422082306,0.1114935302734375,0.936416022727872,36373880.09034273,491.4252471364948,0.1267682863266784,33326569.159461424,416.4612705332908,0.5184069272233134,41863902.08646913,350.0715936152503,0.6398086145397068,42969618.92071751,1099.9999999999995,0.926415022727872,0.00816,20861.95,-0.816
642,Steel,4,3,3160.89,3710.63,21088.01,0.9772487163543702,0.0951572716236114,0.259,0.00259,0.0390827740423109,0.2174325986914513,0.0785849541425705,0.097734871635437,0.1789897712985165,0.1195485216379165,0.3023633336658367,0.126566064111521,0.114875191450119,0.4904728355110422,0.2359224414637893,0.1250149446725845,0.7918839934261439,0.0,0.0,0.0,0.0,0.0,0.0,6095839.400205156,844.9867374162302,0.1152419647362643,6678846.260974877,409.55433597711095,0.4082200480783619,7198820.162660193,224.88550803068804,0.7556672488181607,0.0,0.0,0.0,0.00341,21105.21,0.341
501,Steel,5,3,7987.83,14370.29,21073.38,0.9156480491161346,0.0837113488912582,0.19,0.0019,0.0130650415895652,0.3582503742606382,0.1221163934469223,0.1143619777649109,0.3553310157815335,0.0731563210487365,0.237471121155319,0.2335860226434017,0.1316941326856613,0.4177674990080766,0.236261582085252,0.0795975765585899,0.574005712567203,0.3028041951573673,0.0872692018747329,0.7468943364706543,0.0,0.0,0.0,109960229.61514448,274.2638225047769,0.1401693317394312,135427973.3177173,204.55980103249388,0.6129942188393167,133577586.00351836,517.6783592125659,0.7827095600122834,0.0,0.0,0.0,0.00428,21123.52,0.428
393,Steel,3,3,8952.64,16646.85,21061.66,1.3850648671388626,0.0844148014187812,0.134,0.00134,0.0257997705430874,0.2227615309542777,0.0843073019385338,0.3692817707966098,0.297762002354665,0.0842299941182136,0.6679678846063526,0.3417740675449648,0.0520982794463634,0.8428453713940794,0.0,0.0,0.0,0.0,0.0,0.0,0.0,0.0,0.0,83216004.1584337,780.5927440666034,0.1665374469590843,85357562.01771893,312.5980073396405,0.7575748454984431,90657611.71527496,317.03336850861086,1.1725332724636064,0.0,0.0,0.0,0.00186,20994.28,-0.186
2099,Steel,2,2,4177.05,5926.83,20704.53,1.2469168454408646,0.1067306262254715,-1.564,0.01564,0.06,0.1293936901593496,0.0865565317869186,0.6843974110082145,0.3115870448016326,0.0544484290480613,0.996001620440376,0.0,0.0,0.0,0.0,0.0,0.0,0.0,0.0,0.0,0.0,0.0,0.0,12350608.43358826,410.8208980004748,0.2774686163873631,10529705.703954756,233.45982802196625,1.0760602212317865,0.0,0.0,0.0,0.0,0.0,0.0,0.00626,20901.86,-0.626
4121,Steel,3,4,4234.64,13110.82,19334.97,1.6218087792396545,0.0787401898503303,-8.075,0.08075,0.0219147057591508,0.4502376939553357,0.0713382545113563,0.7277947924382393,0.2298726857571857,0.0992957323789596,0.8306125554396777,0.1914805235052628,0.0592341101169586,1.198626684026442,0.0,0.0,0.0,0.0,0.0,0.0,0.0,0.0,0.0,43170657.47259448,538.8378380477078,0.1621808795457742,39905951.59730673,377.8780932264759,0.283892354017716,53113670.04284641,1099.9999999999995,0.496406207557089,36176779.23490781,283.0959438379422,1.4157995170106956,0.00644,21169.02,0.644
1144,Steel,1,3,4020.01,4696.62,20915.76,1.2346102088689803,0.1238488752841949,-0.56,0.0056,0.0079326748731109,0.2694919088186261,0.083587902188301,0.4618696120400867,0.0,0.0,0.0,0.0,0.0,0.0,0.0,0.0,0.0,0.0,0.0,0.0,0.0,0.0,0.0,10870579.63214933,185.45220419075304,0.2063350966329951,9157216.825133678,947.0257477005142,0.6968551880109974,9471660.607305253,164.1202613355966,1.01101012254994,0.0,0.0,0.0,0.00536,20920.83,-0.536
168,Steel,3,3,11359.21,16723.81,21023.99,1.578087502717972,0.1018358746767044,-0.045,0.00045,0.0218698795482665,0.3299077085457149,0.1111790996789932,0.279280745037172,0.2402693592699494,0.0878415757417678,0.6223505355726099,0.3249427916263875,0.0812809181213378,0.9876369213723436,0.0,0.0,0.0,0.0,0.0,0.0,0.0,0.0,0.0,192314542.7300123,1099.9999999999995,0.1671994533185389,284789042.79239345,411.89734134090713,0.5375825056560407,239008396.12829697,378.872694313654,1.306756350816438,0.0,0.0,0.0,0.00777,21196.83,0.777
2570,Steel,4,4,2826.94,4754.18,21525.81,1.043450836837292,0.1020681229829788,2.341,0.02341,0.0187734468817352,0.2175488081098132,0.0893303227424621,0.259823214045758,0.2170221363874427,0.02,0.5750710644876107,0.1939595501018723,0.1396341425180435,0.736255931292547,0.2698983127210617,0.1111169403791427,0.9390957531535626,0.0,0.0,0.0,0.0,0.0,0.0,5836862.228743807,481.3069386323628,0.1162140207217313,6235035.03302282,951.6936945921052,0.3489057094885117,7008494.572161953,508.1509588725714,0.525597898229551,6143286.632798906,385.1901255309037,0.9275450755566838,0.00285,20973.63,-0.285
23,Steel,3,4,4299.2,6932.43,21032.23,0.9613375648856164,0.0815247361660003,-0.006,6e-05,0.0281315612338192,0.3306371127725455,0.0341095382720232,0.3050953863615219,0.2702567273057075,0.0790138819813728,0.5572525998642819,0.302068301976962,0.0610339364409446,0.7998713312154055,0.0,0.0,0.0,0.0,0.0,0.0,0.0,0.0,0.0,8748750.076638078,274.0459623554672,0.1223761382713552,8284572.678945546,799.2723261215363,0.3625169800500865,8817935.738418585,791.2945280278519,0.4800242700990922,8506405.535110304,140.25463759730343,0.8368505418555616,0.00616,20903.91,-0.616
2633,Steel,6,4,5175.52,7792.62,20517.6,0.9888889998197556,0.1079377757310867,-2.453,0.02453,0.0260858792110722,0.2418148264773623,0.1212678360939026,0.1089497922912543,0.3822893452265687,0.0708708277344703,0.2777756512462588,0.3540030011781446,0.0546062448620796,0.3785937585843391,0.2814424177440207,0.1095671963691711,0.5196141695569075,0.246305350758916,0.1106819880008697,0.7036619816713966,0.2057124197933215,0.078511423766613,0.8214045590931464,27656460.254626986,629.3600543877012,0.0988889009708645,28854889.782493997,675.984033709891,0.2006185981289293,24414103.940704048,433.9830692500814,0.3262730394629082,33891772.33506423,347.7699180973674,0.8840762597324993,0.00556,20916.63,-0.556
84,Steel,1,3,7718.39,12041.25,21038.23,1.3321888715028762,0.0891800940036773,0.022,0.00022,0.0168780457031607,0.3971205860440727,0.1200768834352493,0.4487179148034146,0.0,0.0,0.0,0.0,0.0,0.0,0.0,0.0,0.0,0.0,0.0,0.0,0.0,0.0,0.0,60613038.61818306,575.9792767139079,0.1849767654433046,56556309.128029205,416.94650593530935,0.6041388730535815,70934469.12326866,337.08617752095046,1.0021118841968966,0.0,0.0,0.0,0.00408,21119.33,0.408
296,Steel,4,2,2579.52,7901.68,21013.64,0.8156561031937599,0.0717014834284782,-0.094,0.00094,0.025647245554154,0.4955047077401234,0.0674789693951606,0.1529834906431673,0.4884999716275334,0.0851984030008316,0.3135556943311933,0.2867631936704711,0.103777734041214,0.4780598436817035,0.1297770316196034,0.1367468422651291,0.6355397720756245,0.0,0.0,0.0,0.0,0.0,0.0,17056496.233941093,310.6167989043932,0.0888012172797568,11587172.897862006,801.7578530278116,0.7098092931623696,0.0,0.0,0.0,0.0,0.0,0.0,0.00411,20946.96,-0.411
1001,Steel,2,3,7317.55,10146.87,21131.65,1.3132684350013732,0.076642917394638,0.467,0.00467,0.0339770954955232,0.4697670117649332,0.02,0.1837188139724677,0.3456956529373129,0.0946080595254898,0.9306232787396458,0.0,0.0,0.0,0.0,0.0,0.0,0.0,0.0,0.0,0.0,0.0,0.0,40239104.26635778,466.3209930158696,0.173434291623801,43321404.82829297,379.7661445645012,0.4973492404790819,39195070.647226654,394.7672956382329,1.0961994091100924,0.0,0.0,0.0,0.00288,20972.88,-0.288
711,Steel,3,4,3990.63,5982.15,21098.22,1.11979651004076,0.1210016160011291,0.308,0.00308,0.0218298532577729,0.3404704273777004,0.1463487958908081,0.1611885808916887,0.255089409849336,0.15,0.5420060327057252,0.2653448463571251,0.0914998698234558,0.8193675026644529,0.0,0.0,0.0,0.0,0.0,0.0,0.0,0.0,0.0,18996688.434644014,143.14789912558393,0.1414281426114005,16258927.879760211,493.4985683935699,0.4352865564111363,16566838.932660272,242.6188573830254,0.7933331418505001,15714650.751017597,660.3534742854176,0.9972855044971438,0.00332,20963.61,-0.332
1413,Steel,6,2,2820.47,3861.05,21202.23,1.3333365470170977,0.1510107886791229,0.802,0.00802,0.0130609704089331,0.1585771842458903,0.1289963555335998,0.1980524582902261,0.2067520328438594,0.0925365090370178,0.3380129772774263,0.1666639691059538,0.02,0.4854237312285736,0.1683708673575524,0.1185884231328964,0.6134754064372818,0.2599505790742255,0.0743180149793625,0.8806216035697019,0.2337779654533681,0.15,1.0644085204707687,15359760.81477199,371.42539293971726,0.163848202502907,14886944.859095749,672.3619287044228,1.131852668168445,0.0,0.0,0.0,0.0,0.0,0.0,0.00377,21112.74,0.377
655,Steel,4,4,3340.53,4090.09,21089.53,0.7646455764770508,0.0706289431452751,0.266,0.00266,0.0227754243540091,0.1806687545453462,0.121386467218399,0.1272657911816528,0.2504472603825806,0.074288802742958,0.2691299406917178,0.166800371667602,0.073318150639534,0.4056419558655579,0.143075931310417,0.1092233830690384,0.6402437001292036,0.0,0.0,0.0,0.0,0.0,0.0,3734904.5757699097,295.6452140123574,0.0865223919070942,3039412.957706359,185.2092938947092,0.3193342621794561,3744559.257255852,514.4346188376419,0.4298370889700892,2884546.350021048,291.65212404612527,0.6551507490568624,0.00616,21162.98,0.616
468,Steel,2,2,3695.18,4345.49,21068.81,1.2930456161499024,0.1324166710376739,0.168,0.00168,0.0379704983527455,0.1499098943301093,0.0589180251955986,0.6572681461191432,0.1784909535544734,0.0549918192625045,0.7280882737830101,0.0,0.0,0.0,0.0,0.0,0.0,0.0,0.0,0.0,0.0,0.0,0.0,13570476.419752697,213.4714959425617,0.3747683026820897,12566709.17645923,92.55730173910118,1.053253451030372,0.0,0.0,0.0,0.0,0.0,0.0,0.00316,21100.02,0.316
1295,Steel,1,3,5510.63,6300.01,20889.39,1.275351697206497,0.1047087286710739,-0.685,0.00685,0.0234429416088398,0.3090022581783783,0.115857086777687,1.029029250121289,0.0,0.0,0.0,0.0,0.0,0.0,0.0,0.0,0.0,0.0,0.0,0.0,0.0,0.0,0.0,17199255.921831645,353.5453588964268,0.3613446035982755,25348657.68723848,692.1613846020912,0.7712876795807156,25674770.25483923,522.2595779657713,1.092144314634523,0.0,0.0,0.0,0.00224,20986.29,-0.224
79,Steel,2,2,3899.23,6629.3,21038.06,0.9212625399231912,0.0716518513560295,0.022,0.00022,0.0257737997277376,0.2083831643010676,0.0561983621120452,0.4182741152047384,0.2072349978969021,0.0540182653069496,0.7035534275179044,0.0,0.0,0.0,0.0,0.0,0.0,0.0,0.0,0.0,0.0,0.0,0.0,5803031.592268166,467.8320908002462,0.1155697833476091,5359313.676347586,504.117358725941,0.714836213047063,0.0,0.0,0.0,0.0,0.0,0.0,0.0043,21123.96,0.43
1669,Steel,3,4,7683.24,9519.63,20809.15,1.3543438166379929,0.1221386932134628,-1.067,0.01067,0.0438101938169801,0.2890380696140097,0.10856649518013,0.3372813979490966,0.2741413708361935,0.0727716764807701,0.4604018065477771,0.2512292291995357,0.0852648240327835,0.886197812798702,0.0,0.0,0.0,0.0,0.0,0.0,0.0,0.0,0.0,39602116.12296299,558.8053599973227,0.173243401540705,51012296.138804935,685.0353567560024,0.5575561079143477,50555886.46232756,605.5806252813597,0.6910830492329139,45886338.6466795,202.3036489028449,1.136518343128909,0.00197,21074.95,0.197
2131,Steel,2,2,4202.9,6605.86,20696.05,1.2143287271261216,0.1150473754405975,-1.604,0.01604,0.0138504253800805,0.2202571195163736,0.0724767607450485,0.4603730161732673,0.2221479293517345,0.1066249042749405,0.9743647503290428,0.0,0.0,0.0,0.0,0.0,0.0,0.0,0.0,0.0,0.0,0.0,0.0,21421626.72081232,271.1864885986471,0.1406230780362888,19231326.02958776,107.16390213305648,0.9072805143216304,0.0,0.0,0.0,0.0,0.0,0.0,8e-05,21035.13,0.008
465,Steel,3,2,3616.72,5052.85,20998.44,1.070630170404911,0.1061547367572784,-0.167,0.00167,0.0150293274363968,0.3165992374972894,0.0251578067988157,0.2240256126205457,0.3227104525267489,0.054426907300949,0.4649844619561668,0.2209003920634418,0.0979711782932281,0.9512957273341454,0.0,0.0,0.0,0.0,0.0,0.0,0.0,0.0,0.0,12211910.827683782,169.00853770033387,0.1100542747957696,12490957.33612869,699.3183711097278,0.8378241273086902,0.0,0.0,0.0,0.0,0.0,0.0,0.00938,20836.21,-0.938
1338,Steel,3,3,5126.47,5456.93,21186.0,1.0891115173697472,0.1124699016809463,0.725,0.00725,0.0059597970355002,0.2369028000270484,0.1296654319763183,0.1326928183176121,0.3747048063470052,0.0377589999139308,0.5425466736857637,0.2721664046188173,0.0997180080413818,0.8493456228889134,0.0,0.0,0.0,0.0,0.0,0.0,0.0,0.0,0.0,24212710.744871188,518.0357142760171,0.1710295777052223,22115511.16880621,347.22068181691293,0.5724340660737632,16684176.604727862,365.8378525326835,0.9205383234521796,0.0,0.0,0.0,0.00488,20930.96,-0.488
1406,Steel,4,4,4230.22,7070.6,20865.96,0.9756523028016092,0.0993967342376709,-0.797,0.00797,0.0421222582056236,0.2309394036866331,0.02,0.1972485631232155,0.3168264431042926,0.0865229260921478,0.5163277957154212,0.2466893319893746,0.0732943353056907,0.6464591831471378,0.354014382325857,0.1196231484413147,0.8239072600062354,0.0,0.0,0.0,0.0,0.0,0.0,14780294.853266353,518.3896617479264,0.132500949099522,17068975.564823557,563.3940588484427,0.5756451644094646,13676188.39008765,216.55031636422828,0.6759603351831629,12622165.148630556,482.5284471628098,0.8696465121007163,0.00116,21009.17,-0.116
2094,Steel,3,4,7388.91,7874.69,21360.28,1.333141812682152,0.1327907143831253,1.554,0.01554,0.0212876816661383,0.3082792990340371,0.0703628525137901,0.2190477505690927,0.2359229270309153,0.146747864484787,0.5503311479112629,0.3978194656346542,0.118683699965477,1.0308982098990316,0.0,0.0,0.0,0.0,0.0,0.0,0.0,0.0,0.0,58736937.58662783,727.4545056102589,0.1818853040591599,59705846.50239162,502.2571484799834,0.7713587513158202,47690601.12429201,127.7101407615812,0.8912425164231039,49712837.2477539,710.0188639480796,1.1837844550332748,0.00549,20917.97,-0.549
240,Steel,3,4,6129.19,6496.47,21018.94,0.9942457377910614,0.0876407507061958,-0.069,0.00069,0.0275103264853978,0.2636915432254193,0.0843994909524917,0.1207701691477332,0.2135556498928485,0.1015197056531906,0.4461009277299825,0.2800705232101134,0.1138592875003814,0.7177222498878015,0.0,0.0,0.0,0.0,0.0,0.0,0.0,0.0,0.0,18355708.582032163,1099.9999999999995,0.0997921826792681,18083785.398701187,198.0392059190316,0.4355666518145756,17555145.99184581,922.6012832485114,0.5465459217368174,15521883.745485175,359.03516050693287,0.8321249509986223,0.00202,20990.91,-0.202
1057,Steel,6,2,6513.15,17522.29,20929.16,1.059502360224724,0.0909028956890106,-0.496,0.00496,0.0254208829106761,0.2694855454895668,0.0771991124749183,0.1267125172016306,0.2820785165923924,0.0843946635723114,0.2563865623711899,0.3484398653859876,0.0495346499979496,0.4070508974449857,0.3610710006045424,0.1245014059543609,0.5874125615752445,0.2471839857500082,0.0846518746018409,0.7376387438305112,0.2525576241506938,0.1094692462682724,0.912172037262864,322324278.1745015,222.7216726042197,0.1467740194207938,276122192.7758995,412.14241277014975,0.8742609440503427,0.0,0.0,0.0,0.0,0.0,0.0,0.00755,21192.21,0.755
2280,Steel,5,2,5687.27,8415.21,21419.87,1.1401158690452575,0.122929386973381,1.837,0.01837,0.0305958968589524,0.2806373541707749,0.0776399382948875,0.1378015350482929,0.2182881137469617,0.15,0.2666183589859651,0.3209266030826508,0.0819772890210151,0.4958531878398821,0.2740707127674114,0.0929428923130035,0.7299932548044952,0.3388085557912672,0.02,0.8797076931749699,0.0,0.0,0.0,56720543.6271968,323.42378100076064,0.1532929081140002,57161023.22085338,355.4210402771798,0.9286648194571931,0.0,0.0,0.0,0.0,0.0,0.0,0.0028,21092.3,0.28
1973,Steel,1,2,5841.45,7441.83,21326.39,1.1155255869030951,0.0530724481344223,1.392,0.01392,0.0153936863425124,0.2890149617980521,0.0492020954191684,0.2709474885142851,0.0,0.0,0.0,0.0,0.0,0.0,0.0,0.0,0.0,0.0,0.0,0.0,0.0,0.0,0.0,15110220.156900588,536.8822389081681,0.1115525598058351,12921910.00105545,324.1260729796953,0.7422102162897767,0.0,0.0,0.0,0.0,0.0,0.0,0.00885,21219.63,0.885
179,Steel,2,2,6424.7,10504.8,21043.89,1.216688695549965,0.0908081766366958,0.049,0.00049,0.0448353000591325,0.3294839361256202,0.068170017004013,0.5042997885255682,0.2649028170513295,0.0723994916677475,0.9434523759769968,0.0,0.0,0.0,0.0,0.0,0.0,0.0,0.0,0.0,0.0,0.0,0.0,47802703.20020997,458.8378777398016,0.1726816405649753,38108777.31407262,205.29527066685455,0.9690120029474154,0.0,0.0,0.0,0.0,0.0,0.0,0.00024,21028.4,-0.024
3238,Steel,2,2,5137.53,11980.98,21872.03,1.2365934997797012,0.0852988092303276,3.987,0.03987,0.0123455659954496,0.2937916427470149,0.0594656616449356,0.4488460053449191,0.6826474461373219,0.0623541319370269,0.8854809502622503,0.0,0.0,0.0,0.0,0.0,0.0,0.0,0.0,0.0,0.0,0.0,0.0,52359542.03391918,108.13874583131978,0.2005656252588089,64513980.7037635,347.96940972364223,0.896315223874988,0.0,0.0,0.0,0.0,0.0,0.0,0.00296,20971.2,-0.296
1860,Steel,4,3,4661.62,7204.75,20767.1,1.2806234180927276,0.1151891281604767,-1.267,0.01267,0.0485124506864886,0.4181723099600332,0.1127201187610626,0.4115623977246445,0.2521694315205672,0.1190436846017837,0.6471501070063466,0.3677444194174797,0.0800753593444824,0.7793506052546204,0.5262979063189781,0.0677429255843162,1.0024519803242935,0.0,0.0,0.0,0.0,0.0,0.0,42938977.928635344,252.0110007492732,0.2318819627498591,36127263.563250005,253.3383052853235,0.8324525919855658,37603892.14699796,502.4415774730412,1.1525610750028314,0.0,0.0,0.0,0.00252,20980.41,-0.252
151,Steel,5,3,3692.09,4532.09,21025.3,1.1257984295487404,0.0984542665481567,-0.039,0.00039,0.0194820477548552,0.3909215077409188,0.1027080702781677,0.1548874419972286,0.2054831393718854,0.1442201381921768,0.3287843865500253,0.2144475318449638,0.0786993041634559,0.5634338874747673,0.3771631347852646,0.074346440732479,0.7644238300452576,0.2748952762351607,0.0894676357507705,0.8530458132578442,0.0,0.0,0.0,18237543.912811216,802.4122008743485,0.1665155828456812,15248716.495721344,690.3421149535694,0.4626067528599462,19935511.24399648,153.4296111601558,0.9772972982096012,0.0,0.0,0.0,0.00561,20915.55,-0.561
1052,Steel,6,3,2794.19,3611.72,21137.52,0.8636248707771301,0.0941925270557403,0.495,0.00495,0.0087587333787784,0.1968656615112798,0.1200729548931121,0.1114445051076302,0.2546922130912345,0.1051127952337265,0.2977005592134928,0.2551672144581706,0.1055193489789962,0.4773041821746606,0.3030354741275701,0.0756215780973434,0.6419045310263919,0.2122605812768511,0.0206964914873242,0.7178988888024569,0.4015173396596714,0.0350053969770669,0.7668197945448241,7552758.236411627,532.6156033794845,0.1273677338221727,7491060.49784353,619.1431307651995,0.4113601654468154,7080713.159498615,685.015127500372,0.7772623828357923,0.0,0.0,0.0,0.00769,21195.24,0.769
1590,Steel,3,3,5583.85,10875.7,21238.85,0.9253596246242524,0.0871545781493187,0.976,0.00976,0.0059595276456625,0.2966438508355457,0.0767635905742645,0.2128098320306732,0.5166964044313704,0.0988222074508667,0.421993429086699,0.3015510950943479,0.1170033532381057,0.7165889501930116,0.0,0.0,0.0,0.0,0.0,0.0,0.0,0.0,0.0,44074269.45219676,164.74095028040418,0.1182979650356673,44585823.735059485,720.6993469439087,0.380433373925348,42098048.63032074,295.030431171439,0.8130958152832874,0.0,0.0,0.0,0.00016,21030.21,-0.016
2696,Steel,4,2,3731.09,6619.05,20486.48,1.096229961514473,0.1047238705158233,-2.601,0.02601,0.0206770565942344,0.2457175475231482,0.0663463133573532,0.2381697338699542,0.2637790190900094,0.0984966653585434,0.5209130697623992,0.3354570106171424,0.1076541978120804,0.7342827662098479,0.2532461945895347,0.0409856018424034,0.8763715058537495,0.0,0.0,0.0,0.0,0.0,0.0,19484453.84888362,95.79380919933809,0.1355671676369759,20443577.802255485,563.9817191894889,0.9153276729564584,0.0,0.0,0.0,0.0,0.0,0.0,0.00888,20846.81,-0.888
530,Steel,1,2,3590.04,4313.52,20990.76,1.091560858488083,0.0987346742153167,-0.203,0.00203,0.0089993611311391,0.2931609242936649,0.077836272418499,0.3959174326085423,0.0,0.0,0.0,0.0,0.0,0.0,0.0,0.0,0.0,0.0,0.0,0.0,0.0,0.0,0.0,8027275.788303925,464.5513059587956,0.1705380385646803,7550331.098960019,182.1571864160829,0.7672035971254679,0.0,0.0,0.0,0.0,0.0,0.0,0.00089,21014.82,-0.089
681,Steel,2,4,2651.55,4288.19,21094.51,1.054169550538063,0.0984634752273559,0.29,0.0029,0.0085949653700747,0.3172991750325979,0.0750339975953102,0.354953794598213,0.2808040300069891,0.0586650371551513,0.5656652256728707,0.0,0.0,0.0,0.0,0.0,0.0,0.0,0.0,0.0,0.0,0.0,0.0,3302360.569014652,741.0113505720819,0.1383686216280806,2828158.623762427,558.0620982393416,0.4756526596828361,2861432.709620716,217.7317110164888,0.7759859906001244,3179315.047551412,81.33114087389797,0.9095436930573032,0.00438,21125.55,0.438
