rank,material,n_disks,n_bearings,cs1_pred,cs2_pred,cs3_pred,cs1_relerr_pct,cs2_relerr_pct,L,joint_err,OD,ID,d0_OD,d0_W,d0_pos,d1_OD,d1_W,d1_pos,d2_OD,d2_W,d2_pos,d3_OD,d3_W,d3_pos,d4_OD,d4_W,d4_pos,d5_OD,d5_W,d5_pos,b0_K,b0_C,b0_pos,b1_K,b1_C,b1_pos,b2_K,b2_C,b2_pos,b3_K,b3_C,b3_pos,joint_err_truth,cs1_ross,cs1_relerr_truth_pct,cs2_ross,cs2_relerr_truth_pct
1114,Steel,1,2,3752.36,7171.49,18331.75,1.944,2.143,1.323997899889946,0.02894,0.0948202576637268,0.0101701207588146,0.3073272777104405,0.059461965560913,0.3810181119912262,0.0,0.0,0.0,0.0,0.0,0.0,0.0,0.0,0.0,0.0,0.0,0.0,0.0,0.0,0.0,23076316.657742344,447.46322022511686,0.1444657010337185,26393683.32028513,302.5238008872877,0.6756066442603305,0.0,0.0,0.0,0.0,0.0,0.0,0.03461,3783.43,2.788,7164.98,2.051
3002,Steel,2,3,3759.76,6675.34,17273.3,2.145,-4.923,1.362291094660759,0.0537,0.1268935286998748,0.0126100138670426,0.1446347528330389,0.0660942009091377,0.1741404962023579,0.2321094743279279,0.0658850699663162,0.6715756049501893,0.0,0.0,0.0,0.0,0.0,0.0,0.0,0.0,0.0,0.0,0.0,0.0,11152218.318194626,575.0902253863936,0.2031011797786772,11005602.785464654,541.7024433022982,1.134736648001765,18225033.19781374,618.916925898657,1.1611781165575712,0.0,0.0,0.0,0.04224,3719.66,1.056,6733.84,-4.09
322,Steel,5,2,3643.79,7092.3,32024.72,-1.005,1.016,0.8427945271134377,0.01429,0.0897850822210312,0.0252126682637489,0.1687480094253478,0.1182377290725708,0.1941537916885064,0.4833464251183473,0.0779662320017814,0.3006123475555218,0.305087608975949,0.0772126919031143,0.4294690565517657,0.3506651299976098,0.082003626525402,0.5802011077021735,0.311634524838851,0.0776711302995681,0.722159126205968,0.0,0.0,0.0,26006786.384393904,373.59375451192926,0.1639244157616297,27374483.697268203,339.563408484025,0.7585150735592995,0.0,0.0,0.0,0.0,0.0,0.0,0.0285,3625.16,-1.512,7190.63,2.416
3649,Steel,3,4,3844.96,6735.78,11236.92,4.46,-4.062,1.3949475795030597,0.06033,0.0883038010001182,0.0267439978555207,0.2645518674863208,0.0706467574834823,0.5738018255279262,0.3852254468588291,0.0921958804130554,0.7165971072364801,0.1543933264530591,0.1268977314233779,0.9483101752111928,0.0,0.0,0.0,0.0,0.0,0.0,0.0,0.0,0.0,7640707.754487012,264.0152805918941,0.2101844728771834,10763789.787817515,267.0964607172826,0.6899355621714927,9689514.518305996,312.0062805216498,0.9625658492274076,9589262.777553298,563.529535813333,1.255452820157806,0.05429,3821.39,3.82,6750.09,-3.859
4058,Steel,1,4,3905.42,6862.94,27730.17,6.103,-2.251,1.1863823652267458,0.06505,0.0690855287313461,0.0174713926806167,0.6753862309072287,0.1060240077972412,0.8722597425555868,0.0,0.0,0.0,0.0,0.0,0.0,0.0,0.0,0.0,0.0,0.0,0.0,0.0,0.0,0.0,19542706.77884219,238.8560894760596,0.4259638684909193,20011732.18945365,900.1050021441424,0.6994046789364936,19552577.239696823,219.4849313731181,0.7944711955714209,19100964.89557937,1099.9999999999995,0.9347168388155186,0.03127,3736.3,1.508,6828.67,-2.739
960,Steel,2,2,3776.69,7060.95,18264.76,2.605,0.569,1.1496562525629996,0.02667,0.0815715413093567,0.01671837738588,0.4199078300824828,0.1019202542304992,0.2729126766497432,0.1686618538540596,0.1091857248544693,0.624464506443994,0.0,0.0,0.0,0.0,0.0,0.0,0.0,0.0,0.0,0.0,0.0,0.0,19094448.67259694,423.9121973353174,0.2300234653490394,21354616.81049328,590.8969425141868,0.8000557778016198,0.0,0.0,0.0,0.0,0.0,0.0,0.03844,3822.17,3.841,7009.17,-0.168
3024,Steel,3,3,3527.63,7261.92,14703.28,-4.161,3.431,1.3567395120859147,0.05394,0.1106573407649994,0.0048212964989325,0.5140068636866021,0.0589374819397926,0.5209987495267238,0.2299735268870912,0.11430100440979,0.7558581806726465,0.1230163960647805,0.1111639356613159,1.1083054587490135,0.0,0.0,0.0,0.0,0.0,0.0,0.0,0.0,0.0,15460415.761910662,669.9549174377585,0.2374679552435094,17124616.262663208,467.8326255900722,0.987424237485937,17000588.825505976,533.6927231704173,1.2043428521444703,0.0,0.0,0.0,0.04513,3583.01,-2.657,7277.17,3.649
5483,Steel,4,4,3843.93,7496.9,10763.63,4.432,6.778,1.6242237716913224,0.08099,0.0845467106699943,0.0366445208527939,0.2420806404374202,0.0868913567066192,0.431936882140651,0.3306603300819174,0.079307472705841,0.8059496115060296,0.4114814851187596,0.1442072522640228,1.0816670824989272,0.3042280304035422,0.1186390602588653,1.360215705325395,0.0,0.0,0.0,0.0,0.0,0.0,26203075.05815008,814.2792591421737,0.1911245591863604,21430721.668326896,929.1677437403896,0.50144981690051,22318157.80811308,631.124661711646,0.8953993352822063,25942301.04645237,971.1747474530032,1.4065036990088118,0.05837,3834.08,4.164,7308.19,4.09
980,Steel,2,4,3741.44,6871.13,12032.8,1.648,-2.135,1.4591379046440125,0.02696,0.08677626901865,0.0375384674456807,0.2093089762350151,0.0515864551067352,0.3308948272405831,0.415051696795882,0.0875506621599197,0.9167507270043096,0.0,0.0,0.0,0.0,0.0,0.0,0.0,0.0,0.0,0.0,0.0,0.0,9182032.726546282,634.7975231903399,0.166873257762497,8324597.929002858,297.3419422595198,0.450216860498415,8165988.59721633,241.18467287391329,0.7081703554801586,9137504.877409058,591.1082891312052,1.2038652654028827,0.02085,3700.27,0.529,6879.39,-2.017
2783,Steel,6,2,3828.33,7241.72,17238.29,4.008,3.144,1.2206364214420318,0.05094,0.1136578382253647,0.0161700959730754,0.2804473344616776,0.0907097524404525,0.2682284809088465,0.2696715790962327,0.0647696313261985,0.4578079119087689,0.3966845423933495,0.0543152499198913,0.6414933930924555,0.2842547087728399,0.1189039540290832,0.7847548949790251,0.2723252128112877,0.0838749492168426,0.9408174697103816,0.223343975245932,0.0630153939127922,1.0451790054986194,37092996.97967801,946.264468168992,0.1769735662677936,33026341.02892177,197.33963773672448,1.098572778077192,0.0,0.0,0.0,0.0,0.0,0.0,0.05991,3857.77,4.808,7271.98,3.575
1346,Steel,1,4,3600.15,7188.47,28139.24,-2.191,2.385,0.8733872801065445,0.03239,0.1007102236747741,0.014758340497288,0.3787741910336639,0.1200329566001892,0.3835457136210207,0.0,0.0,0.0,0.0,0.0,0.0,0.0,0.0,0.0,0.0,0.0,0.0,0.0,0.0,0.0,7280374.50594015,247.77804742827803,0.1690970924950499,8748824.074681947,772.0976383330062,0.5282465516589256,6988449.364863966,1099.9999999999995,0.5891090521704706,7367565.207409644,761.6942264032411,0.7034383271332625,0.05752,3552.52,-3.485,7342.25,4.576
2119,Steel,4,4,3699.05,7318.77,14350.49,0.496,4.241,1.2750397473573685,0.0427,0.0388634286224842,0.0310907428979873,0.2375795281181633,0.02,0.2028960525701651,0.2006424105142363,0.0664803680777549,0.4645972929359024,0.2836386774682339,0.0766952207684517,0.550893161174467,0.303938334137515,0.0698548889160156,0.8184546750907096,0.0,0.0,0.0,0.0,0.0,0.0,18825358.373324454,347.6067646849759,0.1275039760107766,18003252.09471516,758.988812342539,0.3597469837867202,19547074.88164516,193.41257908560632,0.5924306117879385,18242040.04406561,579.6099794085826,1.0954857317756317,0.02206,3656.97,-0.647,6872.97,-2.108
2545,Steel,1,4,3796.81,6769.39,24063.04,3.152,-3.584,1.1515151053667068,0.04773,0.1121525069475174,0.0162553378544038,0.2567150910192297,0.1150704950094223,0.3344968719786523,0.0,0.0,0.0,0.0,0.0,0.0,0.0,0.0,0.0,0.0,0.0,0.0,0.0,0.0,0.0,9811606.973888578,384.796094384016,0.1916202618271813,10964450.409643283,248.42657179866228,0.7350137454246244,9437804.613393633,240.8084013941112,0.7607056136737373,9806982.743710885,169.54606115813243,0.9406892673044084,0.04957,3816.14,3.677,6787.62,-3.324
3570,Steel,3,3,3841.63,6737.21,22058.77,4.369,-4.042,1.041268290579319,0.05952,0.0795785436034202,0.0363493345306113,0.2874574245997975,0.0891415667533874,0.3082569999825403,0.1765990188220325,0.1017538684606552,0.4440301626750918,0.1724287950323906,0.0722368678450584,0.7846198272308018,0.0,0.0,0.0,0.0,0.0,0.0,0.0,0.0,0.0,8783513.556870153,541.3155612708053,0.142010610653667,5639200.858510219,234.46297413538736,0.6893229242743348,6338390.58451301,462.8195483218755,0.9237450779227712,0.0,0.0,0.0,0.0454,3797.15,3.161,6792.2,-3.259
3559,Steel,6,2,3473.24,7152.52,14056.06,-5.639,1.873,1.5291378408670426,0.05942,0.0983063013553619,0.0409433140545469,0.3529802034837858,0.0839758437871933,0.2361365141214431,0.1617038862943361,0.0885821253061294,0.3280265175190934,0.4034649495765812,0.1019516283273697,0.4484738530685739,0.3079362933493601,0.0605548518896102,0.7507837497801104,0.4009335649251442,0.1239162081480026,1.0374585882261995,0.270770690316359,0.0961003476381301,1.1765884638596231,64883579.93870287,418.8032539609333,0.2159778429426698,69488937.14876951,567.678783919287,1.2917025146147525,0.0,0.0,0.0,0.0,0.0,0.0,0.03568,3550.05,-3.552,6997.76,-0.331
2730,Steel,3,2,3738.65,6685.82,36992.28,1.572,-4.774,0.9667659223079682,0.05026,0.0672147322297096,0.0230702723237842,0.5503223523681813,0.1013240611553192,0.196161217830409,0.3120776852241152,0.0667425808310508,0.752228248684077,0.296043898907611,0.02,0.8700793300771715,0.0,0.0,0.0,0.0,0.0,0.0,0.0,0.0,0.0,33520905.683884464,641.7352599306313,0.1091540868298886,22799404.176730603,694.5079079622881,0.8600783300771715,0.0,0.0,0.0,0.0,0.0,0.0,0.023,3743.28,1.698,6912.06,-1.552
1968,Steel,5,2,3824.48,6931.88,9338.68,3.904,-1.269,0.9860441803932192,0.04105,0.0701342855691909,0.0561074284553527,0.3401062525376634,0.15,0.1446181992780142,0.200723103970894,0.1087206614017486,0.3446251527129343,0.3680897629676403,0.0701186320185661,0.5131667415335754,0.3198270806522631,0.0935665309429168,0.7319018786192263,0.2882784153372589,0.1117266702651977,0.8874297623538971,0.0,0.0,0.0,56601815.75479933,775.0136595652561,0.114789829244723,59695575.77255372,133.54763405310342,0.8550670977824812,0.0,0.0,0.0,0.0,0.0,0.0,0.03763,3707.65,0.73,7280.22,3.692
2112,Steel,3,2,3703.2,6724.46,15888.4,0.609,-4.224,0.9084327891469002,0.04267,0.0703610789179802,0.0094204601867304,0.3222077164884424,0.0576238960027694,0.1238235757698285,0.2982806231175305,0.0789088496565818,0.4295163235220471,0.2518039506492004,0.0447862455248832,0.7015284711900621,0.0,0.0,0.0,0.0,0.0,0.0,0.0,0.0,0.0,13363565.01837555,321.19228584748527,0.0912390103457104,9949866.781987645,533.0454183569493,0.8175895093237774,0.0,0.0,0.0,0.0,0.0,0.0,0.04899,3703.89,0.627,6679.89,-4.858
878,Steel,4,3,3718.22,6858.59,21478.81,1.017,-2.313,1.0713777914643288,0.02527,0.1136712449789047,0.0304695772845547,0.2309418929460076,0.0355686642974615,0.2263158134066736,0.2762263729322795,0.0922419613599777,0.4797430832455877,0.2038670091713886,0.0677358317375183,0.6168259784083858,0.2466119870501768,0.0913702976703643,0.925483038109398,0.0,0.0,0.0,0.0,0.0,0.0,13210131.35431324,157.34754169236788,0.1103992425034673,13196828.746990662,926.1183610666852,0.1685291024687694,14421889.198084936,313.19246745499686,0.8906994360955005,0.0,0.0,0.0,0.02834,3749.99,1.88,6872.07,-2.121
4629,Steel,4,4,3810.59,7453.33,10694.85,3.526,6.158,1.5246479243040083,0.07096,0.0612632847428321,0.0096446270491496,0.1695330809758015,0.0593025109171867,0.411426225017653,0.2645233386459227,0.1241448616981506,0.8619939510860152,0.320354205549727,0.0897147619724273,0.9943995250046328,0.3484732767071224,0.0981961977481842,1.245817734794597,0.0,0.0,0.0,0.0,0.0,0.0,16371783.749420376,845.6755605558793,0.1804842908161597,16258345.189147912,757.1492381134487,0.639202960616394,18224223.878161144,256.44873901794915,0.8220761134899512,15262012.54485758,995.5284461157004,1.3383720349016202,0.05026,3760.88,2.176,7339.12,4.531
385,Steel,3,4,3728.81,7082.92,17444.27,1.304,0.882,0.6790622897446156,0.01575,0.0412247586846351,0.0266383551733731,0.2915832921609445,0.0785344487428665,0.2268264501649067,0.2833584963103689,0.0658594337105751,0.3977437400061617,0.2420609097583986,0.0753344109654426,0.5454129968566125,0.0,0.0,0.0,0.0,0.0,0.0,0.0,0.0,0.0,6835494.474835979,415.7098437410742,0.0773409520919144,6522713.2355447775,743.8468123852529,0.163865968499266,7397049.309054641,780.1250146214061,0.2096852583972091,6668138.885472735,643.1023996488464,0.56254558973112,0.04524,3650.73,-0.817,7333.39,4.449
1077,Steel,3,3,3703.32,6825.13,30073.9,0.612,-2.79,1.1483687564730645,0.02856,0.1264035474061966,0.0398315928406939,0.3109057510903589,0.1420427727699279,0.2565882218366581,0.1520166634252659,0.0727827453613281,0.7800184658907151,0.198388295588117,0.1095849096775055,0.9053311264183416,0.0,0.0,0.0,0.0,0.0,0.0,0.0,0.0,0.0,15557616.010810774,493.8920174041788,0.1635469194633821,18480927.1791954,261.43608689599535,0.8257655383581969,20362834.125348587,194.0880936926412,1.0254568111261082,0.0,0.0,0.0,0.01361,3676.25,-0.124,6925.82,-1.356
5933,Steel,3,4,3783.2,6448.73,26990.68,2.782,-8.151,1.166621020436287,0.08612,0.1052559171915054,0.0149393741147352,0.4268359875509454,0.0788417738676071,0.1578669574230952,0.4517946291345853,0.0783760014176368,0.2831671678396443,0.2534462711375063,0.0405021877586841,0.7917992428317391,0.0,0.0,0.0,0.0,0.0,0.0,0.0,0.0,0.0,15865031.63660122,811.8964371700001,0.1234881602779569,16421493.885832118,303.96648283318393,0.4190424628429287,12643838.037913775,181.04953246278865,0.489590320006589,16674034.179582246,329.3539585616769,0.9794603538238016,0.04869,3743.64,1.707,6700.88,-4.559
2848,Steel,4,4,3764.94,6695.24,10038.01,2.286,-4.64,1.3733705520629884,0.05172,0.0510257472395896,0.0379830568842998,0.2450539051947721,0.0895837020874023,0.3168047471720963,0.206487678940933,0.0638603094220161,0.5777392717362851,0.1461687376683873,0.071795057952404,0.7526284631919571,0.1326194795216701,0.0566690045595169,1.0184890444661434,0.0,0.0,0.0,0.0,0.0,0.0,5267753.511442975,552.6230689888705,0.1498399302889138,4965833.559682348,210.8122699130884,0.2516332556597005,4544900.405831612,649.9068708428825,0.7423781754839732,4563045.689667827,320.2413387539144,1.1763104305113763,0.04012,3773.29,2.513,6801.45,-3.127
812,Steel,3,4,3591.7,7035.75,20472.65,-2.421,0.21,0.6828330345451832,0.0243,0.056455854833126,0.0080348924485885,0.3169564336929485,0.0539459359645843,0.2169991660223123,0.3027402061446627,0.1220792931318283,0.3798647005349116,0.3419320393213246,0.0274222786352038,0.5942397622088802,0.0,0.0,0.0,0.0,0.0,0.0,0.0,0.0,0.0,5352817.169043123,294.3918544905341,0.1269109962813681,5592917.715007147,430.60497351584206,0.4502501929902763,6260903.911525208,427.0781974802897,0.5002324456022984,5712946.044349962,464.8653447192053,0.6145497304078319,0.05658,3502.78,-4.836,6814.83,-2.937
936,Steel,3,3,3661.03,6840.78,26625.13,-0.537,-2.567,0.7820599094033241,0.02623,0.0700609885454177,0.0138562479531922,0.264828538252689,0.1293587732315063,0.3034706907136208,0.179839948559264,0.0515311320126056,0.5102068819208218,0.1293952413795097,0.0460563889145851,0.6212589569221041,0.0,0.0,0.0,0.0,0.0,0.0,0.0,0.0,0.0,4501517.089133703,322.9796294970385,0.117002295432502,5148680.852998534,153.57853008325228,0.3825591095794349,5517611.417380004,944.9097126461422,0.6999732931316724,0.0,0.0,0.0,0.01265,3644.69,-0.981,6964.95,-0.798
1692,Steel,3,4,3574.91,7192.12,20347.06,-2.877,2.437,0.8285326629877091,0.0377,0.0610773041248321,0.0242944580554481,0.3462043113674519,0.0868647789955139,0.1440555952259404,0.258164243553375,0.0916372990608215,0.310797125260933,0.2290346565762988,0.1066698306798935,0.6266105901225432,0.0,0.0,0.0,0.0,0.0,0.0,0.0,0.0,0.0,8330121.32076733,341.2838192364204,0.0981370511954401,10751910.041975014,279.06651322693403,0.4200150013975795,9022553.326676317,529.1321725732645,0.5934760136188366,8651437.821318666,461.540905516348,0.7365998955848118,0.02452,3601.29,-2.16,7102.49,1.161
