rank,material,n_disks,n_bearings,L,OD,ID,d0_OD,d0_W,d0_pos,d1_OD,d1_W,d1_pos,d2_OD,d2_W,d2_pos,d3_OD,d3_W,d3_pos,d4_OD,d4_W,d4_pos,d5_OD,d5_W,d5_pos,b0_K,b0_C,b0_pos,b1_K,b1_C,b1_pos,b2_K,b2_C,b2_pos,b3_K,b3_C,b3_pos,cs1_pred,cs1_lo,cs1_hi,cs1_dev_pct,cs2_pred,cs2_lo,cs2_hi,cs2_dev_pct,cs3_pred,joint_err,joint_err_truth,cs1_ross,cs1_relerr_truth_pct,cs2_ross,cs2_relerr_truth_pct
0,Steel,5,3,1.0772080779075623,0.0364282365739345,0.0160453480357047,0.3438243827230185,0.1338121128082275,0.154066370388944,0.1694212254493621,0.1142653685808181,0.355865533682203,0.2054670628246208,0.0992907035350799,0.5031556249703381,0.2598837006771793,0.1490230327844619,0.7268012292768223,0.2057323008678762,0.0700678515434265,0.8593886136871222,0.0,0.0,0.0,37944884.8133226,567.1347035961675,0.1139521953507153,43654306.90581854,410.1393427777077,0.687762499810813,47310889.62192316,721.0078066443407,0.9234881006951432,0.0,0.0,0.0,3680.83,3680.8,3680.8,0.001,6227.92,6000.0,1000000000000.0,0.0,8749.13,1e-05,0.04854,3859.45,4.854,6739.88,0.0
1,Steel,1,2,1.429768857359886,0.0393143661320209,0.0192716856860309,0.215408950708714,0.04663498878479,0.6345961537542847,0.0,0.0,0.0,0.0,0.0,0.0,0.0,0.0,0.0,0.0,0.0,0.0,0.0,0.0,0.0,21493396.80637529,135.7516059856768,0.4264942255041808,19441570.49727256,258.1332287041,1.224640243197054,0.0,0.0,0.0,0.0,0.0,0.0,3680.88,3680.8,3680.8,0.002,7725.25,6000.0,1000000000000.0,0.0,16174.46,2e-05,0.01424,3628.4,-1.424,7726.75,0.0
2,Steel,2,4,1.077792721986771,0.0690854525566101,0.0296443384139734,0.3692503844631628,0.0316459394246339,0.6293606937718291,0.3603249257988066,0.123269098997116,0.9001945164174118,0.0,0.0,0.0,0.0,0.0,0.0,0.0,0.0,0.0,0.0,0.0,0.0,11040482.849778036,342.9082048796826,0.1908396673363329,10079791.75453072,591.9454095090967,0.4803247776433311,11849140.795621814,747.2313464387028,0.610140341244541,10313912.57934307,318.6716850715733,0.9469136560044888,3680.71,3680.8,3680.8,-0.002,10303.06,6000.0,1000000000000.0,0.0,14847.85,2e-05,0.03304,3559.2,-3.304,10430.51,0.0
3,Steel,2,2,1.5459018647670746,0.0418799820244312,0.0128796973475972,0.2543154645384577,0.0692836463451385,0.205315301813578,0.1790097952038986,0.052463072091341,0.9866505879621816,0.0,0.0,0.0,0.0,0.0,0.0,0.0,0.0,0.0,0.0,0.0,0.0,50627898.244734965,536.6344545755851,0.1766255543096662,43431588.56988029,353.24406197959564,1.1845041460879324,0.0,0.0,0.0,0.0,0.0,0.0,3680.89,3680.8,3680.8,0.003,9226.24,6000.0,1000000000000.0,0.0,10820.31,3e-05,0.01667,3619.44,-1.667,9688.95,0.0
4,Steel,4,2,0.7122058860957623,0.0404158358871936,0.0076288323323432,0.3227521539020978,0.0670609864592552,0.1949822163943492,0.4349932103246891,0.1042906993627548,0.3360454010942972,0.1910849506688798,0.0700314602255821,0.4959250072091347,0.1893228893191891,0.15,0.6178986183664807,0.0,0.0,0.0,0.0,0.0,0.0,61697313.993917935,533.2827061127745,0.165339655509497,66499654.17162794,575.8111859410324,0.5747213583529895,0.0,0.0,0.0,0.0,0.0,0.0,3680.91,3680.8,3680.8,0.003,10153.08,6000.0,1000000000000.0,0.0,15632.03,3e-05,0.03142,3565.15,-3.142,9694.77,0.0
5,Steel,5,3,0.9316165402531624,0.0773783040642738,0.0267024190304172,0.5281409429109287,0.110183373093605,0.1635140637645181,0.1873890117865701,0.1184130334854126,0.3180039038312476,0.3818064623267311,0.0752225598692894,0.4317468387733542,0.4078500661501078,0.0916475194692611,0.5889502421540896,0.1961413733205928,0.0786792507767677,0.7493565965740856,0.0,0.0,0.0,24829321.36303516,586.5074762204778,0.0994988799754672,30504596.944326594,938.2532748933436,0.4548683763066387,25625196.05796,225.58823819593476,0.7993075871804106,0.0,0.0,0.0,3680.93,3680.8,3680.8,0.004,6199.28,6000.0,1000000000000.0,0.0,20158.5,4e-05,0.01391,3732.01,1.391,6399.16,0.0
6,Steel,5,3,1.6079176932573318,0.0495861822664737,0.0079846552856117,0.4674240074896502,0.0685244497656822,0.2925977920161927,0.3226452632778095,0.1049610775709152,0.5038608086151628,0.2966403331068011,0.0616445380449295,0.7580358790180521,0.1516618485384362,0.0842882519960403,0.9428939131796306,0.2831262591726929,0.1045286899805069,1.1648670374339556,0.0,0.0,0.0,116817639.8116535,884.591584659807,0.273634334909122,119443394.32960504,427.0770583419028,1.0330045856095862,115248049.31102297,333.1647896799674,1.3966890205056566,0.0,0.0,0.0,3680.97,3680.8,3680.8,0.005,9107.19,6000.0,1000000000000.0,0.0,10332.68,5e-05,0.02968,3790.05,2.968,9999.48,0.0
7,Steel,2,2,0.8989549830555916,0.0490117020308971,0.006444574459988,0.3175677509187782,0.1079036408662796,0.3650915053551405,0.4343757665072094,0.1415258711576461,0.6642324960268589,0.0,0.0,0.0,0.0,0.0,0.0,0.0,0.0,0.0,0.0,0.0,0.0,81553022.2657152,415.762119840896,0.1915775616330979,72916198.19030462,120.8983200053014,0.7633317756868171,0.0,0.0,0.0,0.0,0.0,0.0,3680.49,3680.8,3680.8,-0.008,8875.8,6000.0,1000000000000.0,0.0,25933.88,8e-05,0.02324,3766.33,2.324,8485.4,0.0
8,Steel,2,4,0.5540788494050504,0.0912194186449051,0.06,0.3521295787514342,0.0420764948427677,0.0810352608514243,0.2137197679020973,0.0820016932487487,0.3745352253618403,0.0,0.0,0.0,0.0,0.0,0.0,0.0,0.0,0.0,0.0,0.0,0.0,4057692.134125393,567.8751181444519,0.0698949977793524,5986341.322023699,143.40287934111288,0.3059846734490754,4081707.5812487807,511.047604113013,0.351938309652814,3818846.825860828,473.9599198967143,0.4767736304193453,3681.15,3680.8,3680.8,0.009,6364.35,6000.0,1000000000000.0,0.0,101422.3,9e-05,0.01088,3640.74,-1.088,6414.74,0.0
9,Steel,4,3,1.5572274416685106,0.0609506213068962,0.0487604970455169,0.3815221870351881,0.1074013453722,0.432380647650079,0.3435363781030735,0.0384352050721645,0.6964576997020093,0.2886932416330391,0.0751710665225982,0.8125666587157923,0.3882474052182205,0.1168903475999832,1.0024893479123882,0.0,0.0,0.0,0.0,0.0,0.0,176611020.84567738,128.38968112494578,0.1941018978137935,138974312.8206126,659.9836939586061,0.8996731446189422,157860756.209567,594.9463367296737,1.3148082407509822,0.0,0.0,0.0,3680.4,3680.8,3680.8,-0.011,6502.84,6000.0,1000000000000.0,0.0,16109.66,0.00011,0.02058,3756.54,2.058,7815.49,0.0
10,Steel,1,3,1.1736578658223151,0.1280748126506805,0.0135484096057264,0.2896353400438832,0.08096897482872,0.7851296903787983,0.0,0.0,0.0,0.0,0.0,0.0,0.0,0.0,0.0,0.0,0.0,0.0,0.0,0.0,0.0,14003423.562643256,745.8659120268281,0.3940126073501787,14960759.035272678,460.7381607177505,0.909204474370721,12592620.977964353,658.6887083233372,1.0562920780664258,0.0,0.0,0.0,3680.69,3680.8,3680.8,-0.003,5999.2,6000.0,1000000000000.0,-0.013,25201.06,0.00014,0.00788,3687.23,0.175,5953.89,-0.768
11,Steel,3,2,1.1265070155262946,0.0926205174922943,0.0132147890805209,0.2385981777957971,0.0556434071063995,0.2395688455855884,0.2482688417490942,0.076436068713665,0.4891256326467299,0.2945481672138068,0.1034310150146484,0.868289378802056,0.0,0.0,0.0,0.0,0.0,0.0,0.0,0.0,0.0,17946531.28368868,564.1928980819017,0.1497150078309777,12855613.473773364,478.0515936693149,0.9398085090367272,0.0,0.0,0.0,0.0,0.0,0.0,3681.31,3680.8,3680.8,0.014,6085.7,6000.0,1000000000000.0,0.0,18391.65,0.00014,0.00224,3689.06,0.224,6217.62,0.0
12,Steel,6,2,1.25959310233593,0.1011816437244415,0.0159974871274595,0.6668216292641225,0.1161589103937149,0.2330036128802432,0.2268842388453844,0.0553897488117218,0.4156710205794419,0.2114624030716123,0.1008320713043213,0.5476667255769938,0.2956164220000376,0.1020177471637725,0.7098474651304115,0.4259132050601633,0.116618503332138,0.8750726780750921,0.2168822640639539,0.0908798497915268,1.0480423070741147,71351713.09066664,309.6477803125843,0.1542683263833468,92290118.84415203,1076.4212769525134,1.06799296799892,0.0,0.0,0.0,0.0,0.0,0.0,3681.36,3680.8,3680.8,0.015,6813.44,6000.0,1000000000000.0,0.0,19914.06,0.00015,0.01733,3744.59,1.733,6965.61,0.0
13,Steel,3,2,1.002044539153576,0.0573208655118942,0.0401001331385322,0.2413833775444902,0.1033375126123428,0.3495551269816277,0.275354115754399,0.0624644216895103,0.5384743507938464,0.2753921884019626,0.077712213397026,0.8505248895977637,0.0,0.0,0.0,0.0,0.0,0.0,0.0,0.0,0.0,15816130.814771071,346.51363552419895,0.2284232915949305,13871126.52093296,340.63273007980206,0.9018400842361738,0.0,0.0,0.0,0.0,0.0,0.0,3680.2,3680.8,3680.8,-0.016,6964.74,6000.0,1000000000000.0,0.0,14451.55,0.00016,0.01042,3719.14,1.042,7053.07,0.0
14,Steel,2,2,0.7188122704625131,0.0907881680727005,0.0230589320811159,0.3561230691176921,0.0983974134922027,0.0718912270462513,0.2173364207619701,0.1185777378082275,0.2006153451697289,0.0,0.0,0.0,0.0,0.0,0.0,0.0,0.0,0.0,0.0,0.0,0.0,16536746.47207024,373.635609082391,0.0928055975656675,16456656.903666437,452.11602708585417,0.4846678231437367,0.0,0.0,0.0,0.0,0.0,0.0,3680.18,3680.8,3680.8,-0.017,7934.26,6000.0,1000000000000.0,0.0,42944.68,0.00017,0.00496,3662.53,-0.496,7835.28,0.0
15,Steel,3,4,0.6370663031935693,0.0840738940834999,0.0027925897585596,0.2290168207853665,0.112524311542511,0.1175191666484711,0.40559204743582,0.147146406173706,0.3409601574945374,0.2917595476256486,0.1002091455459594,0.5263523356974444,0.0,0.0,0.0,0.0,0.0,0.0,0.0,0.0,0.0,13905389.2922981,458.0875712078958,0.095875284379872,9750443.088899938,586.2007138288587,0.3084118082139255,8041193.1632000785,436.9324143397554,0.457675959118336,8541445.760611119,264.6110043881813,0.5582710413506402,3681.47,3680.8,3680.8,0.018,6265.3,6000.0,1000000000000.0,0.0,24525.27,0.00018,0.01124,3639.42,-1.124,6465.65,0.0
16,Steel,2,4,1.209803083539009,0.0727096983790397,0.038853878388371,0.2247886164324341,0.1199607861042022,0.3768283745103347,0.3565602504013809,0.1225290608406066,0.9728460810071268,0.0,0.0,0.0,0.0,0.0,0.0,0.0,0.0,0.0,0.0,0.0,0.0,10211394.36517294,252.6637205108261,0.1722541516442105,10655000.347953731,429.2697293025107,0.5235147340088683,9132579.791141586,232.12497806692215,0.7491735741165138,8097790.839978261,345.8629802010958,1.088822773975305,3680.12,3680.8,3680.8,-0.019,6345.74,6000.0,1000000000000.0,0.0,19187.0,0.00019,0.00329,3668.7,-0.329,6325.85,0.0
17,Steel,1,4,1.390556573867798,0.1573250141143798,0.0141987194052121,0.2494854336120787,0.1342749911546707,0.436101755759833,0.0,0.0,0.0,0.0,0.0,0.0,0.0,0.0,0.0,0.0,0.0,0.0,0.0,0.0,0.0,22218756.941316463,314.4985457240268,0.3148228529530998,24978031.53729183,445.690708199826,1.0241190168229375,19504783.03041753,409.9913724345507,0.9833082436386672,24615641.456523217,499.7192735761871,1.1135755679926993,3679.62,3680.8,3680.8,-0.032,7191.65,6000.0,1000000000000.0,0.0,22074.99,0.00032,0.01848,3748.83,1.848,7182.58,0.0
19,Steel,4,2,1.0632976397871972,0.1181031672954559,0.0239260052388762,0.4187331499295595,0.1309334444999695,0.1655147941859285,0.2512192137649782,0.0949491530656814,0.3107018538179041,0.2650457835900411,0.1119632816314697,0.4708017656975239,0.1767374738076906,0.067190798819065,0.7020303678969184,0.0,0.0,0.0,0.0,0.0,0.0,35262786.43853447,153.73731755451584,0.1798579471602701,38051886.12868683,348.10434680185244,0.9325783676288968,0.0,0.0,0.0,0.0,0.0,0.0,3682.12,3680.8,3680.8,0.036,8711.36,6000.0,1000000000000.0,0.0,23958.23,0.00036,0.00771,3709.19,0.771,8737.95,0.0
22,Steel,2,4,0.574475010484457,0.058759129166603,0.0363649614649214,0.3922783674429427,0.1065162765979766,0.1709831605226258,0.4368231148342774,0.1158303618431091,0.364600232498412,0.0,0.0,0.0,0.0,0.0,0.0,0.0,0.0,0.0,0.0,0.0,0.0,10410248.748867046,1024.7375872475752,0.0780421355585176,8642892.5102031,1099.9999999999995,0.2245775629457008,9411409.963037971,502.339640261759,0.3179932966585158,8152698.849459804,199.99267288989947,0.4723291960402945,3679.27,3680.8,3680.8,-0.041,8577.03,6000.0,1000000000000.0,0.0,68027.28,0.00041,0.02265,3597.43,-2.265,8618.05,0.0
23,Steel,2,2,1.3866229623556137,0.0460619348287582,0.0165179079208856,0.2494011635617688,0.1022644627094268,0.2071184103475118,0.3410215681403601,0.0807254245877266,0.7469743569709516,0.0,0.0,0.0,0.0,0.0,0.0,0.0,0.0,0.0,0.0,0.0,0.0,112689816.6431018,777.5461011199295,0.2372191674660909,135883028.26985103,210.95184601297413,0.9217060440033776,0.0,0.0,0.0,0.0,0.0,0.0,3682.42,3680.8,3680.8,0.044,8023.33,6000.0,1000000000000.0,0.0,10166.62,0.00044,0.01074,3641.29,-1.074,8501.36,0.0
24,Steel,6,2,1.3427883297204972,0.086042266190052,0.0473937985486979,0.3275146895955311,0.094033128619194,0.3168916308746723,0.294670039634577,0.0581751161813735,0.4463320878228026,0.2350263498285615,0.0776954028010368,0.6553252929724539,0.2076590145446626,0.0742891824245453,0.7963150101922708,0.3204980460164128,0.1065635818243026,1.001220097102801,0.3266318336486448,0.0562852549552917,1.0894457856763382,74576150.44335794,597.3627402411853,0.184278548425028,63912040.440724455,285.45205343889666,1.2085094954056592,0.0,0.0,0.0,0.0,0.0,0.0,3682.66,3680.8,3680.8,0.051,8882.63,6000.0,1000000000000.0,0.0,18826.93,0.00051,0.00721,3707.32,0.721,8753.73,0.0
25,Steel,2,3,1.3823294341564178,0.0276465914477872,0.007787050379608,0.1856020052973571,0.0984591156244278,0.3583630067643553,0.1517877695146991,0.0937130725383758,1.1132524715263297,0.0,0.0,0.0,0.0,0.0,0.0,0.0,0.0,0.0,0.0,0.0,0.0,31140184.652922604,908.0405937396266,0.2174118179420121,46425911.65940224,720.1558124318681,0.7997254952755536,45232019.2223221,357.0169982775013,1.164282335858787,0.0,0.0,0.0,3678.94,3680.8,3680.8,-0.051,7550.94,6000.0,1000000000000.0,0.0,15612.25,0.00051,0.01695,3618.39,-1.695,10457.08,0.0
26,Steel,1,2,1.853834629058838,0.0808088883161544,0.0249840975305689,0.2633588286919903,0.0512089625000953,1.2667542441621564,0.0,0.0,0.0,0.0,0.0,0.0,0.0,0.0,0.0,0.0,0.0,0.0,0.0,0.0,0.0,99351297.40149358,786.381420825462,0.7559916194108529,108514255.05499569,506.720625050162,1.6684511642991195,0.0,0.0,0.0,0.0,0.0,0.0,3683.0,3680.8,3680.8,0.06,8803.61,6000.0,1000000000000.0,0.0,23073.05,0.0006,0.00449,3664.29,-0.449,8770.53,0.0
28,Steel,3,3,1.426871109008789,0.1074064061641693,0.0204992096247992,0.3010369919772173,0.0719314178824424,0.3769718572162024,0.5016033187989092,0.0761344116926193,0.7125894542696831,0.2486408598544845,0.066623101234436,1.1957966787151688,0.0,0.0,0.0,0.0,0.0,0.0,0.0,0.0,0.0,15263471.219126124,460.1992433103728,0.2080713654166331,27156031.72271377,299.3076420205447,0.9672386990957051,16740621.013522116,427.0009056958533,1.2299699011376732,0.0,0.0,0.0,3678.34,3680.8,3680.8,-0.067,6596.49,6000.0,1000000000000.0,0.0,11668.92,0.00067,0.01501,3736.03,1.501,6367.65,0.0
29,Steel,2,4,1.3273989140987397,0.0421690714955329,0.0183598883521947,0.2945758180901523,0.1049018317461013,0.3352033952066355,0.3654128911775864,0.0694617518782615,0.8568413453805783,0.0,0.0,0.0,0.0,0.0,0.0,0.0,0.0,0.0,0.0,0.0,0.0,19962899.39490396,583.3112423390209,0.1724142142243052,22070266.743277963,134.5045049019116,0.8251000549371712,18148759.8988562,1099.9999999999995,0.9970839144670088,18148759.8988562,495.3697514907184,1.1525954418968287,3683.36,3680.8,3680.8,0.07,7099.84,6000.0,1000000000000.0,0.0,19777.76,0.0007,0.01329,3729.72,1.329,7307.44,0.0
30,Steel,6,3,1.4013851702213287,0.0608603119254112,0.0260247804506455,0.1608176711455279,0.0769723379611969,0.3557175091209751,0.2654487992294411,0.1034545165300369,0.612946732153396,0.4485672062401853,0.0463168466091156,0.7906629311953998,0.373180909835427,0.02,0.947290212961454,0.3735296757601566,0.0888286316394806,1.0230224255584777,0.3516673454702435,0.0407050655782222,1.237450324130905,72961535.24440776,829.053982208935,0.1642890107072878,74675760.37914161,106.4748205526833,0.4291002065542397,89935055.77682166,442.81096518946345,1.1927776382834945,0.0,0.0,0.0,3683.38,3680.8,3680.8,0.07,10729.43,6000.0,1000000000000.0,0.0,16264.01,0.0007,0.02769,3578.87,-2.769,10712.47,0.0
31,Steel,3,3,1.023600009083748,0.0652476170063018,0.046641310396306,0.3160343993402221,0.0519525088369846,0.259189181589829,0.2109850761546608,0.1193468099832534,0.4714564196997241,0.1557449010688664,0.1048093444108963,0.7199403814232276,0.0,0.0,0.0,0.0,0.0,0.0,0.0,0.0,0.0,5469911.246258873,328.23492171874653,0.1352753877300946,6431690.785555673,348.0808699590164,0.5605450862616974,5426694.581462993,393.7004392586942,0.886915433885207,0.0,0.0,0.0,3683.39,3680.8,3680.8,0.07,6630.67,6000.0,1000000000000.0,0.0,16181.56,0.0007,0.00465,3697.91,0.465,6752.15,0.0
32,Steel,2,4,1.2579539597034457,0.1148702945709228,0.0132829243731579,0.2149243367803098,0.0708796107769012,0.5456502727961419,0.3542604552938407,0.0999361544847488,0.9117701077430912,0.0,0.0,0.0,0.0,0.0,0.0,0.0,0.0,0.0,0.0,0.0,0.0,11863078.4909069,438.53781435536376,0.1402130172435108,10607753.044572651,865.346568291872,0.3358298867139918,9701137.4645115,295.88514940168994,0.6399421834590958,10466374.66270869,484.8743405951268,1.1086566617398173,3678.14,3680.8,3680.8,-0.072,6728.61,6000.0,1000000000000.0,0.0,20292.55,0.00072,0.01245,3634.97,-1.245,6776.38,0.0
33,Steel,1,3,0.7057877853512764,0.0424794179499149,0.0197432450206845,0.1893176581800502,0.101035441160202,0.2259796819593287,0.0,0.0,0.0,0.0,0.0,0.0,0.0,0.0,0.0,0.0,0.0,0.0,0.0,0.0,0.0,1715243.8614162183,1006.6423907374118,0.1156013126310566,1884542.2373855656,308.01260417463345,0.3036059082419392,2276434.128970978,927.9458329720997,0.5879630314834476,0.0,0.0,0.0,3683.53,3680.8,3680.8,0.074,9259.67,6000.0,1000000000000.0,0.0,27921.71,0.00074,0.00404,3665.91,-0.404,9494.01,0.0
34,Steel,3,3,1.268092495203018,0.0557622161507606,0.0210301702719488,0.1688186329184438,0.0694596752524376,0.2929134223546074,0.3302640830784051,0.0929162603616714,0.5770545582856044,0.551530949206727,0.1097440582513809,0.8825112328470758,0.0,0.0,0.0,0.0,0.0,0.0,0.0,0.0,0.0,29336716.397856988,797.7827645628469,0.1983009399787943,33641185.310236566,960.215632714196,0.8585093609338229,36748392.65080024,621.8097859466385,1.093198274975903,0.0,0.0,0.0,3677.97,3680.8,3680.8,-0.077,7429.98,6000.0,1000000000000.0,0.0,14200.85,0.00077,0.01788,3746.62,1.788,7035.79,0.0
35,Steel,1,3,1.1044526904821397,0.0777134221196174,0.0331720371372539,0.2510258240291959,0.0673013636469841,0.8328398172560991,0.0,0.0,0.0,0.0,0.0,0.0,0.0,0.0,0.0,0.0,0.0,0.0,0.0,0.0,0.0,8029407.878036406,613.3213024873858,0.5087560347657952,6191742.743509235,375.5214218522227,0.8027574320081157,6191742.743509235,451.54873811472527,0.9940074203294732,0.0,0.0,0.0,3683.75,3680.8,3680.8,0.08,6039.61,6000.0,1000000000000.0,0.0,21938.11,0.0008,0.01591,3664.59,-0.44,5908.25,-1.529
36,Steel,2,3,1.3919063717126847,0.0532743344604969,0.0169200453504445,0.4331725369234378,0.1273441672325134,0.3086832126844501,0.3786119291218089,0.0809890669584274,0.9935642216800418,0.0,0.0,0.0,0.0,0.0,0.0,0.0,0.0,0.0,0.0,0.0,0.0,30769318.68856311,181.3092487205491,0.1672151808075811,33112558.40849704,814.3631925099559,0.7919419990832572,36794539.29329339,848.3365824716188,1.1897715766774422,0.0,0.0,0.0,3677.82,3680.8,3680.8,-0.081,6672.69,6000.0,1000000000000.0,0.0,20918.61,0.00081,0.00049,3682.6,0.049,6399.78,0.0
37,Steel,5,2,0.8225501507520676,0.0483026316165924,0.0063550950054106,0.3557639304108297,0.0605130094289779,0.130537230440287,0.2705105261803046,0.1392881363630294,0.2814280552545961,0.2844815147531156,0.02,0.3908890972714246,0.2780599139801888,0.1056590175628662,0.5231912247338119,0.2329616996812087,0.0720684015750885,0.6898860876984756,0.0,0.0,0.0,71651687.25794257,787.6436322381492,0.1080717371382019,73269124.32230417,409.9669241869206,0.7034098796704087,0.0,0.0,0.0,0.0,0.0,0.0,3683.79,3680.8,3680.8,0.081,10319.38,6000.0,1000000000000.0,0.0,17006.46,0.00081,0.01524,3624.71,-1.524,10267.04,0.0
39,Steel,4,2,1.1160574674606325,0.0626524368524551,0.0114220264736247,0.4544841407875618,0.1373903638124466,0.1902720285881014,0.4298795107603,0.0521871443092823,0.3258112087791327,0.2993288089317243,0.0957384258508682,0.6176618252729923,0.4261795308638479,0.0587334534525871,0.8637852219093678,0.0,0.0,0.0,0.0,0.0,0.0,386204686.0947455,310.6634945317474,0.1264064128575612,451484218.4727836,771.1597079336892,0.9950364032417668,0.0,0.0,0.0,0.0,0.0,0.0,3684.02,3680.8,3680.8,0.087,10689.1,6000.0,1000000000000.0,0.0,21533.3,0.00087,0.01261,3634.39,-1.261,10018.82,0.0
40,Steel,1,2,1.3747242093086245,0.0440071446001529,0.0116338842963707,0.2179705860076942,0.062453236579895,0.8237493891267328,0.0,0.0,0.0,0.0,0.0,0.0,0.0,0.0,0.0,0.0,0.0,0.0,0.0,0.0,0.0,15365753.50776728,519.8284711194067,0.261361720079817,14928854.627902552,126.48021266099008,1.0829113590207975,0.0,0.0,0.0,0.0,0.0,0.0,3684.21,3680.8,3680.8,0.093,10218.69,6000.0,1000000000000.0,0.0,11741.06,0.00093,0.00571,3701.82,0.571,10269.77,0.0
41,Steel,1,4,1.3348904520273208,0.0614779620766639,0.0170694390148315,0.5347104022727612,0.0377264925837516,0.1562421361762513,0.0,0.0,0.0,0.0,0.0,0.0,0.0,0.0,0.0,0.0,0.0,0.0,0.0,0.0,0.0,12225333.48517777,728.7237555784726,0.2484174441758956,11348295.79837823,581.265439650578,0.4984880280413734,11407231.858277414,307.9139743436879,0.498410296018926,12438294.998342684,360.31988324269264,0.9884371503766944,3684.21,3680.8,3680.8,0.093,7243.39,6000.0,1000000000000.0,0.0,16971.8,0.00093,0.02196,3599.95,-2.196,7524.99,0.0
42,Steel,2,4,1.2934138029813766,0.1118347736597061,0.0299524333401029,0.4143740699194633,0.1035889083147049,0.4278467117224265,0.2373130184975641,0.061847268640995,0.6883516849140556,0.0,0.0,0.0,0.0,0.0,0.0,0.0,0.0,0.0,0.0,0.0,0.0,8989021.919426713,446.8363835699722,0.1977000896707131,14286673.790508533,956.9363613803448,0.5778828289797879,11792609.154263947,465.0945223684847,0.7629282367631617,9652318.54353848,618.6698225921161,1.1254443053732124,3684.37,3680.8,3680.8,0.097,6108.86,6000.0,1000000000000.0,0.0,18395.24,0.00097,0.00706,3680.53,-0.007,5957.62,-0.706
43,Steel,5,3,1.755292108654976,0.073020402431488,0.0161670827957438,0.173878037823952,0.0882796430587768,0.3401528207800726,0.2144179999445534,0.0712465071678161,0.6311842551193112,0.2475501407804467,0.1079167979955673,0.9394256533320569,0.4339889863620062,0.0878367483615875,1.3037453100096963,0.2868569310393728,0.0370519010722637,1.509167363101968,0.0,0.0,0.0,71376538.00114459,443.0374575468661,0.1802740159687717,87312707.42319666,379.6143778384732,0.5610291750386529,79902728.4616954,169.32400128683685,1.5797628960341863,0.0,0.0,0.0,3677.21,3680.8,3680.8,-0.098,11283.78,6000.0,1000000000000.0,0.0,15866.51,0.00098,0.01105,3640.12,-1.105,10726.42,0.0
44,Steel,6,4,1.6899272024631502,0.0496064489781856,0.0396851591825485,0.3265615266468838,0.0514447350800037,0.4216071684308601,0.165030998828445,0.083861269056797,0.6061183381755854,0.2698132367563801,0.0592976370453834,0.8470190347952327,0.2584180308850998,0.0713493195176124,1.14592139277634,0.2258671544562466,0.0645896002650261,1.3403721655899057,0.237368990768291,0.1198058450222015,1.481775041534172,32647719.55619346,80.99196571554496,0.1836639640890752,27294940.08247443,454.0977266178835,0.3636105608335784,25794189.07857651,588.5619729475632,0.8199646343581549,31166876.91133301,565.7062375936717,1.513752786510618,3684.48,3680.8,3680.8,0.1,6008.47,6000.0,1000000000000.0,0.0,8097.47,0.001,0.01852,3612.62,-1.852,6835.9,0.0
45,Steel,4,3,0.9448704391717913,0.0522589167654514,0.022586513393587,0.2477878697916033,0.0534718918800354,0.2556659089125472,0.3112029429121556,0.1242860025167465,0.5010440367579162,0.3125064580051019,0.0442594973742961,0.6810231009726913,0.2523574560300793,0.0605699074268341,0.7992308883112067,0.0,0.0,0.0,0.0,0.0,0.0,12756568.64434138,144.16049557261152,0.1218163631772814,10306271.80684993,577.355909283446,0.5308952105801668,11160721.56531041,1099.9999999999995,0.8503833943097416,0.0,0.0,0.0,3677.11,3680.8,3680.8,-0.1,7224.38,6000.0,1000000000000.0,0.0,12750.56,0.001,0.00363,3694.15,0.363,7316.05,0.0
46,Steel,2,4,1.5868486732244491,0.0512883384823799,0.0410306707859039,0.1936534498842153,0.0801129129528999,0.3788572964232102,0.4582771370860783,0.0425839257240295,1.081980514438484,0.0,0.0,0.0,0.0,0.0,0.0,0.0,0.0,0.0,0.0,0.0,0.0,22745695.866147604,250.49910358249903,0.1895883730062411,21561399.56648192,533.7990904054398,0.462209416073323,24832403.32071338,802.2472646839637,0.6891832038697675,27885564.239944845,1060.8229667419355,1.3530205757784972,3684.67,3680.8,3680.8,0.105,11950.62,6000.0,1000000000000.0,0.0,21426.49,0.00105,0.03091,3567.02,-3.091,11887.65,0.0
47,Steel,6,4,1.1868825435638428,0.0967406820058822,0.0113992233404178,0.2338931236469134,0.1003272032737732,0.1974241851839043,0.406936630002236,0.1050294357538223,0.4034880732733844,0.5328911610848689,0.1149965965747833,0.5231559922456865,0.2962580462880066,0.0622984001040458,0.726004860335191,0.1896550592816327,0.0668273118138313,0.827767943990101,0.2026305266163772,0.0878264737129211,1.043501234896789,20462441.912300546,326.3111744357906,0.1280371219901755,26106741.74360748,874.1780402582206,0.5885387599375057,27282995.48242867,890.490602060921,0.744901773871103,23531978.69865833,194.73036678960776,1.0656855305727413,3684.77,3680.8,3680.8,0.108,7872.39,6000.0,1000000000000.0,0.0,13400.86,0.00108,0.00883,3713.3,0.883,7850.51,0.0
48,Steel,3,4,0.8147825554013253,0.0867752787470817,0.0108652350416971,0.203022402422735,0.1388012140989303,0.1795394358415047,0.5990166007979459,0.0504743096232414,0.3837608159358252,0.4341215313437389,0.067678635418415,0.5870222428509444,0.0,0.0,0.0,0.0,0.0,0.0,0.0,0.0,0.0,12499126.755043698,499.2991125189346,0.1419763496553312,12604060.5104565,193.755394498786,0.5720692681367178,14237250.08428248,214.0603029668445,0.6271998312664999,11942090.2271504,420.47019641276216,0.7056219984760477,3676.81,3680.8,3680.8,-0.109,8951.48,6000.0,1000000000000.0,0.0,26725.12,0.00109,0.00993,3717.34,0.993,8883.73,0.0
49,Steel,3,4,0.8597748428583145,0.0445559856891632,0.0178798479340687,0.2753203710250215,0.0606220516562461,0.0859874842858314,0.360244800088039,0.1062569850683212,0.3136813011372752,0.2526914435345511,0.106511635184288,0.5476952232711836,0.0,0.0,0.0,0.0,0.0,0.0,0.0,0.0,0.0,17917031.808002938,901.9823546122924,0.1107767467353027,18129985.783206765,207.16146912467772,0.5598610711080849,14689935.871541137,641.0216370035489,0.6510310873608188,20736538.64386941,307.11483737674934,0.751838649021113,3676.7,3680.8,3680.8,-0.111,7826.25,6000.0,1000000000000.0,0.0,12902.48,0.00111,0.01059,3641.8,-1.059,8129.61,0.0
50,Steel,5,3,1.2922275334596631,0.0821912143230438,0.0194377421983833,0.1818994464091952,0.1266163951158523,0.2728525295717743,0.323641940301794,0.0850564330816269,0.4837686238578761,0.4356891046090996,0.0538953956961631,0.6928605011889761,0.2192288401244894,0.0931632626056671,0.8356699258981669,0.464512756332267,0.1348476362228393,1.1255219036905202,0.0,0.0,0.0,30889665.937770035,887.2874902517241,0.1473853781285851,35500221.18424492,538.5070676099291,0.5581243800270935,34502750.81367414,192.0083540586704,1.0862471245989105,0.0,0.0,0.0,3676.68,3680.8,3680.8,-0.112,6110.86,6000.0,1000000000000.0,0.0,12531.53,0.00112,0.02814,3784.37,2.814,6191.36,0.0
53,Steel,5,3,1.5592461287975312,0.0964481371641159,0.0156015799997199,0.250230337797694,0.1172877424955368,0.2558877530892003,0.543331886918798,0.1246317452192306,0.4334831651039044,0.383685635405424,0.0647363394498825,0.6707814387007329,0.2862916146238562,0.0786538392305374,0.8761299430613602,0.1999796522766451,0.1040352123975753,1.190625117318031,0.0,0.0,0.0,36765125.890516765,356.557213785158,0.1779878714563639,36563786.2678009,483.6182373638703,0.5242736873579071,32400025.51433261,418.9240743386606,1.403321514358532,0.0,0.0,0.0,3685.08,3680.8,3680.8,0.116,7222.58,6000.0,1000000000000.0,0.0,13630.23,0.00116,0.03265,3800.96,3.265,7033.97,0.0
54,Steel,2,3,1.1814887553453446,0.0760229312181472,0.0549226096806871,0.2439503512837005,0.15,0.2763014047598701,0.2514762667890954,0.08213473290205,0.7286070249371893,0.0,0.0,0.0,0.0,0.0,0.0,0.0,0.0,0.0,0.0,0.0,0.0,7200063.406258724,341.031888734467,0.1733882294254033,7195917.500996789,234.6486961505057,0.6401257229237054,6831470.677212402,657.1038759084108,1.0633398786293211,0.0,0.0,0.0,3685.12,3680.8,3680.8,0.117,6380.57,6000.0,1000000000000.0,0.0,18732.72,0.00117,0.01011,3718.02,1.011,6296.36,0.0
56,Steel,4,2,1.5659846425056458,0.1015134862661361,0.0221906842410523,0.1856773720218087,0.0635944703221321,0.4166851237592875,0.3789017648140824,0.099109781384468,0.6682270258322537,0.2465958704188985,0.1185172909498214,0.933098480037698,0.3332579468094629,0.0596398270130157,1.244625081165024,0.0,0.0,0.0,0.0,0.0,0.0,46717793.81620212,745.5176995698085,0.2096897874034172,54905445.14693051,142.8436152715863,1.3425824567015905,0.0,0.0,0.0,0.0,0.0,0.0,3685.35,3680.8,3680.8,0.124,9463.91,6000.0,1000000000000.0,0.0,13674.92,0.00124,0.00955,3715.95,0.955,9405.36,0.0
57,Steel,2,4,1.2609835892915726,0.0299249994009733,0.0127521490296954,0.2837443199663337,0.1179723781347274,0.290564239584715,0.1639197502043066,0.0558504924178123,0.7238318372945907,0.0,0.0,0.0,0.0,0.0,0.0,0.0,0.0,0.0,0.0,0.0,0.0,14851272.87321574,516.6390723134909,0.1732271817573435,20537554.902753547,953.2900787334556,0.5542628426516417,14881066.882805409,128.9558985367428,0.5557188625836494,17585530.575344753,612.8972826884677,1.0532785888955911,3676.13,3680.8,3680.8,-0.127,7836.29,6000.0,1000000000000.0,0.0,17429.5,0.00127,0.03091,3567.04,-3.091,7013.98,0.0
58,Steel,4,3,1.8563974916934969,0.0888582938313484,0.0104689654764621,0.2994934666302216,0.0544110149145126,0.5010142310739863,0.3645795014999531,0.077667027413845,0.8614005890203902,0.3568449183403751,0.0600848293304443,1.1034151459751718,0.4110019580497283,0.0783113276958465,1.3822839429893266,0.0,0.0,0.0,0.0,0.0,0.0,95729268.63794616,1099.9999999999995,0.228425449154654,78858171.0931331,344.15430099036473,0.4364676918169538,78963291.02563564,456.6109060014835,1.5231395884523116,0.0,0.0,0.0,3685.49,3680.8,3680.8,0.128,9987.75,6000.0,1000000000000.0,0.0,15363.75,0.00128,0.02404,3769.29,2.404,9770.09,0.0
59,Steel,2,2,0.9616746008396148,0.0569743381738662,0.0131242425335102,0.3273563622889826,0.0781466814875602,0.3965226058932952,0.2094107289475511,0.0593577197194099,0.616007280316186,0.0,0.0,0.0,0.0,0.0,0.0,0.0,0.0,0.0,0.0,0.0,0.0,10973486.978426035,805.0603977821348,0.1825149592888024,11900905.869898342,233.38160278982448,0.826806597605756,0.0,0.0,0.0,0.0,0.0,0.0,3685.66,3680.8,3680.8,0.132,11215.66,6000.0,1000000000000.0,0.0,17388.83,0.00132,0.01344,3730.28,1.344,11260.96,0.0
60,Steel,4,3,1.4703694224357606,0.0906833431720733,0.0191998072664431,0.2926131523665256,0.0839002019166946,0.3376796356612203,0.383330873545821,0.1191855072975158,0.4507826516941713,0.345929983114789,0.0679124146699905,0.7910174927917415,0.2674973251066578,0.0865738266706466,1.083599462181413,0.0,0.0,0.0,0.0,0.0,0.0,18228655.39669345,304.7039566385393,0.1599249533028215,19274340.364154726,522.5724036905559,0.5528194698250758,18228655.39669345,575.1442441862156,1.2926750213958456,0.0,0.0,0.0,3675.82,3680.8,3680.8,-0.135,6023.98,6000.0,1000000000000.0,0.0,13142.71,0.00135,0.01892,3656.09,-0.671,5893.89,-1.768
61,Steel,5,2,1.0221801355481148,0.0766984784007072,0.0191410190880168,0.2983002531418132,0.0492953072488308,0.1830460201271698,0.2818092992483059,0.0467327955365181,0.333292164878066,0.1934019401395325,0.1101406550407409,0.5231217138498985,0.3264896701284058,0.1131909704208374,0.6803669453712582,0.3733777382393368,0.1011625802516937,0.7928687892326399,0.0,0.0,0.0,32715604.67893362,748.426155625416,0.1264509620464794,43511494.49756865,828.0444958672475,0.9199621209711232,0.0,0.0,0.0,0.0,0.0,0.0,3685.9,3680.8,3680.8,0.138,8806.64,6000.0,1000000000000.0,0.0,21802.17,0.00138,0.00247,3671.7,-0.247,8702.03,0.0
62,Steel,3,4,0.8275939464569092,0.0525498979091644,0.0420399183273315,0.1654633162485956,0.1083634972572326,0.2669413750234055,0.2626194133279165,0.0773165503144264,0.6089355798020251,0.3703190997930654,0.0330226464569568,0.7409212205559967,0.0,0.0,0.0,0.0,0.0,0.0,0.0,0.0,0.0,5045369.77671883,402.8192763476791,0.0945712607365833,6784551.941936892,732.0976397672152,0.3116677239386506,5161588.751778385,167.7494176633755,0.4734629130191402,5810650.925271902,216.40701542646767,0.7309202205559967,3685.9,3680.8,3680.8,0.139,8089.28,6000.0,1000000000000.0,0.0,20013.2,0.00139,0.0096,3716.13,0.96,7970.09,0.0
64,Steel,4,2,0.9766155540943148,0.046593545615673,0.0080259259066733,0.2247480302512271,0.1191377371549606,0.2124472678950767,0.2893180811198231,0.1425592482089996,0.4051029261186725,0.3916574034077188,0.0815411278605461,0.6837686481436696,0.2693281873922222,0.0662047889828681,0.8121078783073628,0.0,0.0,0.0,0.0,0.0,0.0,184636267.4793135,270.20834860276324,0.2298095001357739,237481853.05065072,506.6585532153865,0.832275784585497,0.0,0.0,0.0,0.0,0.0,0.0,3685.95,3680.8,3680.8,0.14,10729.33,6000.0,1000000000000.0,0.0,15276.04,0.0014,0.04545,3513.53,-4.545,9699.83,0.0
65,Steel,4,2,1.598173588514328,0.0778794407248497,0.0300876303173333,0.3137395816935322,0.0911502528190612,0.3769196449253255,0.2484575124900499,0.1314688110351562,0.8319729382174375,0.3118771538069221,0.0724885734915733,1.1684924856096015,0.3041715869362754,0.1238742804527282,1.416590845189405,0.0,0.0,0.0,0.0,0.0,0.0,173421361.9284988,227.63168513027293,0.2757803966448265,145698817.12146184,197.3426643376937,1.376234812327719,0.0,0.0,0.0,0.0,0.0,0.0,3685.99,3680.8,3680.8,0.141,10365.69,6000.0,1000000000000.0,0.0,13956.6,0.00141,0.01149,3723.1,1.149,10848.78,0.0
66,Steel,4,2,1.248997062444687,0.0927209750413894,0.0205680729433177,0.2439390120896832,0.0645885077118873,0.2766528813847135,0.2628193031159543,0.0994360053539276,0.6155077532449272,0.3149582228900235,0.1065212124586105,0.83461766319119,0.2491970145138415,0.0399551847577095,1.000434188997299,0.0,0.0,0.0,0.0,0.0,0.0,19298462.27974229,82.83964691167202,0.1626715903568803,20345224.629582167,562.4395592517898,1.028414094922284,0.0,0.0,0.0,0.0,0.0,0.0,3686.06,3680.8,3680.8,0.143,6732.65,6000.0,1000000000000.0,0.0,14411.48,0.00143,0.00128,3685.5,0.128,6786.9,0.0
68,Steel,6,2,1.0619162499904633,0.0846409345865249,0.0091756284134193,0.3077484224020991,0.0938919335603714,0.1613689947493636,0.3233207199321519,0.1018031185865402,0.3146780269745499,0.3473125725707044,0.0888442063331604,0.4774086766686413,0.2812145231795844,0.062620141506195,0.5899367355023798,0.2062424557774962,0.1066826778650283,0.7190034169482448,0.2317497430714435,0.125092236995697,0.8875692336153453,44349066.13117869,644.5716699640316,0.1242394770013833,48809099.0835558,227.42317822615476,0.9557246239295007,0.0,0.0,0.0,0.0,0.0,0.0,3675.44,3680.8,3680.8,-0.146,8433.26,6000.0,1000000000000.0,0.0,14648.9,0.00146,0.00192,3687.88,0.192,8381.39,0.0
69,Steel,1,3,1.173405019938946,0.0846087507605552,0.0496306965925512,0.3494113799928862,0.0862166935205459,0.2962650328809565,0.0,0.0,0.0,0.0,0.0,0.0,0.0,0.0,0.0,0.0,0.0,0.0,0.0,0.0,0.0,8173399.692190968,1089.6327808830306,0.1497899746038496,6377456.332569962,561.014154494633,0.6878358893254225,6880495.4176634615,538.0882259980784,0.8693309670385367,0.0,0.0,0.0,3686.18,3680.8,3680.8,0.146,6728.76,6000.0,1000000000000.0,0.0,27165.03,0.00146,0.00969,3716.46,0.969,6742.08,0.0
70,Steel,3,2,1.265990996360779,0.061408604979515,0.0077323573357925,0.3884626208887453,0.1029687643051147,0.2138067435066251,0.3803748125691731,0.0923798787593841,0.4347147300754411,0.2790185356682862,0.045991922467947,1.0264436565455797,0.0,0.0,0.0,0.0,0.0,0.0,0.0,0.0,0.0,47494337.15194868,475.6113804004315,0.1634738107171919,47824841.81731778,1099.9999999999995,0.9549074588784868,0.0,0.0,0.0,0.0,0.0,0.0,3675.36,3680.8,3680.8,-0.148,9400.7,6000.0,1000000000000.0,0.0,11116.06,0.00148,0.02421,3591.7,-2.421,8641.06,0.0
71,Steel,3,4,0.8610085278749466,0.0715234419107437,0.0048313548438972,0.2775125073493565,0.0899011313915252,0.3144888477994058,0.2725254625076032,0.0389518064260482,0.4618739155405579,0.4088981793271954,0.100028548836708,0.7092860444864065,0.0,0.0,0.0,0.0,0.0,0.0,0.0,0.0,0.0,9951630.676303202,521.1839852773462,0.156259379655052,12259324.368394604,1099.9999999999995,0.4318341847669952,9885110.71186377,444.14889502396267,0.58467959974037,7442492.511346835,556.8057224038173,0.762803495540344,3675.28,3680.8,3680.8,-0.15,6264.4,6000.0,1000000000000.0,0.0,24298.42,0.0015,0.00754,3653.05,-0.754,6059.34,0.0
72,Steel,4,3,0.8607241451740265,0.047753985196352,0.0201977319582481,0.2488834812529732,0.0872123581171035,0.1754071606814174,0.1914596457113316,0.1264737433195114,0.3031268231476179,0.237092974125102,0.1037351244688034,0.5045848193172418,0.1612686304814722,0.0441004844009876,0.7082594240348945,0.0,0.0,0.0,0.0,0.0,0.0,6989466.403231931,620.8230247452128,0.1087649569781016,6656302.8513978105,507.2099360725768,0.4332752498829896,8399543.179343143,727.3380951510416,0.7358282284095521,0.0,0.0,0.0,3675.05,3680.8,3680.8,-0.156,6244.45,6000.0,1000000000000.0,0.0,13670.67,0.00156,0.01013,3643.5,-1.013,6272.89,0.0
73,Steel,1,4,1.494471049308777,0.0642926820516586,0.0130861533242771,0.3325204942737783,0.0978514158725738,0.6722229771919808,0.0,0.0,0.0,0.0,0.0,0.0,0.0,0.0,0.0,0.0,0.0,0.0,0.0,0.0,0.0,8588200.515976965,155.73049006856726,0.3998885554706813,7061527.770339949,442.61680057586136,0.9857734220753366,7666317.651560805,636.8647557322457,1.1305917348313566,6815841.801692824,602.2781553470683,1.230965308796944,3686.72,3680.8,3680.8,0.161,6294.03,6000.0,1000000000000.0,0.0,8342.26,0.00161,0.00985,3644.55,-0.985,6078.3,0.0
75,Steel,2,4,1.6577991247177124,0.0609921407699585,0.0116890657851193,0.3240395245298705,0.0882617515325546,0.7145457503849708,0.2496854631135654,0.0988850098848343,0.912090343682874,0.0,0.0,0.0,0.0,0.0,0.0,0.0,0.0,0.0,0.0,0.0,0.0,12207756.979924325,893.098984177124,0.2043951111282196,9054768.128255922,351.65203933569603,0.4592094137341336,9017034.52777207,946.5915575870644,0.9465064419250692,12196647.953027006,209.3761180323304,1.4260238786630557,3687.09,3680.8,3680.8,0.171,9457.11,6000.0,1000000000000.0,0.0,10895.9,0.00171,0.02831,3576.61,-2.831,9703.99,0.0
77,Steel,2,2,1.0697128459811212,0.0805041047334671,0.0089204420712915,0.2859340195065713,0.0495910927653312,0.3924242885750734,0.4000613559618062,0.15,0.6569354133503349,0.0,0.0,0.0,0.0,0.0,0.0,0.0,0.0,0.0,0.0,0.0,0.0,22871229.402194835,370.0962081574136,0.1538115965605314,26240362.053378005,400.4012574373334,0.8711111263405695,0.0,0.0,0.0,0.0,0.0,0.0,3687.14,3680.8,3680.8,0.172,11205.01,6000.0,1000000000000.0,0.0,19738.63,0.00172,0.0035,3693.67,0.35,11229.92,0.0
78,Steel,3,2,1.0381430581212046,0.0435126584172248,0.0208407728788467,0.269678219522458,0.1084801834821701,0.2853709492297896,0.2041706512679574,0.0219000438600778,0.5311457098216166,0.2918015054242984,0.0711583125591278,0.818854711031347,0.0,0.0,0.0,0.0,0.0,0.0,0.0,0.0,0.0,21506056.423567664,491.67229609460486,0.1554229600635683,28691555.55817575,759.418983225742,0.8591908511639677,0.0,0.0,0.0,0.0,0.0,0.0,3674.41,3680.8,3680.8,-0.174,8173.48,6000.0,1000000000000.0,0.0,19595.78,0.00174,0.01563,3738.32,1.563,8120.01,0.0
79,Steel,5,4,1.3983288556337357,0.0799466537833213,0.0155586081471943,0.1957764949674489,0.0849914649128913,0.2516947891906944,0.3266883978415252,0.1069122999906539,0.3974017175954431,0.1880447090902118,0.0355568854510784,0.6281184394306081,0.3433128316538466,0.0552757900953292,0.8751290834008805,0.264918094844956,0.0477906562387943,0.9459798623806124,0.0,0.0,0.0,12883057.840946317,338.1096255769868,0.1675934835994107,11925399.905558225,138.4970812700876,0.8091411242094178,9937467.07781059,609.9752250333414,1.0101278922218755,12837904.126085056,135.7613697925198,1.226988494347904,3674.31,3680.8,3680.8,-0.176,6557.74,6000.0,1000000000000.0,0.0,12979.71,0.00176,0.01031,3642.86,-1.031,6653.61,0.0
80,Steel,6,2,1.3977807104587556,0.1045296757221222,0.0484350311423465,0.387713769574677,0.0320948131382465,0.3667349957880853,0.2910657974390466,0.0675950241088867,0.444264209077323,0.445033815389281,0.0744505935907363,0.6544974149237057,0.244268107097966,0.0734689810872078,0.8158323548953339,0.2841708646728929,0.0603134247660636,0.9446864844574878,0.3159343775194585,0.0654669243097305,1.0107791002751982,37448142.65529946,389.0449102571771,0.200914304343216,45983411.89881248,721.3719204183972,1.1654685846899917,0.0,0.0,0.0,0.0,0.0,0.0,3687.32,3680.8,3680.8,0.177,8483.01,6000.0,1000000000000.0,0.0,15578.22,0.00177,0.01451,3734.22,1.451,8737.52,0.0
81,Steel,1,2,0.8719504803419114,0.0572820460200309,0.0073089684281081,0.3732973277200707,0.0615332642197608,0.629058643190844,0.0,0.0,0.0,0.0,0.0,0.0,0.0,0.0,0.0,0.0,0.0,0.0,0.0,0.0,0.0,6957383.448751251,967.7842933069036,0.3464905795567915,5485339.826210672,590.9240744252809,0.7678048069320039,0.0,0.0,0.0,0.0,0.0,0.0,3675.61,3680.8,3680.8,-0.141,5993.54,6000.0,1000000000000.0,-0.108,35839.87,0.00177,0.02253,3688.01,0.196,5865.3,-2.245
84,Steel,3,2,0.664297490566969,0.0432155430912971,0.0345724344730377,0.2146169715448767,0.075481758415699,0.1943440925617218,0.3019383167364893,0.0752361857891082,0.3462662292969112,0.2321214487168461,0.0686265182495117,0.4747950497756742,0.0,0.0,0.0,0.0,0.0,0.0,0.0,0.0,0.0,37999533.41269039,1099.9999999999995,0.082667473677535,28366958.701387286,674.458965510545,0.5493764281769006,0.0,0.0,0.0,0.0,0.0,0.0,3687.46,3680.8,3680.8,0.181,14374.01,6000.0,1000000000000.0,0.0,20830.97,0.00181,0.00864,3648.99,-0.864,14374.73,0.0
85,Steel,1,4,1.2740106105804443,0.0434027361571788,0.0060496135170211,0.2206002600800156,0.0983783596754074,0.1681532903966526,0.0,0.0,0.0,0.0,0.0,0.0,0.0,0.0,0.0,0.0,0.0,0.0,0.0,0.0,0.0,4734666.738625666,486.0615619127724,0.1791634353647887,5359612.52026277,286.8901627560687,0.5675150560858522,5411744.966681917,473.4012981549389,0.7304499022854685,5313320.208378168,472.6284376808997,1.0079193258792452,3687.78,3680.8,3680.8,0.19,8252.87,6000.0,1000000000000.0,0.0,13494.85,0.0019,0.00115,3676.57,-0.115,7996.88,0.0
86,Steel,3,2,1.3571821302175522,0.0909763196706772,0.0120574841939307,0.2838668758620853,0.0818239867687225,0.2316235701035316,0.5100844158787166,0.0693039631843566,0.6753372827388053,0.1959911314879047,0.0824600076675415,1.0893104270935443,0.0,0.0,0.0,0.0,0.0,0.0,0.0,0.0,0.0,24928521.307484515,404.3701303640541,0.3026064153500493,27772085.375888698,169.8707644631425,1.221463915838615,0.0,0.0,0.0,0.0,0.0,0.0,3687.84,3680.8,3680.8,0.191,6435.01,6000.0,1000000000000.0,0.0,11230.92,0.00191,0.01051,3642.11,-1.051,6065.44,0.0
87,Steel,4,4,1.922203913331032,0.0510161174833774,0.0113040000375426,0.4552290193995952,0.113094864487648,0.6197105370904423,0.3653143306760902,0.0926587742567062,0.9276032690732052,0.2961752736996724,0.0647581750154495,1.2344105213754937,0.565348880890407,0.0437838415801525,1.4914286722857992,0.0,0.0,0.0,0.0,0.0,0.0,181930462.77014968,332.1378947805765,0.2671035433923324,136369821.37930825,344.7738239783018,0.8693077211641649,155034837.8774624,422.1000236797756,1.3411635968116975,126924591.10954696,174.8649077155882,1.7299835200757248,3687.9,3680.8,3680.8,0.193,7332.73,6000.0,1000000000000.0,0.0,11914.65,0.00193,0.00218,3688.83,0.218,8026.1,0.0
88,Steel,5,4,1.135580576956272,0.0919972219467163,0.0023258732851272,0.3560210734937457,0.0734309238195419,0.1135680576956272,0.3125873571414502,0.0570755466818809,0.1818312929463386,0.2874824505934576,0.0790016934275627,0.2973225574923158,0.3130127228609803,0.1020595741271972,0.6403138932048613,0.1609582828692981,0.1040667569637298,0.90114712591822,0.0,0.0,0.0,19130634.69777562,640.7650979706384,0.1419190844544544,12922285.687018286,403.8091236853776,0.6620914425907103,16228096.10216318,754.386088337498,0.6907303453195806,11463272.941200037,609.3814345961086,0.948006834392932,3673.65,3680.8,3680.8,-0.194,6160.71,6000.0,1000000000000.0,0.0,14575.55,0.00194,0.0106,3672.62,-0.222,5937.81,-1.036
89,Steel,2,2,1.5412771999835968,0.0555419822931289,0.0207520954784983,0.1974990477354129,0.0497393758594989,0.969115903897916,0.4451540695617544,0.0976069474220275,1.2924689659081556,0.0,0.0,0.0,0.0,0.0,0.0,0.0,0.0,0.0,0.0,0.0,0.0,42206099.275606826,386.0125653015168,0.4499984279447572,40028721.13232114,901.4614677100684,1.38714947844396,0.0,0.0,0.0,0.0,0.0,0.0,3673.58,3680.8,3680.8,-0.196,6762.23,6000.0,1000000000000.0,0.0,11132.63,0.00196,0.02662,3582.82,-2.662,6738.52,0.0
90,Steel,5,3,1.680638837814331,0.0460454070270061,0.0127174893541434,0.4166969865726233,0.0398969191312789,0.358419332603739,0.1448099874914373,0.0770061954855918,0.5318020699820583,0.2581649864048498,0.0653179186582565,0.7677839546395542,0.2045254522198046,0.1197537744045257,1.0081245052921404,0.2312025941920927,0.0390056166052818,1.2191490110221508,0.0,0.0,0.0,76238174.19999819,531.4630907952072,0.1843648235849601,66934323.81632544,568.006478217635,0.9770639362824072,68812189.33781278,156.67118362450452,1.4748380527940104,0.0,0.0,0.0,3688.03,3680.8,3680.8,0.197,6877.27,6000.0,1000000000000.0,0.0,12848.49,0.00197,0.01926,3609.92,-1.926,9188.3,0.0
91,Steel,6,2,1.2330024927854537,0.099855153799057,0.0334687742489146,0.1795606743587443,0.1345668733119964,0.1692250628320038,0.3406617128920788,0.0554571694135665,0.3954329317234124,0.3238147279114377,0.0791075044870376,0.4975163054412678,0.4103396440092209,0.0612260514497756,0.7172280844982418,0.3030638800973868,0.0388247254490852,0.8679913693156115,0.2569907623079646,0.0638995522260666,0.9235691519311442,32461934.938010253,492.14126247032016,0.141622421093493,26049406.138310816,700.9455885135301,0.9906727314632368,0.0,0.0,0.0,0.0,0.0,0.0,3688.18,3680.8,3680.8,0.201,6986.21,6000.0,1000000000000.0,0.0,14962.16,0.00201,0.00367,3694.31,0.367,7014.31,0.0
94,Steel,3,2,1.5249297708272935,0.0615288468003273,0.0203926834563134,0.4296940496008664,0.0805762833356857,0.3261598312369358,0.2125918165114448,0.1261499679088592,0.6959273862838402,0.3031186520064186,0.0689869639277458,1.23718536152189,0.0,0.0,0.0,0.0,0.0,0.0,0.0,0.0,0.0,112216560.47788796,579.9415777680789,0.25086390271882,140604530.5885736,250.5928056813672,1.261942729031499,0.0,0.0,0.0,0.0,0.0,0.0,3688.57,3680.8,3680.8,0.211,10928.44,6000.0,1000000000000.0,0.0,13575.07,0.00211,0.00787,3709.76,0.787,10707.87,0.0
95,Steel,4,2,1.2207577168941497,0.0870077471137047,0.0249460065495618,0.2123283760574686,0.1021778953075409,0.1425285120203004,0.3072115768626599,0.0947108215093612,0.4149589605213827,0.3274888867639481,0.1097660952806472,0.7462038947900618,0.305433314256737,0.0517679525911808,0.858049123669838,0.0,0.0,0.0,0.0,0.0,0.0,30320574.04715898,541.0321264801202,0.1829466224309104,29169604.664844427,991.2864684607227,1.0861828473219872,0.0,0.0,0.0,0.0,0.0,0.0,3672.63,3680.8,3680.8,-0.222,7351.7,6000.0,1000000000000.0,0.0,15757.53,0.00222,0.00389,3695.13,0.389,7295.13,0.0
98,Steel,1,4,0.915576209127903,0.044219115614891,0.0247404650172575,0.2903738783759797,0.1260692584514618,0.096118002114163,0.0,0.0,0.0,0.0,0.0,0.0,0.0,0.0,0.0,0.0,0.0,0.0,0.0,0.0,0.0,8731125.286935233,555.4739618184893,0.1122713746260835,4969262.332139861,191.79284531866912,0.2582682513976974,6436703.693756687,599.3146880654972,0.4215441690669236,6974388.042468853,554.1221602794334,0.6628710867367338,3672.21,3680.8,3680.8,-0.233,10737.28,6000.0,1000000000000.0,0.0,24979.04,0.00233,0.0054,3700.69,0.54,10886.61,0.0
99,Steel,1,4,1.14994725137949,0.0652312352061271,0.0135481624919873,0.1651164391316509,0.0878648912906646,0.7106126148380727,0.0,0.0,0.0,0.0,0.0,0.0,0.0,0.0,0.0,0.0,0.0,0.0,0.0,0.0,0.0,3578138.728772312,607.324378084176,0.3808604388714399,2990974.100277649,284.1860255125869,0.7982784188065369,3513744.1441586865,392.7232497684368,0.8293391420979991,3550761.329178408,712.6576583688035,1.0195021699890767,3689.44,3680.8,3680.8,0.235,6237.89,6000.0,1000000000000.0,0.0,13283.06,0.00235,0.00406,3695.76,0.406,6268.3,0.0
101,Steel,2,3,1.802470415830612,0.0481762048304081,0.0265690505965857,0.3227283476151689,0.1170410734415054,0.53109497313626,0.1927503156143573,0.0769033172726631,1.0889604959414507,0.0,0.0,0.0,0.0,0.0,0.0,0.0,0.0,0.0,0.0,0.0,0.0,19435763.35004273,492.5925629721188,0.1877800863623466,26175775.785907045,210.0915959012009,0.770359264715233,21919387.711203624,520.4437616755804,1.3971098360306835,0.0,0.0,0.0,3689.76,3680.8,3680.8,0.243,6264.86,6000.0,1000000000000.0,0.0,9129.66,0.00243,0.0176,3745.58,1.76,6000.75,0.0
102,Steel,1,4,1.2975674003362656,0.0852236332297325,0.0264229553145218,0.4559253396877915,0.048325592726469,0.486273807955302,0.0,0.0,0.0,0.0,0.0,0.0,0.0,0.0,0.0,0.0,0.0,0.0,0.0,0.0,0.0,9587514.886841023,223.82140003616172,0.3484771085400956,7177531.0127453,212.56391214168147,0.8136281504349177,6775504.812350409,364.236117785916,0.944722947083568,6706647.230669616,459.3954185686161,1.085071132141108,3689.8,3680.8,3680.8,0.245,7455.6,6000.0,1000000000000.0,0.0,13083.29,0.00245,0.00235,3672.15,-0.235,7396.81,0.0
103,Steel,1,3,1.0830831333994866,0.0540028082728386,0.0262938809084266,0.3548115875751581,0.0751329472661018,0.482525115725171,0.0,0.0,0.0,0.0,0.0,0.0,0.0,0.0,0.0,0.0,0.0,0.0,0.0,0.0,0.0,5321054.307776383,585.5701546334443,0.1566876266462795,5423934.075581854,1005.1703600028032,0.6163255664750199,3699546.355009478,372.9461052689085,0.8227826831837333,0.0,0.0,0.0,3671.49,3680.8,3680.8,-0.253,7922.43,6000.0,1000000000000.0,0.0,13396.26,0.00253,0.00419,3665.39,-0.419,7828.78,0.0
105,Steel,5,2,0.9208375096321106,0.0383060834705829,0.0042657494058807,0.3284481943116041,0.061915498971939,0.092093750963211,0.2501901743412996,0.0983094358444214,0.185708834475307,0.2198485021197816,0.06123234719038,0.3677722324606817,0.146860613273309,0.116443036198616,0.5202001462402963,0.2486469407956195,0.0791477623581886,0.7329978516533752,0.0,0.0,0.0,66282532.43277632,814.5056352850326,0.1263947487584609,91462294.54869148,239.85258073087093,0.7490370654188669,0.0,0.0,0.0,0.0,0.0,0.0,3690.29,3680.8,3680.8,0.258,9364.9,6000.0,1000000000000.0,0.0,12792.4,0.00258,0.03601,3813.34,3.601,9153.39,0.0
106,Steel,5,3,1.2765108406543733,0.0409759529531002,0.0124010937683717,0.3543824579119429,0.0763089334964752,0.1655323980917655,0.1856965399294663,0.0350110892951488,0.2782693121494831,0.1876467481296473,0.0916838681697845,0.4642221200823851,0.216282231272803,0.0513354022800922,0.6725288839516258,0.2660087901912717,0.1134518426656723,0.9035409134188028,0.0,0.0,0.0,59253490.13870741,1099.9999999999995,0.1276510853419481,48695880.07045069,355.3861687725792,0.3510365406277294,54362963.9600576,855.1028829410843,1.0436207755952789,0.0,0.0,0.0,3671.22,3680.8,3680.8,-0.26,8776.45,6000.0,1000000000000.0,0.0,11750.12,0.0026,0.02327,3595.13,-2.327,9524.55,0.0
107,Steel,6,2,0.7323740392923355,0.0438532589375972,0.0066794495178537,0.2011275835075796,0.0409710286557674,0.1179969250039688,0.1989548732331186,0.0746424567699432,0.1966569948928,0.3315283163498651,0.1130091494321823,0.2937803539777054,0.3127532832204805,0.0672230252623558,0.4002435388240365,0.4726815083827602,0.0500061738491058,0.4813646466969837,0.3087452808695376,0.1324284446239471,0.6172829313690322,170955033.68526474,853.1971169373472,0.1006132695736663,164273910.17456856,247.96089954942525,0.5851570568155555,0.0,0.0,0.0,0.0,0.0,0.0,3690.52,3680.8,3680.8,0.264,11149.26,6000.0,1000000000000.0,0.0,18903.32,0.00264,0.02663,3582.78,-2.663,11677.29,0.0
108,Steel,4,2,1.177838644385338,0.0635445403456688,0.0148367167174577,0.4581257245696087,0.0936883080005645,0.3191061585383921,0.262475547468844,0.109100552201271,0.5903040264848903,0.197244737775079,0.0845893666148185,0.7603199588575482,0.2298567709359911,0.0937230139970779,0.9802128347102174,0.0,0.0,0.0,0.0,0.0,0.0,234609035.41822892,246.4926008553309,0.2100787705051076,260336771.9804393,874.3057925259302,1.0546018861631392,0.0,0.0,0.0,0.0,0.0,0.0,3690.57,3680.8,3680.8,0.265,12089.17,6000.0,1000000000000.0,0.0,22225.17,0.00265,0.04514,3846.95,4.514,11658.29,0.0
109,Steel,3,2,0.8915215566754341,0.0572993376851081,0.0198169064658862,0.3037413867212611,0.1030599421262741,0.2000600615766992,0.4062391422114473,0.0815514877438545,0.5342418774812696,0.500477556934089,0.0458589971065521,0.6644458492739637,0.0,0.0,0.0,0.0,0.0,0.0,0.0,0.0,0.0,61413373.38380075,901.4059951822148,0.114607337261849,61364185.05491638,432.0320232682469,0.7834169217234935,0.0,0.0,0.0,0.0,0.0,0.0,3670.94,3680.8,3680.8,-0.268,10629.26,6000.0,1000000000000.0,0.0,28552.53,0.00268,0.01623,3621.05,-1.623,10493.88,0.0
110,Steel,2,2,1.1255860522389414,0.0339089169353246,0.0163003503668309,0.2311097786314927,0.0598579812049865,0.459595134188243,0.0928458143473942,0.1227346622943878,0.671460551296919,0.0,0.0,0.0,0.0,0.0,0.0,0.0,0.0,0.0,0.0,0.0,0.0,14120089.246213382,509.8758955535381,0.3580118118541579,17172954.53951266,626.6825104727994,0.9671740277279806,0.0,0.0,0.0,0.0,0.0,0.0,3690.75,3680.8,3680.8,0.27,8132.59,6000.0,1000000000000.0,0.0,12332.85,0.0027,0.03363,3804.6,3.363,8030.66,0.0
112,Steel,2,2,1.241660010814667,0.0656846949458122,0.0108737772103639,0.4184362285637782,0.0785713592171669,0.3358064567509369,0.325271956131164,0.0504105192422866,0.8141950747292954,0.0,0.0,0.0,0.0,0.0,0.0,0.0,0.0,0.0,0.0,0.0,0.0,24247899.32639128,569.4838247675376,0.1532457990076461,26848308.94804384,587.3252126327969,0.9915742228953328,0.0,0.0,0.0,0.0,0.0,0.0,3670.71,3680.8,3680.8,-0.274,8812.1,6000.0,1000000000000.0,0.0,15636.21,0.00274,0.01921,3751.51,1.921,8759.84,0.0
113,Steel,2,4,0.8899143368005753,0.0423195292949676,0.0066371133605896,0.2590213071270993,0.11567422747612,0.2709466262368961,0.138062522362201,0.0610678404569625,0.4437178135451164,0.0,0.0,0.0,0.0,0.0,0.0,0.0,0.0,0.0,0.0,0.0,0.0,2902084.2217935743,504.0635765782401,0.1203395781671443,2882393.9432505006,1099.9999999999995,0.2924630896258002,2411472.799337468,535.2843405686954,0.3698170374478643,2764078.9917183407,360.4355055456423,0.7245470212327214,3691.11,3680.8,3680.8,0.28,7624.92,6000.0,1000000000000.0,0.0,17154.84,0.0028,0.01582,3622.58,-1.582,7791.56,0.0
114,Steel,6,2,0.9242534652352332,0.0826339207291603,0.0150871481038319,0.2086784690362985,0.0452476651966571,0.1098495603048683,0.2944318552651079,0.0354198513925075,0.1998633354113012,0.4420500730298412,0.0888415795564651,0.3572708426164581,0.4081823373094526,0.0962198543548584,0.5184936168993656,0.1751321584358001,0.1374151360988617,0.708881993572977,0.3658259845889358,0.0522430369257927,0.8193507111513342,41914278.84068452,798.9981209688337,0.0974398022190722,39253259.0825992,742.4824701073559,0.7986387411768747,0.0,0.0,0.0,0.0,0.0,0.0,3691.15,3680.8,3680.8,0.281,8333.47,6000.0,1000000000000.0,0.0,17882.21,0.00281,0.00449,3697.32,0.449,8270.9,0.0
116,Steel,3,2,1.4791129499673843,0.1241003111600876,0.0139580641528025,0.2300904496588068,0.1230008113384246,0.7071369389740962,0.4247202037514123,0.110370904803276,1.0391941558022242,0.2068594079541347,0.119139015674591,1.222277256463972,0.0,0.0,0.0,0.0,0.0,0.0,0.0,0.0,0.0,28276725.569745813,436.61021023860405,0.2519332760885383,34649690.95863901,588.6011087005139,1.3312016534915327,0.0,0.0,0.0,0.0,0.0,0.0,3670.26,3680.8,3680.8,-0.286,6909.59,6000.0,1000000000000.0,0.0,15067.39,0.00286,0.00207,3688.41,0.207,6917.29,0.0
117,Steel,5,4,1.0465553387999535,0.0792643101215362,0.0111269928475746,0.2652995496656298,0.0999267399311065,0.2572473561160559,0.1860357053731688,0.0844448590278625,0.4605918653166967,0.4288441515796124,0.0756897696852684,0.587030224686907,0.1878153329992692,0.0787129339575767,0.705034706591635,0.2233670528008636,0.0640366753935813,0.8876563324191984,0.0,0.0,0.0,8914151.194742784,273.23491270886734,0.1388208651641868,10068459.801773036,366.34757195414846,0.6331429465477835,11010913.20452533,485.7332966366169,0.6830964141903166,11672081.391635282,548.3576338693977,0.926571367089188,3691.63,3680.8,3680.8,0.294,6010.92,6000.0,1000000000000.0,0.0,13218.3,0.00294,0.00492,3698.92,0.492,6100.88,0.0
118,Steel,5,2,1.3731185883283616,0.0731938650012016,0.0126418239410321,0.1795774360888174,0.0385506398975849,0.3698867901169334,0.2233497204130517,0.0673555999994277,0.5507344291412615,0.2593377404467276,0.0879240363836288,0.634201809582899,0.2749579593594503,0.0586911150813102,0.8362092380841685,0.2910286258924865,0.02,1.0603063559014136,0.0,0.0,0.0,40402456.93481745,214.8883857632272,0.2309706871009965,46044311.93954808,368.7311025338053,1.154714181525969,0.0,0.0,0.0,0.0,0.0,0.0,3691.67,3680.8,3680.8,0.295,12372.28,6000.0,1000000000000.0,0.0,14820.51,0.00295,0.0287,3786.46,2.87,12547.76,0.0
119,Steel,3,3,1.6426562696695328,0.0495275933146476,0.0396220746517181,0.1947213016551884,0.0865030741691589,0.3651897634203063,0.2755575222040517,0.0958809924125671,0.8202163085163549,0.2936387375341674,0.0468942241370678,1.0445225687943072,0.0,0.0,0.0,0.0,0.0,0.0,0.0,0.0,0.0,28654868.51470441,195.7328795169493,0.1823647695063545,25568033.065295357,520.6167170533607,0.6784874549060842,27182084.92141335,1064.449723622898,1.3486360093179008,0.0,0.0,0.0,3691.7,3680.8,3680.8,0.296,8140.93,6000.0,1000000000000.0,0.0,12102.49,0.00296,0.00306,3669.54,-0.306,7641.02,0.0
120,Steel,5,4,1.3093434244394302,0.0608646496534347,0.009954235184713,0.3664623311760914,0.1111435103416443,0.1956994621767528,0.2881724735236923,0.0744803443551063,0.3211520534363233,0.2617651129549766,0.1241129606962204,0.4607379030751905,0.2830354545303024,0.1357858604192733,0.7702038476309636,0.2179534091749163,0.0676722699403762,1.1406076346082237,0.0,0.0,0.0,53238958.308736354,316.51379954790474,0.1725174669357161,46398911.377900735,391.93624050240857,0.9462284114995314,47722226.29611559,452.6346989739004,1.0772654115791285,47281995.5543148,577.5834302044706,1.1689170048668338,3669.88,3680.8,3680.8,-0.297,7256.85,6000.0,1000000000000.0,0.0,15789.41,0.00297,0.00357,3667.66,-0.357,7369.46,0.0
121,Steel,5,3,1.4061691731214525,0.0960005090236663,0.0359317598643583,0.4028593380802103,0.0821384444832801,0.2316395413861707,0.3862617951780505,0.137018392086029,0.5037350783130805,0.2917191386333378,0.1028777027130127,0.8150688751011574,0.3138808560913745,0.1086561000347137,1.0080602241933103,0.2164767396403561,0.02,1.192801368115586,0.0,0.0,0.0,26404866.47866341,712.4671902840429,0.1822018806599445,40598234.21990242,400.093567226106,0.9335135288501982,27980434.11548044,420.2572427159414,1.254136379959284,0.0,0.0,0.0,3669.65,3680.8,3680.8,-0.303,7010.54,6000.0,1000000000000.0,0.0,12378.79,0.00303,0.01261,3634.4,-1.261,6952.35,0.0
122,Steel,6,4,0.9475151211023332,0.0996429563760757,0.0152843674029078,0.5300880410802108,0.0938815349340438,0.1828720641409749,0.2254555429254578,0.0417751070857048,0.282490643345971,0.3117312522344653,0.0973452770709991,0.4188123260823336,0.2580523295613376,0.06553985029459,0.5458094005155348,0.3376056386603118,0.0534061062335968,0.6202265925265565,0.1620740702083885,0.10321586728096,0.7933143749546233,17162297.713755988,968.99330777817,0.1137404519970644,18789316.87442155,429.89919624668914,0.3167671903439771,17483295.27430207,695.2711401224426,0.6338337165896879,15314620.639777152,729.2497202126646,0.8396575092493992,3692.18,3680.8,3680.8,0.309,6253.97,6000.0,1000000000000.0,0.0,25257.55,0.00309,0.01098,3721.2,1.098,6435.2,0.0
123,Steel,2,4,0.9790984719991684,0.0672682280540466,0.0081885148278376,0.4048187316751307,0.1379521840810775,0.2255470962003331,0.2762960446465481,0.0554263997077941,0.62994532954154,0.0,0.0,0.0,0.0,0.0,0.0,0.0,0.0,0.0,0.0,0.0,0.0,12534929.038784849,513.8571723202693,0.1211438335150242,11144343.535578802,936.0211211940408,0.4046227657483321,9063073.84517914,629.8655410309196,0.5362520783230764,7579392.999783973,179.5523861076406,0.8185937670261696,3692.29,3680.8,3680.8,0.312,7490.58,6000.0,1000000000000.0,0.0,21733.33,0.00312,0.02106,3758.32,2.106,7028.62,0.0
126,Steel,5,2,1.4475770145654678,0.0828563086390495,0.0336429395794746,0.152724092325095,0.0483162789046764,0.2654102027148657,0.343172839209455,0.15,0.5157909218286656,0.2128875858552165,0.0835312676429748,0.750043538870818,0.2573365778927682,0.0386319653689861,0.8381002753701141,0.2292628634139492,0.111188405752182,1.129861759391222,0.0,0.0,0.0,168487796.15932414,405.34247366718586,0.1707077298278937,171036396.35728738,343.3492113503203,1.156203955516265,0.0,0.0,0.0,0.0,0.0,0.0,3668.41,3680.8,3680.8,-0.337,14659.09,6000.0,1000000000000.0,0.0,20281.64,0.00337,0.02244,3763.41,2.244,15758.69,0.0
128,Steel,6,3,1.5678841292858123,0.0461637910306453,0.0062324675373554,0.2167524028389423,0.0579056313633918,0.2338964576760788,0.3769961320415861,0.0904048758745193,0.4009095209612192,0.2504501932456799,0.0546499082446098,0.6085121829837941,0.2510409034651917,0.1297683644294738,0.8033931311833863,0.1962706696294344,0.085361875295639,1.074642718484716,0.1341683699350368,0.0845049726963043,1.2464006920606334,415650216.2404651,222.46944504990103,0.1970263695268542,442733615.864425,193.01356591454527,0.8277346940068047,435004279.4370069,531.1287520787708,1.3518935058322494,0.0,0.0,0.0,3693.28,3680.8,3680.8,0.339,8040.89,6000.0,1000000000000.0,0.0,15790.26,0.00339,0.02141,3759.62,2.141,8695.86,0.0
129,Steel,3,2,1.6309413343667984,0.1049183022975921,0.0103412590361985,0.2663622025398235,0.0882139271497726,0.3712057695256425,0.2551303959455895,0.0662069314718246,0.7716742339191536,0.4502325238117122,0.1451090115308761,1.0577563633101288,0.0,0.0,0.0,0.0,0.0,0.0,0.0,0.0,0.0,70795110.51333496,283.1826315694011,0.2311724712534569,64288006.04877721,435.877565897652,1.375039021065058,0.0,0.0,0.0,0.0,0.0,0.0,3668.23,3680.8,3680.8,-0.341,10031.85,6000.0,1000000000000.0,0.0,14661.25,0.00341,0.01056,3641.94,-1.056,10064.63,0.0
130,Steel,1,2,1.2258537799119948,0.0487964491546154,0.0127881301982841,0.4568271167618124,0.089920208454132,0.8066103412688223,0.0,0.0,0.0,0.0,0.0,0.0,0.0,0.0,0.0,0.0,0.0,0.0,0.0,0.0,0.0,27481895.186759297,530.3380284557251,0.2532395512994689,27874180.94439474,327.14330826405063,0.9250205619537376,0.0,0.0,0.0,0.0,0.0,0.0,3693.38,3680.8,3680.8,0.342,12436.91,6000.0,1000000000000.0,0.0,13825.67,0.00342,0.02204,3599.66,-2.204,12715.15,0.0
131,Steel,2,4,1.412894344329834,0.0711163344979286,0.04367137511284,0.2900113832970523,0.0646356347203254,0.5564450188670659,0.2695110405842256,0.0858759796619415,0.7047148583892385,0.0,0.0,0.0,0.0,0.0,0.0,0.0,0.0,0.0,0.0,0.0,0.0,9285165.732625663,510.5975864852069,0.2364127121035718,10338974.108957725,656.4592045336062,0.9727220714072334,9365103.028052662,386.7733840245617,1.1490755503290746,10772865.805269193,520.7766328875623,1.2520950960636923,3693.44,3680.8,3680.8,0.343,10454.36,6000.0,1000000000000.0,0.0,15181.44,0.00343,0.00999,3644.05,-0.999,10478.21,0.0
132,Steel,6,4,1.3290037631988525,0.0769143364429473,0.0078664093496191,0.317058734285608,0.0746964529156685,0.1329103763198852,0.3617029639509049,0.0785283854603767,0.2161284708346883,0.2957704349614107,0.0853046596050262,0.352144302575931,0.2461746488603682,0.0909899497032165,0.5877425861506178,0.2720688794951694,0.0691984117031097,0.9241152283605336,0.2880745874030153,0.0681149166822433,1.105959155119668,21363894.340234324,781.1714749836192,0.1569073590193494,19796032.439112358,792.8384352970437,0.7404807908293773,20149350.21629428,166.90816569394295,0.9825361661425966,17614806.952416122,256.0529957946965,1.1961033855499634,3668.1,3680.8,3680.8,-0.345,6691.97,6000.0,1000000000000.0,0.0,10466.14,0.00345,0.00168,3674.63,-0.168,6859.4,0.0
133,Steel,2,3,1.0025827050209046,0.0592411502003669,0.0130172929992765,0.3558473110762576,0.0412865808606147,0.6376043788366733,0.4174283481861049,0.074380085170269,0.902314434518814,0.0,0.0,0.0,0.0,0.0,0.0,0.0,0.0,0.0,0.0,0.0,0.0,8385277.788536354,752.2368590594044,0.2865693109554511,12701405.08838645,872.2847680174445,0.7236129240637769,8385277.788536354,312.12061147076,0.8923134345188141,0.0,0.0,0.0,3667.96,3680.8,3680.8,-0.349,7279.45,6000.0,1000000000000.0,0.0,11236.86,0.00349,0.00114,3676.59,-0.114,7074.79,0.0
134,Steel,2,4,0.837746100127697,0.0700708362460136,0.0339179229582643,0.226943531950175,0.1316401094198226,0.3042734500458686,0.2158700402003933,0.0865766781568527,0.5815302905170437,0.0,0.0,0.0,0.0,0.0,0.0,0.0,0.0,0.0,0.0,0.0,0.0,4026920.847652592,564.6473349758364,0.1492386005905264,4528479.39015473,367.6688975022457,0.5031725638717189,3562622.6492090896,463.1843904458567,0.5990020732332957,3486280.14662634,427.37976914363935,0.7320063851483496,3693.65,3680.8,3680.8,0.349,6051.46,6000.0,1000000000000.0,0.0,27858.98,0.00349,0.0115,3638.47,-1.15,6015.27,0.0
135,Steel,2,3,1.3591219753026962,0.1144940421581268,0.0355055771169977,0.1936276237908193,0.1389351642131805,0.3734775219233802,0.413261006913096,0.15,0.9257280313933464,0.0,0.0,0.0,0.0,0.0,0.0,0.0,0.0,0.0,0.0,0.0,0.0,19530824.874119647,296.6523529441944,0.1555304211036066,15418771.897761798,64.2394367444092,0.8043857407053978,15008613.742667545,241.916257128015,1.131942060721972,0.0,0.0,0.0,3693.73,3680.8,3680.8,0.351,6074.0,6000.0,1000000000000.0,0.0,19647.4,0.00351,0.01221,3635.87,-1.221,6168.11,0.0
136,Steel,6,4,1.1750423431396486,0.0826000695228576,0.0330773652238949,0.3561611341801484,0.0928836542367935,0.2082342619209121,0.3268837549285209,0.0601624974608421,0.4373513983367811,0.3386912497483945,0.0507651050388813,0.5600747256922641,0.2290237651831665,0.1242783468961715,0.6538244167224487,0.4115227861204569,0.1247482067346573,0.8324305749114561,0.2591629511309758,0.111415067911148,1.0386958636164008,41247606.95610861,710.7793706283057,0.1175042354890072,41290005.19849627,435.4831213127394,0.1566268582822751,46768543.70525122,77.31702815620125,0.3008862315332383,39708549.07676958,381.4151714223092,1.0501516903355714,3667.77,3680.8,3680.8,-0.354,9187.34,6000.0,1000000000000.0,0.0,14580.93,0.00354,0.00497,3662.52,-0.497,9062.82,0.0
137,Steel,5,2,1.416983985900879,0.0966095345020294,0.0184658386319574,0.2796516082118256,0.0730164355039596,0.1653988571506087,0.2545131072607952,0.0676671713590622,0.3117591909756104,0.246755309249043,0.0907099771499633,0.5547974486861006,0.2996773545107686,0.15,0.8194125810543355,0.2033697292648117,0.0652877184748649,1.034542373931284,0.0,0.0,0.0,50691356.13679516,586.4033422237841,0.1416984000070718,45288387.50733513,454.3023804816227,1.2333471413721624,0.0,0.0,0.0,0.0,0.0,0.0,3693.85,3680.8,3680.8,0.354,8744.27,6000.0,1000000000000.0,0.0,14676.16,0.00354,0.0116,3723.48,1.16,8731.75,0.0
138,Steel,5,4,1.4739756464958191,0.0517146419286728,0.0121753516427557,0.388925637635003,0.1202160793542862,0.3390047582416235,0.2066889794709503,0.062398667037487,0.5956096319477142,0.2788234931198714,0.0755891966819763,0.7718026781470066,0.1918660053764346,0.1143738257884979,0.949110442342505,0.2523745756437758,0.093304271697998,1.1299960559117836,0.0,0.0,0.0,71868228.36646257,391.0882147194634,0.1504367002909107,50903269.69212597,978.6297103260188,0.8349555014079852,59605124.01710143,198.70649770185707,1.061331049589434,68790356.35326253,393.93025578243424,1.306824770638356,3693.98,3680.8,3680.8,0.358,8519.66,6000.0,1000000000000.0,0.0,14048.09,0.00358,0.02364,3593.78,-2.364,9829.94,0.0
140,Steel,2,2,1.1665973678231238,0.1079570648670196,0.0120564898037428,0.4155980602252352,0.0843954190611839,0.4469417478304824,0.2320533547474454,0.0378621861338615,0.8665739930176004,0.0,0.0,0.0,0.0,0.0,0.0,0.0,0.0,0.0,0.0,0.0,0.0,15390565.93746408,948.0887025868868,0.2074175094254255,15694314.14847281,228.661973138712,0.9837344347832354,0.0,0.0,0.0,0.0,0.0,0.0,3694.28,3680.8,3680.8,0.366,6438.25,6000.0,1000000000000.0,0.0,19854.9,0.00366,0.00705,3706.75,0.705,6464.85,0.0
141,Steel,1,4,1.8507187694311145,0.0880011291503906,0.0096798969306387,0.1902268232391073,0.1190861314535141,0.8342247941863018,0.0,0.0,0.0,0.0,0.0,0.0,0.0,0.0,0.0,0.0,0.0,0.0,0.0,0.0,0.0,8738116.745593552,631.0699538986962,0.2397774329026228,11943320.34913393,529.4529479877951,0.4855701969522495,9627048.835861802,749.7077142781595,0.7425100836379922,9090283.35021291,562.1789085216064,1.3163564885173304,3694.38,3680.8,3680.8,0.369,6307.28,6000.0,1000000000000.0,0.0,7786.9,0.00369,0.01959,3608.68,-1.959,6276.0,0.0
142,Steel,1,2,1.4652914434671402,0.0389205829501152,0.0135872624194693,0.2469996950159732,0.0426194782555103,1.0436316774621142,0.0,0.0,0.0,0.0,0.0,0.0,0.0,0.0,0.0,0.0,0.0,0.0,0.0,0.0,0.0,11922253.916616024,597.3481727610631,0.3870260119569068,11858181.44483265,575.9405412653839,1.2056839202784475,0.0,0.0,0.0,0.0,0.0,0.0,3666.99,3680.8,3680.8,-0.375,6778.16,6000.0,1000000000000.0,0.0,11401.45,0.00375,0.01061,3719.85,1.061,6796.76,0.0
143,Steel,4,2,1.3350321471691131,0.1067666991949081,0.0085352137839013,0.3844290861398267,0.0975156301259994,0.5389330185056245,0.568564635971169,0.0653549686074256,0.7195972198760053,0.2107754875115958,0.0675334304571151,0.9471509947236612,0.2662805329630247,0.0509372577071189,1.0626382020014284,0.0,0.0,0.0,0.0,0.0,0.0,44378756.418270856,267.58960665108714,0.2467824658420497,43824306.90840261,418.8064455966974,1.1911512906637498,0.0,0.0,0.0,0.0,0.0,0.0,3694.64,3680.8,3680.8,0.376,10017.78,6000.0,1000000000000.0,0.0,15326.0,0.00376,0.00129,3676.04,-0.129,10163.56,0.0
145,Steel,3,4,1.4908886432647706,0.065031907081604,0.0182603663523249,0.3388461391773683,0.074461894929409,0.3524112146355073,0.4327330508110651,0.1164118325710296,0.6749138675889285,0.1516294107458196,0.0459569530189037,0.8765626938551223,0.0,0.0,0.0,0.0,0.0,0.0,0.0,0.0,0.0,9367254.93515238,223.97671544952848,0.1717067268068312,11838515.154951412,226.5580359281321,0.5273082149656549,13152499.113852937,296.248860550802,0.7354335332030689,10548983.112052558,523.3122649766779,1.2053008566420118,3694.87,3680.8,3680.8,0.382,6928.07,6000.0,1000000000000.0,0.0,8475.8,0.00382,0.02908,3787.85,2.908,6660.49,0.0
146,Steel,3,3,1.0160469964146617,0.0618812438249588,0.0153200199028115,0.1869167902190704,0.0886248046159744,0.3304269747039858,0.2136015277446228,0.0657505735754966,0.5698411195289551,0.5239441184695569,0.0862190645933151,0.8539260230178704,0.0,0.0,0.0,0.0,0.0,0.0,0.0,0.0,0.0,19151620.437075075,556.4972127929268,0.1279657479831011,17866004.34421452,367.1520234117612,0.4173222047734425,22072607.103916824,386.435744571673,0.8686273982342737,0.0,0.0,0.0,3694.87,3680.8,3680.8,0.382,10202.75,6000.0,1000000000000.0,0.0,20051.83,0.00382,0.03102,3794.98,3.102,10112.76,0.0
147,Steel,5,2,1.3312999963760377,0.0821389499902725,0.0092677273734501,0.2805325919170315,0.0853688025474548,0.2688036226371761,0.2416939208596621,0.15,0.4050959543910775,0.3292410488985697,0.0507473394274711,0.5922667266530764,0.2357022571990819,0.1368837910890579,0.8492838083360538,0.2788169789679814,0.0924458348751068,1.1090601860157523,0.0,0.0,0.0,122885879.77308278,602.1926754101963,0.1598774571392989,125259935.81842424,832.5075045341762,1.198169995407134,0.0,0.0,0.0,0.0,0.0,0.0,3666.43,3680.8,3680.8,-0.39,10945.92,6000.0,1000000000000.0,0.0,19775.96,0.0039,0.00226,3689.13,0.226,11112.04,0.0
148,Steel,3,3,1.4815055578947067,0.0646166278123855,0.03657609069981,0.5221035710252373,0.0694911888241767,0.5724046313826696,0.2565511846360062,0.0844131749868393,0.7433903804874042,0.1509271394368662,0.1252805125713348,1.2293901526385953,0.0,0.0,0.0,0.0,0.0,0.0,0.0,0.0,0.0,16435208.72427658,155.78329650902612,0.189447961207793,17527890.870527945,704.1728862781778,0.6290711056340808,14652462.177636454,448.7196182999687,1.208811527343164,0.0,0.0,0.0,3695.22,3680.8,3680.8,0.392,7264.59,6000.0,1000000000000.0,0.0,13893.92,0.00392,0.01598,3739.62,1.598,6861.68,0.0
149,Steel,5,4,0.8157058894634247,0.0647194679379463,0.0366888930655749,0.175438451936294,0.0374945284426212,0.1174033775783058,0.2041572216997437,0.0935713815689087,0.1872511250754003,0.1989209961786798,0.1055894118547439,0.3645727723686561,0.4036876643288817,0.0878352218866348,0.4968346314975475,0.2560770528593246,0.0515722267329692,0.6682237780120823,0.0,0.0,0.0,8723613.440054148,359.0886560642538,0.081875719186673,8308031.835569642,487.6326334708485,0.2605361902939965,9487588.577034242,438.27596197223016,0.3806391276614534,8068325.6810194515,293.7968615744267,0.7191111147413846,3695.27,3680.8,3680.8,0.393,7360.02,6000.0,1000000000000.0,0.0,18786.65,0.00393,0.00221,3672.65,-0.221,7204.35,0.0
150,Steel,4,3,1.5227548331022265,0.0808341825604438,0.0117635708603555,0.2730020767033753,0.0741556391119957,0.3468551617125927,0.3356368789627888,0.0704274526238441,0.6441321755277338,0.198445172586733,0.0699924460053443,1.04940402079831,0.2917830794256458,0.088859269618988,1.2050611680484016,0.0,0.0,0.0,0.0,0.0,0.0,35635679.77748014,135.8308230011327,0.2140603386249768,26942336.546986483,471.0239471934088,1.258570321972897,32369386.68222346,513.912488970732,1.3704793482692488,0.0,0.0,0.0,3666.17,3680.8,3680.8,-0.398,8903.11,6000.0,1000000000000.0,0.0,13050.19,0.00398,0.01419,3733.04,1.419,8864.64,0.0
151,Steel,4,2,0.4884630270302296,0.0641665409207344,0.0174650343095302,0.3785964303215793,0.0455987893044948,0.0606454803825265,0.1865564373049911,0.0431599220633506,0.1430147976617138,0.277267104523324,0.123371062874794,0.271818888343119,0.3607304972334172,0.0913021796941757,0.4388757678651155,0.0,0.0,0.0,0.0,0.0,0.0,20077172.546592303,437.6891793347978,0.0734660431951711,17110250.834377863,871.5960242161993,0.3996154521428647,0.0,0.0,0.0,0.0,0.0,0.0,3666.16,3680.8,3680.8,-0.398,6022.57,6000.0,1000000000000.0,0.0,29205.61,0.00398,0.01451,3734.22,1.451,6012.97,0.0
152,Steel,5,2,1.2273763686418535,0.0536039827466011,0.0052299560079226,0.3225000625942305,0.1191055572032928,0.2155215151818251,0.2828889558168176,0.0869445741176605,0.3454082569019304,0.1375583668950754,0.094282191991806,0.5382751984500935,0.1827539746288801,0.0218812777101993,0.682833863696374,0.2655015427991511,0.0749883893132209,0.8478028570148166,0.0,0.0,0.0,93203404.06812772,668.9722992473834,0.1486236687458614,81375321.69380914,415.4783238321039,0.9518709534203172,0.0,0.0,0.0,0.0,0.0,0.0,3665.8,3680.8,3680.8,-0.408,9528.9,6000.0,1000000000000.0,0.0,15922.54,0.00408,0.00618,3658.04,-0.618,9667.68,0.0
153,Steel,6,3,0.6858415201306343,0.0819675864577293,0.011264447148924,0.2710135925460957,0.0629426538944244,0.11474021415344,0.2091738842647709,0.0342589662224054,0.17763920055328,0.2986299189491514,0.1101082348823547,0.2533709924335219,0.3018642341336811,0.0916475349664688,0.3594737893299899,0.2907015948589477,0.0773211297392845,0.472578741815138,0.2361330133749477,0.1160801458358764,0.5883193679708808,15317885.480591048,523.63070933985,0.0750082299426668,11491146.882877884,375.95315481366094,0.2410253515682561,16037564.51232947,612.12627213494,0.5700511878365652,0.0,0.0,0.0,3665.9,3680.8,3680.8,-0.405,5996.85,6000.0,1000000000000.0,-0.052,28205.13,0.00408,0.0096,3706.35,0.694,5960.2,-0.663
154,Steel,5,2,0.8554996192455292,0.0608122752904892,0.0161799343791987,0.2607926245927173,0.0559201329946518,0.1381400654786881,0.2759588722680135,0.1033612465858459,0.2430295316761021,0.4727260736135199,0.0855906528234481,0.4050220992026078,0.1972261610901592,0.1470418000221252,0.544446542353271,0.3527461554538828,0.0387804034352302,0.6766495682337188,0.0,0.0,0.0,121493567.7220098,623.7083953826755,0.1093775764386149,100395336.99432884,532.8180828295013,0.7156701887232647,0.0,0.0,0.0,0.0,0.0,0.0,3665.71,3680.8,3680.8,-0.41,15994.51,6000.0,1000000000000.0,0.0,21163.51,0.0041,0.03419,3806.65,3.419,16404.92,0.0
155,Steel,3,4,0.9351337224245072,0.0577289335727691,0.0148642978918494,0.205490057037807,0.15,0.2706407105258882,0.2335676326690594,0.0466279976069927,0.3806419806639347,0.1416936901780965,0.0888672661781311,0.6861699080022371,0.0,0.0,0.0,0.0,0.0,0.0,0.0,0.0,0.0,4746727.524734011,405.3158315603728,0.0935133731775844,4679597.890139403,282.274297444288,0.1149500242476825,3426461.238155753,710.1122085383637,0.3319287457682246,4247168.673272301,719.2124644240878,0.7346320634033401,3695.9,3680.8,3680.8,0.41,6057.72,6000.0,1000000000000.0,0.0,18330.94,0.0041,0.04187,3834.55,4.177,5982.93,-0.285
156,Steel,3,4,1.1652899131178858,0.0528949906229972,0.0325607299050915,0.208900193092017,0.15,0.1777959780245757,0.2754444721511218,0.1022174286842346,0.6553416565012413,0.5379863357114256,0.0878503161668777,0.8781776981208136,0.0,0.0,0.0,0.0,0.0,0.0,0.0,0.0,0.0,27803802.928444825,804.6295139827112,0.1472363424262239,22914222.852472287,574.7857112874412,0.399536910067634,24757678.515106328,228.0846420636187,0.6071119971405818,25074793.30922719,333.41700664894245,1.016253556223569,3696.21,3680.8,3680.8,0.419,8599.97,6000.0,1000000000000.0,0.0,12688.22,0.00419,0.01899,3750.71,1.899,8691.98,0.0
157,Steel,2,4,1.6197738826274872,0.0796872745752334,0.0283990821929876,0.28576713017085,0.0661213171482086,0.6141667686743191,0.571923893943508,0.1060096728801727,1.183433857652282,0.0,0.0,0.0,0.0,0.0,0.0,0.0,0.0,0.0,0.0,0.0,0.0,18309641.1406698,397.28539292279294,0.2141175060358573,15160750.242007902,936.6410272215968,0.774156814059567,13465002.098496243,791.2803569215225,1.057910827889394,19267296.04499872,830.7226820770443,1.3972439163226134,3696.28,3680.8,3680.8,0.42,7722.4,6000.0,1000000000000.0,0.0,13344.73,0.0042,0.00994,3717.38,0.994,7568.47,0.0
158,Steel,6,3,1.8135692805051804,0.0925565645694732,0.0168425067852391,0.2980331429641843,0.0373624689877033,0.3456520542322471,0.2784358273057517,0.1026481813192367,0.5141694122569425,0.3002122787503429,0.0811393472552299,0.7491468045962285,0.5669352313725066,0.0496425648033618,0.9678742217049124,0.3168727389406233,0.0833530342578888,1.1638198990133617,0.2992914794248569,0.0882039237022399,1.4246130525123062,36249688.08045544,263.6308137010033,0.19903275550071,36978250.38869674,1099.9999999999995,1.1056082313935298,48646988.250554346,1099.9999999999995,1.585049098075501,0.0,0.0,0.0,3665.22,3680.8,3680.8,-0.423,8073.46,6000.0,1000000000000.0,0.0,11013.2,0.00423,0.00244,3689.78,0.244,7584.25,0.0
160,Steel,2,3,0.951349215209484,0.0861078187823295,0.0179182861822781,0.193769400557198,0.0640544235706329,0.1543919543128297,0.2349861808618468,0.1319243359565735,0.6143245148766364,0.0,0.0,0.0,0.0,0.0,0.0,0.0,0.0,0.0,0.0,0.0,0.0,6604997.375766527,198.1632838610186,0.111787594131292,7948458.871421815,458.69033987236014,0.2254932551174644,5824570.442982079,294.6569880633909,0.8280248663621195,0.0,0.0,0.0,3696.51,3680.8,3680.8,0.427,6255.47,6000.0,1000000000000.0,0.0,24122.3,0.00427,0.01513,3625.1,-1.513,6445.69,0.0
161,Steel,4,2,0.9710053086280824,0.058770525753498,0.0174853920197117,0.2953346841273649,0.1369390541315078,0.1706110810962103,0.3395448737291042,0.1104845458269119,0.3179368264087628,0.3035935152741618,0.1152711141109466,0.5811841217791773,0.4588846104090749,0.0771348533034324,0.7241177441832346,0.0,0.0,0.0,0.0,0.0,0.0,206780206.9614635,332.159410359753,0.110069801038344,194536261.4478168,730.094946586142,0.8165236008478886,0.0,0.0,0.0,0.0,0.0,0.0,3696.61,3680.8,3680.8,0.429,10136.51,6000.0,1000000000000.0,0.0,23862.0,0.00429,0.00535,3661.12,-0.535,9735.96,0.0
162,Steel,1,3,1.738846430182457,0.056277517080307,0.0239320586547167,0.2745754591894339,0.0721753478050232,0.7433738096934102,0.0,0.0,0.0,0.0,0.0,0.0,0.0,0.0,0.0,0.0,0.0,0.0,0.0,0.0,0.0,24199986.140027173,889.9312500718262,0.2268178472539175,26711543.63486184,241.72344736525625,0.382187027455667,33817029.41217857,1021.7593416870042,1.3490900747946553,0.0,0.0,0.0,3696.67,3680.8,3680.8,0.431,8915.59,6000.0,1000000000000.0,0.0,16338.96,0.00431,0.03521,3551.21,-3.521,9062.55,0.0
163,Steel,3,4,1.3374436110258103,0.0599872097969055,0.0273820848758204,0.4185256385888385,0.0955545049905777,0.133754361102581,0.2803534196962339,0.0896959096193313,0.5770308650654663,0.2104991908514674,0.1285632628202438,0.9498694920965198,0.0,0.0,0.0,0.0,0.0,0.0,0.0,0.0,0.0,15861873.203230698,535.6603805316989,0.1563155565456699,18350612.26782515,425.58714986503577,0.7868391029543853,21103753.54918516,483.1252678045506,0.9732467716967405,17867267.617169805,748.6049854715222,1.18732520082662,3664.64,3680.8,3680.8,-0.439,6336.55,6000.0,1000000000000.0,0.0,12136.75,0.00439,0.04326,3521.59,-4.326,6383.2,0.0
164,Steel,5,4,0.8308083862066269,0.0615564051270484,0.0177806436360156,0.2742682299038678,0.0464018914103507,0.1428678476147219,0.1665769533132571,0.0600856003165245,0.2944310740527277,0.245734562802644,0.078233473598957,0.4592225831533518,0.2482936730914312,0.0679491624236107,0.5927539421789702,0.2706123126413363,0.0683304014801979,0.6738566210273196,0.0,0.0,0.0,7065645.724542325,390.3801144845266,0.0903504565208662,6607380.729942203,429.12458606036273,0.2579353507834222,6299905.431966537,944.717465893869,0.4130154331030509,6778218.952729735,321.90555493851025,0.7477275467551557,3694.85,3680.8,3680.8,0.382,5986.91,6000.0,1000000000000.0,-0.218,18011.73,0.0044,0.00079,3683.71,0.079,6113.27,0.0
165,Steel,4,2,1.2319593518972396,0.0683680812120437,0.026523725987672,0.2365750502127464,0.0948267018795013,0.1572288505594243,0.312762390563929,0.15,0.3392529897213062,0.2280840295615674,0.064754564166069,0.6404527379351214,0.1997079789438571,0.057302034497261,0.9719294421215056,0.0,0.0,0.0,0.0,0.0,0.0,26621180.843999825,210.34070985072424,0.2220396379810562,19761987.381821685,302.3451790189214,1.108763415475556,0.0,0.0,0.0,0.0,0.0,0.0,3664.58,3680.8,3680.8,-0.441,6793.51,6000.0,1000000000000.0,0.0,12700.9,0.00441,0.00707,3706.84,0.707,6498.61,0.0
166,Steel,3,4,1.0145814716815948,0.1155234167575836,0.013353094560656,0.2589128857737863,0.0265558588132262,0.1118562382728121,0.4382444503026212,0.1276283240318298,0.343788132653128,0.1876220646300475,0.1178694146871566,0.6169517002257917,0.0,0.0,0.0,0.0,0.0,0.0,0.0,0.0,0.0,11602554.643688375,345.2822833742628,0.1014581481827409,10150167.251946537,386.6662561559904,0.3306398365288283,9785597.951055108,282.77951901008674,0.6636552391667835,10227818.211824795,396.5035939457248,0.8824598831141023,3664.53,3680.8,3680.8,-0.442,6654.78,6000.0,1000000000000.0,0.0,26042.77,0.00442,0.0272,3580.67,-2.72,6568.88,0.0
167,Steel,4,4,1.6082361489534378,0.0505686734318733,0.0102132150215799,0.2553772647076583,0.0526151287555694,0.3742657882609505,0.1563196508046919,0.1082339560985565,0.6528388090966825,0.2513866090950208,0.1013720017671585,0.9421475981695088,0.1192639154507659,0.1305527245998382,1.3324806847780135,0.0,0.0,0.0,0.0,0.0,0.0,12244291.541072655,634.5115599830258,0.2753376032607865,13167705.238741124,391.918693004792,1.0530282098504788,9634026.960650356,747.1393856887441,1.292670138342676,11451555.272433346,455.2665740199057,1.4257646196005365,3664.4,3680.8,3680.8,-0.446,7125.87,6000.0,1000000000000.0,0.0,9091.36,0.00446,0.0284,3576.25,-2.84,7027.39,0.0
168,Steel,6,2,1.1522582054138184,0.1143554887771606,0.0535559050068129,0.2694770892013843,0.1015726208686828,0.175137538057639,0.3760534809528584,0.1028368520736694,0.3397764907575844,0.2407208650279499,0.0909646427631378,0.484019893298701,0.3007368759795738,0.0712256363034248,0.6322377706681197,0.3616346827252286,0.0847962039709091,0.8615925933715192,0.3039015343830338,0.0869659835100174,0.9871433824290746,34752131.61938413,343.74441469762826,0.1577152545411318,32841184.944780737,448.66482238311454,1.0370323837201785,0.0,0.0,0.0,0.0,0.0,0.0,3665.47,3680.8,3680.8,-0.417,5990.32,6000.0,1000000000000.0,-0.161,19065.11,0.00447,0.0092,3652.35,-0.773,5970.07,-0.499
169,Steel,1,3,1.1519307628273965,0.0904207265377044,0.06,0.2563819465092299,0.0424757668375968,0.7991901858447907,0.0,0.0,0.0,0.0,0.0,0.0,0.0,0.0,0.0,0.0,0.0,0.0,0.0,0.0,0.0,4013077.148778051,749.8448480934248,0.1713785947705907,3403682.1352024022,498.1031873026705,0.4175087647895846,3457947.8212559666,754.0255660100983,0.9458339048867128,0.0,0.0,0.0,3664.28,3680.8,3680.8,-0.449,6152.88,6000.0,1000000000000.0,0.0,22245.35,0.00449,0.01032,3642.8,-1.032,6194.17,0.0
170,Steel,1,3,1.4697706639766694,0.0641579712629318,0.0513263770103454,0.5009416731711189,0.0550568842887878,0.1469870663976669,0.0,0.0,0.0,0.0,0.0,0.0,0.0,0.0,0.0,0.0,0.0,0.0,0.0,0.0,0.0,17715987.960277777,246.9195249418541,0.2125472261593564,11988634.137796745,691.5032662326189,0.824598631796621,13549407.213433843,336.8307999280539,1.071581401349911,0.0,0.0,0.0,3664.09,3680.8,3680.8,-0.454,9370.45,6000.0,1000000000000.0,0.0,20032.16,0.00454,0.04176,3834.5,4.176,9262.83,0.0
171,Steel,5,3,1.162087658047676,0.0354922849982976,0.0239003663743855,0.1912930834539756,0.0855733889341354,0.3510761034616327,0.1577878275963155,0.0932313960790634,0.6061885523834738,0.3425828491364926,0.0823634988069534,0.831153911159729,0.1603095885462514,0.0728696265816688,0.969453195940256,0.1317488622553748,0.0739417660236358,1.0458688922429085,0.0,0.0,0.0,18984534.798297755,739.7226718130677,0.1645278023952667,16558705.880947882,1099.9999999999995,0.5785644231339049,16610170.494005663,97.71824647868864,0.98903310631297,0.0,0.0,0.0,3697.55,3680.8,3680.8,0.455,6114.47,6000.0,1000000000000.0,0.0,9951.73,0.00455,0.03825,3540.76,-3.805,5976.52,-0.391
172,Steel,4,2,1.049628083407879,0.0904748867750167,0.0351000612878931,0.1941876791138525,0.0652135488390922,0.1617907144718355,0.2360314727434375,0.0655490362644195,0.3762460827522139,0.2526195269353605,0.0926423704624176,0.6867505461608852,0.2590345817989138,0.1152338510751724,0.8362541177487428,0.0,0.0,0.0,0.0,0.0,0.0,16635277.211046964,995.7321709710196,0.1224273512491981,16416248.974483706,439.034301179974,0.8053276829365532,0.0,0.0,0.0,0.0,0.0,0.0,3697.58,3680.8,3680.8,0.456,6100.85,6000.0,1000000000000.0,0.0,19740.15,0.00456,0.01824,3747.95,1.824,6190.47,0.0
173,Steel,3,2,1.4310907572507858,0.0526008037924766,0.0156692920858022,0.2592783315407149,0.0489632427692413,0.3898159614600973,0.1012088786148724,0.0959759825468063,0.7440574857378318,0.26601815508998,0.1039436239004135,1.1363213735981748,0.0,0.0,0.0,0.0,0.0,0.0,0.0,0.0,0.0,56521178.83372044,136.77333999140373,0.2495413024170341,48208910.6766564,303.4687332083829,1.24979293607263,0.0,0.0,0.0,0.0,0.0,0.0,3664.0,3680.8,3680.8,-0.456,9158.01,6000.0,1000000000000.0,0.0,15436.07,0.00456,0.01082,3720.61,1.082,8953.62,0.0
174,Steel,4,2,1.5139602512121202,0.0640885887742042,0.0101400340635793,0.2727617661151876,0.0689644232392311,0.2816052817305199,0.2782902543528112,0.0713806974887848,0.4582660900080882,0.3417314599251329,0.0381722290813922,0.623451259131923,0.3519174340063973,0.0866097801923751,1.0480882150027655,0.0,0.0,0.0,0.0,0.0,0.0,112356440.84234332,393.977240995349,0.2947756721511538,112334457.9107006,558.0795353606944,1.2366298166278944,0.0,0.0,0.0,0.0,0.0,0.0,3663.95,3680.8,3680.8,-0.458,10366.23,6000.0,1000000000000.0,0.0,13127.25,0.00458,0.013,3632.96,-1.3,9701.8,0.0
175,Steel,2,3,0.8971025258302688,0.0477674638926982,0.0055751872925674,0.2957364365962349,0.0679034030437469,0.0897202525830268,0.1837204555277383,0.0862332832813263,0.3489156132619388,0.0,0.0,0.0,0.0,0.0,0.0,0.0,0.0,0.0,0.0,0.0,0.0,7275948.467664617,368.4989966545549,0.1490379510012854,6141699.099171024,435.5523224944954,0.3783013800232105,5996215.132093232,250.6423678756012,0.6884112558961666,0.0,0.0,0.0,3697.99,3680.8,3680.8,0.467,8272.93,6000.0,1000000000000.0,0.0,11369.1,0.00467,0.00484,3662.98,-0.484,8214.19,0.0
176,Steel,2,4,1.3109987765550617,0.0676381283402443,0.021728953191843,0.2054770294024421,0.0663352599740028,0.3576548714000216,0.5958615573877099,0.0526401722431182,0.7593728174421854,0.0,0.0,0.0,0.0,0.0,0.0,0.0,0.0,0.0,0.0,0.0,0.0,8152584.602708183,505.0249324658079,0.1525421177555491,7792445.206584314,251.3239091995296,0.4411617899443154,9994394.914215907,527.9067299311985,0.6408080134618619,9879645.198736211,263.49091822924095,1.073738373355273,3698.14,3680.8,3680.8,0.471,8582.6,6000.0,1000000000000.0,0.0,12045.75,0.00471,0.02161,3760.34,2.161,8273.53,0.0
177,Steel,6,2,0.9210147112607956,0.0685540110468864,0.0481579305020866,0.2474439085437789,0.0798091521859169,0.0921114711260795,0.2396415358425042,0.0565495017170906,0.2150612474350286,0.2133777920480308,0.0874603986740112,0.3353642061202452,0.2582053572391964,0.0339760191738605,0.4162484776199854,0.3271295135139367,0.1285816967487335,0.5441317752791487,0.3122081325893502,0.1009830683469772,0.757926107065435,59233972.49933343,388.261869588261,0.1045910836520973,70080358.5485874,491.2732211135525,0.8190340559490041,0.0,0.0,0.0,0.0,0.0,0.0,3698.19,3680.8,3680.8,0.472,10452.1,6000.0,1000000000000.0,0.0,16029.46,0.00472,0.01483,3735.39,1.483,10445.11,0.0
178,Steel,6,3,1.687961995601654,0.033759243287957,0.0073463038261883,0.1341487189158759,0.1437758487462997,0.316951095981932,0.1074507331309396,0.1034254205226898,0.5816412959181497,0.1983330389026439,0.0643546935915947,0.7604826205514239,0.2126656786947098,0.0538119199872016,0.925291561330444,0.3415573305806194,0.041865597218275,1.0993223103625114,0.1793319808383972,0.1088599503040313,1.4015192269434715,204046529.90940312,461.8565169363299,0.2876989607430432,119778066.9825565,553.0856786361774,0.9426155410817644,129869889.1068398,240.2999580848773,1.4933437660551747,0.0,0.0,0.0,3698.25,3680.8,3680.8,0.474,6232.95,6000.0,1000000000000.0,0.0,10807.17,0.00474,0.06663,3517.65,-4.433,5701.51,-4.975
180,Steel,2,3,1.0008744239807128,0.0839410368800163,0.0166749740194546,0.1630804418168464,0.1033369547128677,0.5066475939616663,0.559194666491291,0.0760312777757644,0.7677801907956097,0.0,0.0,0.0,0.0,0.0,0.0,0.0,0.0,0.0,0.0,0.0,0.0,14614725.412176926,275.8035792061692,0.1817255048015693,17792136.178246856,168.69864355738744,0.5507124698650274,13510930.194186134,281.3769179779731,0.8622063130031465,0.0,0.0,0.0,3663.2,3680.8,3680.8,-0.478,9721.42,6000.0,1000000000000.0,0.0,30057.74,0.00478,0.00045,3682.47,0.045,9628.74,0.0
182,Steel,6,3,1.5395948320627213,0.0507736554145813,0.0217243356360927,0.2485360343477122,0.1048917430639267,0.2943381310818571,0.2735652270513486,0.0697042018175125,0.5530784602453491,0.3634706026328637,0.0534040296077728,0.7283402368345286,0.2029082459428696,0.0228467605262994,0.7781492839918082,0.0980512665064148,0.1045011126995086,1.080997722978169,0.0826934103183921,0.0897342187166214,1.3140371131677229,26459638.294632062,605.2667699012778,0.1728184424407101,20084796.44343236,429.2020169385531,0.8100660733150067,18668404.56315827,377.89004433803336,1.3700886508754837,0.0,0.0,0.0,3698.4,3680.8,3680.8,0.478,8011.04,6000.0,1000000000000.0,0.0,11397.91,0.00478,0.04347,3840.81,4.347,8021.63,0.0
183,Steel,6,2,1.171864016354084,0.0651906171441078,0.0286978306519306,0.4825607140802048,0.0942591476440429,0.2609079152259772,0.2947114670490243,0.0683096545934677,0.3728605463742879,0.2591402776519864,0.0435137194395065,0.5130066680477987,0.3129265179732586,0.045494789481163,0.6170063209150335,0.1567668573537403,0.0672597032785415,0.801608956542711,0.1795920557844635,0.0679979127645492,0.968710247940936,129578430.58230464,699.019057350224,0.1708897237562372,124823500.95118847,210.63995626578875,1.0546776135468117,0.0,0.0,0.0,0.0,0.0,0.0,3662.82,3680.8,3680.8,-0.489,10248.24,6000.0,1000000000000.0,0.0,23857.3,0.00489,0.00032,3681.99,0.032,10221.23,0.0
184,Steel,2,2,1.3077163010835648,0.0597526677846908,0.0063382996793227,0.4652270326914671,0.0516848488152027,0.3006856602483272,0.4130979447869632,0.0416824240982532,0.8578640080065134,0.0,0.0,0.0,0.0,0.0,0.0,0.0,0.0,0.0,0.0,0.0,0.0,52873953.21132465,225.8730259075574,0.1694446914582982,50964865.29307424,197.11179850416056,1.1083810101198688,0.0,0.0,0.0,0.0,0.0,0.0,3698.85,3680.8,3680.8,0.49,8413.9,6000.0,1000000000000.0,0.0,21214.79,0.0049,0.02378,3768.31,2.378,8168.14,0.0
185,Steel,3,2,1.0500098884105684,0.0369740602970123,0.0127932829941994,0.5638127183776358,0.0958964121341705,0.1525127996851018,0.1759766564050642,0.1030245697498321,0.4097559513525084,0.1762649833835781,0.064054938852787,0.6468672297905147,0.0,0.0,0.0,0.0,0.0,0.0,0.0,0.0,0.0,34475940.02888111,387.7854875971771,0.1681895739164718,59726840.4823837,543.7886190601369,0.7662214576838747,0.0,0.0,0.0,0.0,0.0,0.0,3698.92,3680.8,3680.8,0.492,6574.22,6000.0,1000000000000.0,0.0,13476.45,0.00492,0.0611,3836.36,4.226,5735.27,-4.412
186,Steel,5,3,1.111586682498455,0.073476507127285,0.0201474525028963,0.3835587096879005,0.0674095419049263,0.3310349463480276,0.3576130632068137,0.1111153984069824,0.5730198603804894,0.2444670274149748,0.0526839247345924,0.7322802298855138,0.3291450336920157,0.0849389100074768,0.8088074287224957,0.314421855690736,0.0363647606968879,0.9336106746572606,0.0,0.0,0.0,28614938.36308072,703.6840452235266,0.1440003951429001,34722422.20015361,115.60783715760196,0.2875918742707413,28203864.82196404,1099.9999999999995,0.990094301986511,0.0,0.0,0.0,3662.65,3680.8,3680.8,-0.493,9024.76,6000.0,1000000000000.0,0.0,16561.6,0.00493,0.02673,3582.39,-2.673,9207.44,0.0
187,Steel,6,2,1.1353201776742936,0.0688867719173431,0.0333516135408002,0.2010453918822221,0.0729972267150878,0.228765802551388,0.356184501511226,0.0460066486895084,0.3660574008805485,0.313118305865399,0.0215190589334815,0.4571018262673684,0.3298041556049675,0.0624410286545753,0.6497894335617354,0.1394105420665088,0.0214284402225166,0.8348225484460747,0.3289717835469191,0.0405936096608638,0.9760120477562316,29435769.67331832,427.6784574469053,0.1379048112417102,33750285.64495611,248.9597040908232,0.9919891996265712,0.0,0.0,0.0,0.0,0.0,0.0,3662.53,3680.8,3680.8,-0.496,9490.87,6000.0,1000000000000.0,0.0,15897.76,0.00496,0.0032,3669.02,-0.32,9365.92,0.0
188,Steel,6,2,1.4288327872753144,0.0901890876293182,0.0091231122137687,0.234858870119239,0.1013948446512222,0.2862111756751918,0.2720241963690027,0.0684489202499389,0.4806681956944454,0.2601877651237914,0.1087566924095153,0.6516215836266576,0.3349905135573789,0.0675836685299873,0.8347793425731923,0.2752804933154821,0.100265981554985,1.0919366948378348,0.1588475494457276,0.0537409815192222,1.285939508547783,46084702.394141056,218.3084975073774,0.2132869537018785,42477519.04982074,485.042960641534,1.207901960193977,0.0,0.0,0.0,0.0,0.0,0.0,3699.15,3680.8,3680.8,0.498,7984.72,6000.0,1000000000000.0,0.0,11524.78,0.00498,0.01644,3741.31,1.644,8008.96,0.0
189,Steel,2,4,1.506063807010651,0.0726230665445327,0.0164478460304229,0.1908224814549491,0.15,0.3361336334348915,0.2582434029254014,0.0902338254451751,0.871188254132348,0.0,0.0,0.0,0.0,0.0,0.0,0.0,0.0,0.0,0.0,0.0,0.0,6612970.896174413,503.9746565434797,0.223360801759653,6237397.894543449,410.28775736585226,0.8508357092804139,6705792.580583709,294.10684281745347,1.0654510890890585,9108719.204670817,663.6778105304559,1.26825961889837,3662.27,3680.8,3680.8,-0.503,6291.82,6000.0,1000000000000.0,0.0,9177.19,0.00503,0.00331,3668.61,-0.331,6183.88,0.0
190,Steel,2,2,1.5468219459056856,0.0404306836128234,0.0159631820301585,0.1471734433464007,0.030583678483963,0.5964688465214919,0.1824850302728739,0.0787447729706764,1.2185055203901551,0.0,0.0,0.0,0.0,0.0,0.0,0.0,0.0,0.0,0.0,0.0,0.0,23499689.16886232,420.9652357001421,0.3435333528699925,29556672.581384003,209.3998541865264,1.3065203173281936,0.0,0.0,0.0,0.0,0.0,0.0,3662.25,3680.8,3680.8,-0.504,8658.59,6000.0,1000000000000.0,0.0,11690.34,0.00504,0.01442,3733.88,1.442,8658.38,0.0
191,Steel,2,2,1.6023742705583572,0.0682227355837822,0.0192004010838042,0.3436600403136189,0.1203151375055313,0.5762349303564781,0.2306184647471808,0.056266301870346,1.3252381736134913,0.0,0.0,0.0,0.0,0.0,0.0,0.0,0.0,0.0,0.0,0.0,0.0,37477451.48874845,334.8689862441668,0.3591114166226095,31035934.64570427,931.3049480325234,1.3500369402685828,0.0,0.0,0.0,0.0,0.0,0.0,3699.42,3680.8,3680.8,0.506,9090.83,6000.0,1000000000000.0,0.0,10111.54,0.00506,0.00469,3698.05,0.469,9304.78,0.0
192,Steel,1,4,1.1897506296634677,0.088962534725666,0.0060772475040103,0.3762162962350234,0.1021458780765533,0.4880054180970137,0.0,0.0,0.0,0.0,0.0,0.0,0.0,0.0,0.0,0.0,0.0,0.0,0.0,0.0,0.0,9052274.97997164,172.73022095163066,0.1508728979252013,6894705.704341796,381.9884388787578,0.7676005666319183,6198974.065461136,697.4456081820191,0.8237589160825259,6933827.603293421,348.3357513348475,1.0045173329074526,3699.59,3680.8,3680.8,0.511,7453.42,6000.0,1000000000000.0,0.0,15141.63,0.00511,0.00219,3688.85,0.219,7362.47,0.0
193,Steel,3,2,1.28846395611763,0.0716527146697044,0.0140213560803264,0.2836570455562913,0.0602241995930671,0.4274994020762122,0.186234658052545,0.0799306541681289,0.6042455947460916,0.4544989027641071,0.0547888755798339,0.8296170947956721,0.0,0.0,0.0,0.0,0.0,0.0,0.0,0.0,0.0,27211551.05381438,322.5738202758721,0.1518650061475522,27211551.05381438,549.3487268514594,1.03027063588596,0.0,0.0,0.0,0.0,0.0,0.0,3661.61,3680.8,3680.8,-0.521,9857.99,6000.0,1000000000000.0,0.0,15650.03,0.00521,0.00209,3688.5,0.209,9685.09,0.0
194,Steel,3,2,1.019665239751339,0.0710410653948784,0.0369939357459584,0.2699202794315137,0.1078895771503448,0.2015597108652722,0.4351972827223105,0.1411866450309753,0.4006821750654605,0.1652045288163894,0.0614489787817001,0.7386066148191981,0.0,0.0,0.0,0.0,0.0,0.0,0.0,0.0,0.0,59092599.19335345,652.1836999462969,0.1474884766100354,63303118.3907118,581.0917099122911,0.845573999212563,0.0,0.0,0.0,0.0,0.0,0.0,3700.03,3680.8,3680.8,0.523,17483.56,6000.0,1000000000000.0,0.0,21089.12,0.00523,0.01905,3750.93,1.905,16334.93,0.0
195,Steel,1,4,0.9248400390148164,0.0489729819893837,0.0300694782413693,0.3244733269980455,0.055439033806324,0.2258731610100444,0.0,0.0,0.0,0.0,0.0,0.0,0.0,0.0,0.0,0.0,0.0,0.0,0.0,0.0,0.0,1979386.5644754884,251.4801978748187,0.1068825097394752,1754012.567167614,592.056280383479,0.191197401079821,1786206.0438778102,1099.9999999999995,0.3980260841304956,1891921.077736978,313.2716589899976,0.7167167773355649,3661.44,3680.8,3680.8,-0.526,7062.23,6000.0,1000000000000.0,0.0,30192.95,0.00526,0.03783,3541.56,-3.783,7071.69,0.0
196,Steel,3,3,1.168230225145817,0.074720262825489,0.0119973377561541,0.5123285871493335,0.1468676269054412,0.1680848095842012,0.3314700708919289,0.0931428062915802,0.5111205726847404,0.1855649060911211,0.059144974052906,0.8723135682279506,0.0,0.0,0.0,0.0,0.0,0.0,0.0,0.0,0.0,40188096.29505849,253.89049154497664,0.1927471450342932,43029320.2873378,308.1245324231848,0.8437332991165327,42370431.72497439,349.913693576617,1.0166229494319643,0.0,0.0,0.0,3661.32,3680.8,3680.8,-0.529,9697.07,6000.0,1000000000000.0,0.0,18123.84,0.00529,0.01414,3628.74,-1.414,9047.04,0.0
197,Steel,3,4,0.7406445696949959,0.0789155610203743,0.029617292379647,0.3202006291356978,0.0841340509057045,0.1500464399248031,0.6104373741134227,0.0702415481209755,0.3312902876164551,0.6069686414350844,0.138761448264122,0.5734630178493374,0.0,0.0,0.0,0.0,0.0,0.0,0.0,0.0,0.0,21339283.7615218,117.7021245035358,0.1000258506336525,19518984.97148144,950.0847787518666,0.4082694587685851,26992911.12004929,352.4236170258112,0.5987746053098675,19872786.517502725,235.47424393085564,0.6665801119848518,3700.35,3680.8,3680.8,0.531,7653.1,6000.0,1000000000000.0,0.0,24671.43,0.00531,0.00601,3702.94,0.601,7761.02,0.0
198,Steel,2,4,1.503199139237404,0.0900311266183853,0.0195071232486576,0.4088071302385669,0.1093719547986984,0.415157270997762,0.3011093060135341,0.0648723196983337,0.9923109883634896,0.0,0.0,0.0,0.0,0.0,0.0,0.0,0.0,0.0,0.0,0.0,0.0,9577473.570835847,160.57988346764097,0.1679491813020941,9155929.423922213,470.9571855877979,0.6147985484503855,15442791.178807857,263.3515485572391,0.8075814464479665,10854715.815519243,774.9269903621995,1.3006814887500622,3700.44,3680.8,3680.8,0.534,6046.33,6000.0,1000000000000.0,0.0,13639.43,0.00534,0.05104,3749.86,1.876,5715.24,-4.746
199,Steel,4,2,1.4264856100082397,0.0674611490368843,0.0173536756188881,0.537513254413604,0.1116043120622635,0.2767122121990824,0.265719865000615,0.0710573327541351,0.4713615140151639,0.2747740546928974,0.1121812033653259,0.8206047798880733,0.2926155924690771,0.0467203958332538,1.1697274678351044,0.0,0.0,0.0,0.0,0.0,0.0,218499035.79588023,419.9238934192176,0.2168866028522262,275760505.03156346,452.8516349173832,1.2543619791710312,0.0,0.0,0.0,0.0,0.0,0.0,3660.85,3680.8,3680.8,-0.542,9137.49,6000.0,1000000000000.0,0.0,21339.44,0.00542,0.02449,3590.64,-2.449,9014.94,0.0
