rank,material,n_disks,n_bearings,cs1_pred,cs2_pred,cs3_pred,L,cs2_relerr_pct,cs3_relerr_pct,joint_err,OD,ID,d0_OD,d0_W,d0_pos,d1_OD,d1_W,d1_pos,d2_OD,d2_W,d2_pos,d3_OD,d3_W,d3_pos,d4_OD,d4_W,d4_pos,d5_OD,d5_W,d5_pos,b0_K,b0_C,b0_pos,b1_K,b1_C,b1_pos,b2_K,b2_C,b2_pos,b3_K,b3_C,b3_pos,joint_err_truth,cs2_ross,cs2_relerr_truth_pct,cs3_ross,cs3_relerr_truth_pct
2,Steel,4,3,5288.95,7004.02,15885.04,1.2291430920362472,-0.242,0.172,0.00297,0.0814497209787368,0.0069009595101823,0.3636130495769342,0.1075040918588638,0.231002673376545,0.2346567742732775,0.0716339489817619,0.3415148758745409,0.333827558003775,0.0281658990681171,0.4632695415708662,0.3748915020472367,0.1405674928426742,0.7544842964064115,0.0,0.0,0.0,0.0,0.0,0.0,33382177.701629315,441.98117464287776,0.1450275901465023,39294438.99374042,602.6827719534933,0.600124382639218,35852289.925528824,431.3076364652727,0.9958173059061868,0.0,0.0,0.0,0.00135,7029.26,0.118,15868.35,0.067
6,Steel,3,2,3267.78,6995.44,15823.72,1.3894988775253296,-0.364,-0.214,0.00423,0.0728085477948188,0.0141703728337247,0.3318240394504856,0.0705254104733467,0.4105426217643177,0.2885907520496198,0.052561055123806,0.8609819491415844,0.3299826256296644,0.1196139043569564,1.124511049565381,0.0,0.0,0.0,0.0,0.0,0.0,0.0,0.0,0.0,31463445.962752003,484.3086678473802,0.1410219992900182,34964341.50617723,696.3528819478286,1.2290404062856215,0.0,0.0,0.0,0.0,0.0,0.0,0.00361,7012.32,-0.124,15803.85,-0.34
7,Steel,5,3,5987.38,7048.29,15822.41,1.4096171617507935,0.389,-0.223,0.00448,0.0579405427575111,0.0290004807644339,0.1485654871666265,0.0698490542173385,0.3527685872465784,0.2943845276697394,0.0477511519193649,0.4515816172908363,0.2310845603787616,0.02,0.583491957562712,0.2585375963299927,0.0630101558566093,0.8276339885977013,0.2914903295515031,0.0877908146381378,1.0996357002197232,0.0,0.0,0.0,31595508.492725328,468.8252672269328,0.2042483285742328,30392802.664465528,728.440583564202,0.7975186985554691,25387193.71673049,581.1325632873626,1.2390537497571923,0.0,0.0,0.0,0.0256,7193.11,2.451,15740.82,-0.737
8,Steel,3,2,4119.31,7035.31,15787.75,1.0760712638497352,0.204,-0.441,0.00486,0.0463557852208614,0.0057930226602562,0.299125921591886,0.0706580007076263,0.3250279477160853,0.2688959262678884,0.02,0.6901210897386592,0.2422852279404601,0.1050702631473541,0.9108188074923864,0.0,0.0,0.0,0.0,0.0,0.0,0.0,0.0,0.0,27870787.68104152,480.3328005018567,0.1425986016766976,27744040.58254422,226.61104744995663,0.8781348839349821,0.0,0.0,0.0,0.0,0.0,0.0,0.03473,6936.06,-1.21,15341.38,-3.256
9,Steel,1,2,3624.2,7052.64,15888.38,1.707762596011162,0.451,0.193,0.0049,0.0512487530112266,0.0176034162428389,0.2239264577844409,0.058951863348484,1.131256982986975,0.0,0.0,0.0,0.0,0.0,0.0,0.0,0.0,0.0,0.0,0.0,0.0,0.0,0.0,0.0,101135497.35171358,488.1089989749987,0.5165672149074594,91069013.30866808,632.9524591443294,1.4171159633157704,0.0,0.0,0.0,0.0,0.0,0.0,0.0373,6796.69,-3.195,16163.05,1.926
10,Steel,5,3,4385.05,6991.96,15907.39,1.194216066598892,-0.414,0.313,0.00519,0.0902561806440353,0.0130719852052984,0.1618532316486518,0.1054775065183639,0.1894360319970442,0.3029982981499944,0.0908271592855453,0.3942712620965585,0.3182400097722808,0.0835083976387977,0.6039917118778948,0.2927765640536128,0.0613738948106765,0.8157777966120757,0.4244688796628221,0.1014605450630188,0.9549681185868766,0.0,0.0,0.0,30790349.406295355,355.65568239157164,0.1367213466009395,27388320.497773927,576.7093726403476,0.5773997758538691,29267511.94061153,469.5467300131852,1.0306932830847797,0.0,0.0,0.0,0.00479,6991.48,-0.42,15894.03,0.229
11,Steel,2,2,5216.6,6984.15,15883.76,1.415463823080063,-0.525,0.164,0.0055,0.0988864142894744,0.06,0.1792758616552217,0.0603381931781768,0.754265314483497,0.3015179260721397,0.1150629246234893,1.040367966931311,0.0,0.0,0.0,0.0,0.0,0.0,0.0,0.0,0.0,0.0,0.0,0.0,24437327.1930784,87.88977967000001,0.4124654698590629,22570897.51284099,282.8019858963994,1.16455405870537,0.0,0.0,0.0,0.0,0.0,0.0,0.04061,7306.09,4.061,15863.91,0.039
13,Steel,4,3,4375.75,7029.68,15769.44,0.6042719274759293,0.124,-0.557,0.0057,0.0406614443957805,0.0127017258221147,0.1745962819448015,0.0899461042881012,0.0604371927475929,0.2051707820304003,0.1000576370954513,0.197855069361011,0.187213515222684,0.0598438090085983,0.3505646310210046,0.38014750258796,0.0697388535737991,0.4762985451091659,0.0,0.0,0.0,0.0,0.0,0.0,10479398.375720585,721.410403556387,0.0704381927475929,13004134.761156226,506.0948491250829,0.23103629275493,11865831.792474074,298.9813562769324,0.5249000359559423,0.0,0.0,0.0,0.02941,6818.47,-2.885,15948.81,0.575
16,Steel,1,3,3769.23,6981.15,15817.75,1.38256915807724,-0.568,-0.252,0.00621,0.0276513859266831,0.0221211087413465,0.3818569795964259,0.02,0.9518880534697292,0.0,0.0,0.0,0.0,0.0,0.0,0.0,0.0,0.0,0.0,0.0,0.0,0.0,0.0,0.0,4236236.87019546,682.2245327108807,0.3573855339895907,5848106.194269974,262.57435056815245,0.7890112445743781,4689486.537688629,180.77195093520984,1.1632591960597265,0.0,0.0,0.0,0.03087,6952.41,-0.977,15393.3,-2.929
18,Steel,4,2,2131.16,7063.47,15896.16,1.2542784869670869,0.605,0.243,0.00652,0.0596688205599784,0.0270703364490601,0.2374131876418223,0.1216223967075348,0.2567495259191541,0.4935091233099937,0.0962670665979385,0.4451108572663723,0.2821941574958064,0.08084686845541,0.7134147169317453,0.4635669041517201,0.0409501132369041,0.9288584844302364,0.0,0.0,0.0,0.0,0.0,0.0,58777504.69900054,275.2822884466321,0.1904077731765791,58026181.115581386,198.88174229819012,1.105487961509532,0.0,0.0,0.0,0.0,0.0,0.0,0.04003,7093.34,1.03,16471.13,3.868
20,Steel,4,2,2656.11,7053.96,15937.39,1.4617743164300918,0.469,0.503,0.00688,0.0688463104367256,0.0469151531798868,0.1249497770380792,0.0752658009529113,0.2490543760859863,0.1770074929979541,0.0654234352707862,0.521070037144679,0.2931892753551403,0.1136026072502136,0.9896622698233604,0.4992500840146249,0.0776475086808204,1.096935414302331,0.0,0.0,0.0,0.0,0.0,0.0,14601260.87924694,624.7036703179194,0.155209150821019,18631770.517640933,432.670898838742,1.171014400565,0.0,0.0,0.0,0.0,0.0,0.0,0.04088,7284.2,3.749,15599.16,-1.63
21,Steel,3,3,4321.39,6975.8,15799.59,1.1229038789868355,-0.644,-0.366,0.00741,0.047837129920721,0.008353582608144,0.2396409108377354,0.0691753712296485,0.1299387655558222,0.2021503933320745,0.0789515715837478,0.2102823648013438,0.3430481578321043,0.0820661810040474,0.5586274251573888,0.0,0.0,0.0,0.0,0.0,0.0,0.0,0.0,0.0,16644904.79149453,268.83050479610694,0.1122903890215874,17011568.36457737,438.0639219116442,0.3413805568993169,17249787.918736514,603.3718763723273,0.9389811348398568,0.0,0.0,0.0,0.03604,7135.86,1.636,16366.91,3.211
23,Steel,2,3,3794.68,7031.6,15717.29,1.61087421476841,0.151,-0.885,0.00898,0.0579498191475868,0.0154795852642813,0.4312385215957159,0.1261376708745956,0.3580659875590243,0.3755963867666512,0.0817114770412445,1.1529226873772829,0.0,0.0,0.0,0.0,0.0,0.0,0.0,0.0,0.0,0.0,0.0,0.0,38015807.69243875,179.68744033988432,0.200019759739714,40513766.2403682,792.4284353111899,0.930363416224514,44990728.56826375,816.995572042833,1.3447192882661034,0.0,0.0,0.0,0.03891,7093.67,1.035,15262.97,-3.75
24,Steel,1,3,2573.11,6975.76,15757.84,1.4560922861099244,-0.644,-0.63,0.00901,0.029121848634383,0.0085439700772698,0.2771830908247087,0.1057904261350631,0.977639784533745,0.0,0.0,0.0,0.0,0.0,0.0,0.0,0.0,0.0,0.0,0.0,0.0,0.0,0.0,0.0,15521036.615986716,256.7593753902103,0.3327957207914066,22260201.63349501,419.13802942784775,0.7296924246107224,15436813.346959818,174.1892984291787,1.2428845077119923,0.0,0.0,0.0,0.04815,7102.23,1.157,15116.56,-4.674
25,Steel,2,3,5239.82,6971.1,15953.48,1.4783716142177583,-0.711,0.604,0.00933,0.1144412869215011,0.06,0.2039100999227452,0.0958110302686691,0.9216928573268944,0.2799831096323756,0.0659440949559211,1.0086964445355846,0.0,0.0,0.0,0.0,0.0,0.0,0.0,0.0,0.0,0.0,0.0,0.0,17674897.373206176,411.0710460993199,0.2959433527101778,17402157.404689766,431.9026498429926,0.6529390282214745,17943576.3740405,702.5855605846623,1.241983464799457,0.0,0.0,0.0,0.00221,7025.31,0.061,15823.96,-0.213
27,Steel,4,4,5550.99,7022.76,16006.76,1.2425463497638702,0.025,0.94,0.0094,0.0878212848305702,0.0088239465240228,0.4222576783838571,0.0476230229437351,0.2522682936011125,0.2722267712685945,0.0397095617651939,0.5222044112751643,0.3363943586240117,0.1077946490049362,0.6018459676913426,0.4093582129571215,0.1139685970544815,0.900768354636151,0.0,0.0,0.0,0.0,0.0,0.0,30083946.40754348,714.6328064333646,0.176174816413949,26607186.484578174,221.9415951075856,0.5887852057269832,30753685.74433397,467.6029896052871,0.6317023868282705,33312393.48961293,212.47341888238023,1.0392436971947403,0.02579,7023.58,0.037,15448.74,-2.579
28,Steel,2,4,3114.49,6996.07,15999.22,1.1203414022922518,-0.355,0.892,0.0096,0.0879661141633987,0.0134497949225246,0.3260447120755732,0.0223819980584085,0.4016802450115883,0.5225678565378513,0.0757427778840065,0.6263747283859541,0.0,0.0,0.0,0.0,0.0,0.0,0.0,0.0,0.0,0.0,0.0,0.0,6338077.299005966,497.7867053235101,0.1247422466939308,5779720.246898876,799.8129425499325,0.4339286685724653,5925582.097377553,161.4300318883848,0.5451010088529193,6659707.711604549,1018.3280919764096,0.9305698705918604,0.02777,7167.04,2.08,15565.83,-1.841
30,Steel,2,2,2337.92,6981.63,15712.49,1.166817243397236,-0.561,-0.916,0.01074,0.048063794195652,0.0060668321095727,0.3028108114445609,0.1059123194217682,0.4958484663172953,0.4250859372837626,0.1413976550102234,0.8345007334202327,0.0,0.0,0.0,0.0,0.0,0.0,0.0,0.0,0.0,0.0,0.0,0.0,86822047.59100291,393.4335763067309,0.2751549133061718,78320954.42106913,123.64163753014444,0.9987331634104908,0.0,0.0,0.0,0.0,0.0,0.0,0.04053,6779.95,-3.433,16199.31,2.154
31,Steel,2,4,5813.48,6943.99,15843.94,1.1480193704366686,-1.097,-0.087,0.011,0.0665217114090919,0.0121126287298814,0.2624895505784027,0.0775067088007926,0.2076169459250961,0.2564389264990341,0.1462915104627609,0.7397118158752054,0.0,0.0,0.0,0.0,0.0,0.0,0.0,0.0,0.0,0.0,0.0,0.0,15401365.13835219,103.97187513412814,0.1426795920323087,12000375.819134848,428.9282506381506,0.4493863991006631,11437488.109986572,875.625046716241,0.773063558645238,11030729.444032129,427.82710552597297,0.9907797820378804,0.01666,7080.97,0.854,15630.79,-1.431
32,Steel,6,2,3897.81,7051.22,16020.26,0.9662531182169914,0.43,1.025,0.01112,0.0687821205258369,0.0174711848541283,0.3573474726988204,0.1247600543498993,0.175584113136441,0.3018146408005653,0.0876758873462677,0.3095901891313179,0.1813465620846343,0.1109634560346603,0.4358715725319395,0.1927738737680177,0.0570488488674163,0.5444765324721699,0.2009620813628907,0.0642569100856781,0.6405489459069085,0.280515026807201,0.0843637931346893,0.7862114767725585,39331558.910825975,283.6725621708666,0.1427464938627583,29884654.708067324,364.7653568904728,0.8696278054290392,0.0,0.0,0.0,0.0,0.0,0.0,0.04047,7147.36,1.8,16432.51,3.625
33,Steel,5,4,5303.27,6983.73,15702.56,1.2637141704559327,-0.531,-0.978,0.01113,0.049402819097042,0.0105883781454585,0.3424426345439035,0.0263970589265227,0.2514160474459471,0.2442025309994539,0.0887779712677002,0.3977125170033824,0.1257876023291954,0.1009013438224792,0.546079849541572,0.2067176166356886,0.0707720214128494,0.8577703471817071,0.282252148631939,0.080914409160614,1.0092070228030536,0.0,0.0,0.0,19648642.095470887,594.6209994387181,0.1444860712605151,19108563.573975205,299.3238943675264,0.6606856651684898,22211975.049286783,351.0968726582628,0.8167227235077065,21801743.94335555,371.4504442893544,1.1373427521466253,0.04485,7244.09,3.177,16359.69,3.166
34,Steel,4,4,4830.21,7099.18,15856.99,1.0114148333668709,1.113,-0.004,0.01113,0.0692022199630737,0.0153438749860306,0.2006386753531001,0.02,0.2133830180251925,0.2398900327186253,0.087290301322937,0.3992879012047269,0.3115421731416462,0.045329223126173,0.5291738673093369,0.2728156321948327,0.0921770977973938,0.8381126237483496,0.0,0.0,0.0,0.0,0.0,0.0,12863185.156687828,124.8637178307155,0.1232559020194465,12858094.432184618,930.4155482515206,0.4553042015579324,10895034.701061243,1058.1520353694918,0.5522250149153853,9866062.739690736,1099.9999999999995,0.8809031900162246,0.02496,7134.41,1.615,16159.38,1.902
35,Steel,5,2,3272.07,6956.01,15957.18,1.4479243606328964,-0.926,0.627,0.01118,0.0941312571763992,0.0423600271912978,0.367217795842793,0.0924968826770782,0.2081023222505782,0.2910594750505884,0.055691293478012,0.5815044980975848,0.2941230204239474,0.0909931033849716,0.7617364477260902,0.4693848032509327,0.0398846007883548,0.833341621071464,0.1968539319374233,0.1063163781166076,1.0611873592592869,0.0,0.0,0.0,41288024.71817154,1040.123899415922,0.1863286759233731,39935905.20878212,417.294664016624,1.3031319231216822,0.0,0.0,0.0,0.0,0.0,0.0,0.03265,7075.05,0.77,15354.62,-3.172
38,Steel,4,2,5151.26,7070.37,16006.38,0.8663143768906594,0.703,0.938,0.01172,0.0669435586333274,0.0207281152601767,0.2754894344039045,0.123434492945671,0.1125732546195241,0.1629818139839308,0.0468882577121257,0.2530963159477998,0.2061535622552893,0.0896350133419037,0.4512473274712094,0.3380150884959739,0.1044568914175033,0.740950973979366,0.0,0.0,0.0,0.0,0.0,0.0,33345809.51797228,236.65551483764355,0.0972591656046286,34893970.14743548,508.04176536599766,0.7791205401618805,0.0,0.0,0.0,0.0,0.0,0.0,0.02044,7137.68,1.662,16046.33,1.19
40,Steel,3,4,4044.84,6945.63,15770.92,0.9857551664114,-1.074,-0.547,0.01205,0.0487728900015354,0.0142038773682356,0.3687547308959159,0.080730895102024,0.2530071188582012,0.2113077674353331,0.0765258711576461,0.5879091709138959,0.2693416486261355,0.1069819444417953,0.779729160641132,0.0,0.0,0.0,0.0,0.0,0.0,0.0,0.0,0.0,12548420.508342544,509.0226368066341,0.1739453972406107,11591523.789316293,707.9762076917547,0.6969532588050686,9183199.355161048,442.9715400360507,0.8026516703747851,12836933.69878868,587.7213513189545,0.8728856507616298,0.00272,7002.54,-0.263,15846.95,-0.068
42,Steel,4,4,4012.29,7085.31,15727.34,1.1136012345552446,0.916,-0.822,0.01231,0.0577380787730217,0.0283622841061532,0.2455643339866867,0.0903543937206268,0.19021290066743,0.3095993996083119,0.0295965499430894,0.3922355741232978,0.2448210450017196,0.1438625246286392,0.6570066363991472,0.4042038177961001,0.0890665912628174,0.8036922851148499,0.0,0.0,0.0,0.0,0.0,0.0,17704097.08641131,535.8882140876575,0.13400704183681,14400317.37194118,1099.9999999999995,0.4691765744452046,17776714.627311766,713.307506225379,0.5616798569106948,11750880.240868617,293.18335285828533,0.9479383028680286,0.02258,7092.43,1.017,16177.42,2.016
44,Steel,2,4,5563.86,7071.54,16022.08,1.3101825684309003,0.72,1.037,0.01262,0.080822993338108,0.0155591387032817,0.3279726426861381,0.0686953529715538,0.4370512104151843,0.3433482018213655,0.0881182318925857,0.91514242170241,0.0,0.0,0.0,0.0,0.0,0.0,0.0,0.0,0.0,0.0,0.0,0.0,18138627.55749616,970.2195444635374,0.2106377488391238,14602039.161907297,323.2600395640992,0.6053236296352014,14671357.793870475,398.4995113578716,0.8014638898814188,12361400.606670944,543.1621828583901,1.1700941171331989,0.01304,7112.4,1.302,15869.18,0.072
45,Steel,1,4,5196.68,6942.89,15962.36,1.8248554915189743,-1.112,0.66,0.01294,0.0955433928966522,0.0469597455925144,0.3990711409256965,0.0587796700000762,0.5358881922103239,0.0,0.0,0.0,0.0,0.0,0.0,0.0,0.0,0.0,0.0,0.0,0.0,0.0,0.0,0.0,24339505.24836916,289.87125733092125,0.1824855509767529,19128642.237066884,493.1478985419281,0.1824855509767529,25450236.77245184,336.663349616596,0.8503736470176575,22633000.758468594,44.99999999999999,1.2386134297604718,0.03545,6903.77,-1.67,16353.57,3.127
46,Steel,6,3,3839.75,7078.66,15698.73,1.342366662621498,0.821,-1.002,0.01296,0.1116552382707596,0.0374826329849899,0.2389945182170179,0.1119271963834762,0.2813551872669644,0.3807647555943965,0.1000611239671707,0.4515695296041738,0.2381674441314286,0.0555742391943931,0.5875993993881385,0.201246090541667,0.1167016226053238,0.807173885389308,0.228259679691857,0.0241788147762417,0.9363585004188174,0.2229119294616562,0.1128413224220276,1.0841336110010076,20787689.316979066,631.055766712835,0.1971819144391759,21497054.60770155,625.9320796866319,0.8799461960305442,28907787.652511097,388.9682766745614,1.2081299950169817,0.0,0.0,0.0,0.01924,7148.41,1.815,15958.88,0.638
47,Steel,5,3,3441.95,7046.33,16055.14,1.2334412515163422,0.361,1.245,0.01296,0.0921563848257065,0.0198703630504758,0.2676943020347928,0.0508224660158157,0.246435184906838,0.3791898789474295,0.1008601289987564,0.4827617924092676,0.4420354074584499,0.0558068832755088,0.7096654817311516,0.4444369319221344,0.0921826922893524,0.9105613758561872,0.1865075381003165,0.0248549574613571,1.0429335845571026,0.0,0.0,0.0,21332704.182492297,749.7977055153581,0.1453599211072652,21567406.083928265,394.39299639215216,0.4524275851640807,20887138.38004485,161.03628598911388,1.1100971251312666,0.0,0.0,0.0,0.00944,7056.36,0.504,15984.33,0.799
49,Steel,4,4,6352.78,7075.94,15691.78,1.2746101409196855,0.783,-1.046,0.01307,0.0757528663873672,0.0163184187225879,0.2779593186482099,0.1356292456388473,0.2213916168144268,0.2147482919097343,0.0822590786218643,0.5315201602757202,0.3323163949068916,0.0754599499702453,0.8353504562510408,0.2402574922744367,0.0921214473247528,0.9981199701300428,0.0,0.0,0.0,0.0,0.0,0.0,25935376.50504133,297.142432242934,0.1404921054522394,24022616.11727072,825.9623273832024,0.4870237830219938,30228017.34700504,1099.9999999999995,0.6692725380964721,28797791.77628596,208.8608700029229,1.1244343608933356,0.03397,6793.41,-3.242,15696.45,-1.017
50,Steel,1,2,4740.21,7083.9,15702.94,1.9167371273040767,0.896,-0.976,0.01325,0.0875387188792228,0.0493645250428874,0.2465176725686296,0.0758283418416976,0.8818768657583163,0.0,0.0,0.0,0.0,0.0,0.0,0.0,0.0,0.0,0.0,0.0,0.0,0.0,0.0,0.0,45514825.04394539,432.3825630781682,0.2270759684060689,38956905.44064243,747.2390340728228,1.3643528805778096,0.0,0.0,0.0,0.0,0.0,0.0,0.00866,7081.76,0.865,15863.3,0.035
51,Steel,2,3,4332.28,6932.25,15791.31,1.5358519852161407,-1.264,-0.419,0.01332,0.1153629842996597,0.0321487706700446,0.1841084333373564,0.1385286569595337,0.4239355839884786,0.4051128196753474,0.15,1.046828854601744,0.0,0.0,0.0,0.0,0.0,0.0,0.0,0.0,0.0,0.0,0.0,0.0,27425749.87791851,277.65889333889936,0.162905418068834,22066628.483054724,61.36433359786143,0.9190687681089136,21535133.735983144,269.1906014016251,1.3050546312556464,0.0,0.0,0.0,0.02095,6983.63,-0.532,15536.38,-2.026
52,Steel,1,3,6339.34,7044.79,16062.34,1.3209660649299622,0.339,1.29,0.01334,0.1114369891881943,0.0099516936677085,0.3100131032240215,0.0446024098992347,0.6736791401799721,0.0,0.0,0.0,0.0,0.0,0.0,0.0,0.0,0.0,0.0,0.0,0.0,0.0,0.0,0.0,23175429.551895548,408.8603930278412,0.2435333689732335,20735786.45632968,324.83960629992134,0.6558774941627367,19720866.53099852,422.038347049372,1.0485925039685178,0.0,0.0,0.0,0.02384,7058.69,0.537,16226.08,2.323
53,Steel,5,4,5233.37,6945.28,15984.14,0.7089799232780933,-1.078,0.797,0.01341,0.053371114462614,0.0108452978667516,0.3803808366760072,0.08979905128479,0.115346217258158,0.3141030159070918,0.0412589144706726,0.2081185699186671,0.3197250708493074,0.1210557955503463,0.320937196680309,0.3788484813945985,0.1189593410491943,0.4647844164881928,0.3005837730033154,0.0631078308820724,0.6096828823595647,0.0,0.0,0.0,33882890.49261272,382.7023159329749,0.0772326138377745,21289234.206463583,423.4543516463047,0.2859962337969284,28593740.37942152,422.042930269924,0.367547711731586,27671284.66599385,322.6380491443274,0.598224821833998,0.01816,7005.29,-0.224,16143.42,1.802
54,Steel,4,2,1871.72,6925.81,15793.11,1.3812720686197282,-1.356,-0.407,0.01416,0.0538414617180824,0.0209031238162511,0.3399806298764483,0.0554199606180191,0.4478391909747039,0.2499057191678304,0.0998006159067154,0.7307618270740662,0.2568764943171295,0.0380098997056484,0.8780732218258812,0.3996323242337688,0.0757939767837524,1.003879167549805,0.0,0.0,0.0,0.0,0.0,0.0,70729590.35586362,263.44162603598755,0.2373671993541526,81607598.05449226,1099.9999999999995,1.2431448603764834,0.0,0.0,0.0,0.0,0.0,0.0,0.06403,6726.55,-4.194,15090.52,-4.838
55,Steel,1,4,4084.4,6998.95,16086.42,1.6202585130929947,-0.314,1.442,0.01476,0.0492783199548721,0.0150662846202149,0.3764674132669646,0.1107595825195312,0.7445789504869451,0.0,0.0,0.0,0.0,0.0,0.0,0.0,0.0,0.0,0.0,0.0,0.0,0.0,0.0,0.0,50193017.19277573,128.56002940071895,0.4716646713371556,58298402.17799184,1099.9999999999995,0.9899431324880664,53954185.46750585,519.0615921849984,1.1154877997834634,56752539.40258224,866.4158913365042,1.3640662866690614,0.04727,7112.31,1.301,16578.3,4.544
57,Steel,1,3,3408.59,7127.17,15852.09,0.9397561818361284,1.512,-0.035,0.01513,0.0598994734287262,0.0114383332776995,0.2380296960448949,0.0892984682321548,0.5586724870817192,0.0,0.0,0.0,0.0,0.0,0.0,0.0,0.0,0.0,0.0,0.0,0.0,0.0,0.0,0.0,3084851.118735676,212.6109150056023,0.1151588138478932,2508782.54978022,292.0976007217098,0.357070350838124,2787545.725433253,1099.9999999999995,0.7913749657591589,0.0,0.0,0.0,0.01808,7133.69,1.605,15989.72,0.833
58,Steel,4,3,5335.6,6992.96,15623.47,1.3729202151298523,-0.399,-1.477,0.0153,0.0634751324653625,0.0143574296438409,0.3830718867086315,0.1092210817337036,0.2585639465728032,0.3440772883660928,0.069789924621582,0.4186266382331273,0.3397058924924842,0.0739632025361061,0.7654811433895535,0.3591149349636266,0.0708494028449058,1.0061186288586772,0.0,0.0,0.0,0.0,0.0,0.0,62026337.50225487,858.264041619223,0.1450338484841276,53008495.71212393,287.814721195661,0.5145546472815427,60871835.62706784,518.1851621852276,1.1536383454650978,0.0,0.0,0.0,0.01872,7020.31,-0.01,15560.87,-1.872
59,Steel,1,4,4194.38,7000.06,15617.98,1.757604992389679,-0.298,-1.512,0.01541,0.0724793629050254,0.0328652098142545,0.4614450489090863,0.0809117126464843,1.0002367722126464,0.0,0.0,0.0,0.0,0.0,0.0,0.0,0.0,0.0,0.0,0.0,0.0,0.0,0.0,0.0,16516419.080000712,620.205440072618,0.1757605009965729,25002992.638980024,273.0228634019218,0.3375098224930082,22622840.68286596,132.96069802615523,0.6701617110482547,18051445.89145393,369.9385793601056,1.3174485531741302,0.03633,6868.64,-2.17,15395.63,-2.914
60,Steel,1,2,1323.33,6947.72,16044.81,1.4175179064273835,-1.044,1.18,0.01575,0.0310785620957613,0.0173755845079457,0.2835812248322437,0.0921867603063583,0.8760624975840092,0.0,0.0,0.0,0.0,0.0,0.0,0.0,0.0,0.0,0.0,0.0,0.0,0.0,0.0,0.0,42869749.84093256,441.8738244475305,0.37346267565449,52060438.74215587,355.0533351217616,1.1725197569365162,0.0,0.0,0.0,0.0,0.0,0.0,0.01691,6902.61,-1.686,15878.15,0.129
62,Steel,3,2,4339.8,6940.59,16031.22,1.0923454746603969,-1.145,1.094,0.01584,0.0770641086697578,0.01154499258849,0.2825245209196761,0.0732371002435684,0.2943780859098298,0.2689243541323036,0.0776251617074012,0.6815060137854057,0.3175168697019459,0.1125224983692169,0.9282265099535147,0.0,0.0,0.0,0.0,0.0,0.0,0.0,0.0,0.0,28387229.483318333,676.8269663145318,0.1533280360924191,24664703.89061352,424.9519331897593,0.8829285685875825,0.0,0.0,0.0,0.0,0.0,0.0,0.02989,6898.87,-1.739,16243.15,2.431
63,Steel,1,3,3190.96,7121.87,15739.89,0.9805909022688866,1.437,-0.743,0.01617,0.0474213089644908,0.0186084164469643,0.2298768994427379,0.1020616275072097,0.3173199615325835,0.0,0.0,0.0,0.0,0.0,0.0,0.0,0.0,0.0,0.0,0.0,0.0,0.0,0.0,0.0,2056064.0391187123,1028.228437327734,0.1649824689540581,2251254.305382257,335.6865510932611,0.420371055497044,2666457.6293148785,902.2721336692044,0.8092755621429523,0.0,0.0,0.0,0.05159,7348.36,4.663,15507.49,-2.208
64,Steel,6,3,3962.21,6912.54,15769.98,1.111050556600094,-1.545,-0.553,0.01641,0.1023636217117309,0.0228082293803074,0.2430037190942942,0.0924165374040603,0.1314260632883722,0.4030227623895103,0.1348086839914322,0.286119924901873,0.3282975107814692,0.15,0.4894843728592731,0.2962830735754841,0.1237157130241394,0.6576438823037295,0.1541464537671903,0.0381108601391315,0.7942028274833578,0.3431151531739432,0.1058055901527404,0.907599609540836,34325233.82186763,402.41932495746335,0.119785661920325,44248545.264975294,351.48539052490514,0.7579458487065376,33110202.566606574,217.5979715398825,0.9927226079265788,0.0,0.0,0.0,0.01392,7053.49,0.463,15649.48,-1.313
65,Steel,1,3,6011.24,7115.25,15707.83,1.2552158802747726,1.342,-0.945,0.01642,0.0864257721304893,0.003281227302887,0.2498212351744202,0.0867827367782592,0.4520576491115987,0.0,0.0,0.0,0.0,0.0,0.0,0.0,0.0,0.0,0.0,0.0,0.0,0.0,0.0,0.0,14773830.020997703,963.5393679134652,0.1316035208781791,13641633.84165972,55.810186172134806,0.477025662225821,16778426.71515357,278.1252250730448,0.884306889838153,0.0,0.0,0.0,0.00693,6972.37,-0.693,15856.68,-0.006
66,Steel,6,4,5320.96,7013.81,15596.98,1.226957127451897,-0.102,-1.644,0.01647,0.0800842253565788,0.0212682598338467,0.2877892396484351,0.1219455367326736,0.2171236415161384,0.3598196346636197,0.0662942543625831,0.3208546168829271,0.350969919088237,0.1129853767156601,0.4852385792503487,0.2047057658665447,0.0867308133840561,0.6057434137911648,0.4364720199119082,0.1067410868406295,0.8123453885243692,0.2016364134715447,0.1190122562646865,0.9887828035987448,35711831.236056805,1099.9999999999995,0.1226957139721468,39150540.61617445,436.1081558922564,0.5068244506257381,37889531.84265767,568.2855298004353,0.7256036935409644,39563476.45075365,408.6449108472048,1.0892823697202505,0.02006,6931.34,-1.277,15612.4,-1.547
68,Steel,1,4,5614.3,7131.66,15758.28,1.9850561290979387,1.576,-0.627,0.01696,0.0612830013036728,0.0226675111523613,0.2574970659532133,0.1095927047729492,0.388584161817735,0.0,0.0,0.0,0.0,0.0,0.0,0.0,0.0,0.0,0.0,0.0,0.0,0.0,0.0,0.0,22898211.35557769,234.5479965468945,0.2156474983529812,18747210.51300032,373.26648256819175,0.6981907492881532,32471153.55111569,583.2691245556292,0.9609666241987684,30236801.15010368,439.7078250991776,1.4593514136047985,0.04902,6794.87,-3.221,16443.63,3.695
70,Steel,1,4,4487.26,7015.6,16131.2,1.5830586314201356,-0.077,1.725,0.01726,0.0567315100431442,0.0141010955781077,0.3650872492172584,0.0826412552595138,1.1765138355885048,0.0,0.0,0.0,0.0,0.0,0.0,0.0,0.0,0.0,0.0,0.0,0.0,0.0,0.0,0.0,25906361.75148505,481.8952707580757,0.5930654341200391,24806481.775675166,1030.5000358890409,0.952284547837238,23726604.003558844,215.91853894137745,0.9448520250058644,26639966.45892848,654.1123641269586,1.3361161317915669,0.01313,7016.88,-0.059,15649.74,-1.311
71,Steel,2,4,5087.61,6941.12,16065.79,1.4238822788000107,-1.138,1.312,0.01737,0.0946763466596603,0.0526632976811002,0.2693207915933738,0.0968273448944091,0.3603946772500296,0.1544784810102286,0.1039849239587783,0.9575993630184284,0.0,0.0,0.0,0.0,0.0,0.0,0.0,0.0,0.0,0.0,0.0,0.0,10042093.038558029,1018.9766876818622,0.1932624177655338,8377621.194248363,320.9478488687328,0.5828734688482333,10411935.630261302,434.1660845456465,0.8026843671857444,10888518.536977028,472.46809404824415,1.2697096537329793,0.05005,7044.56,0.336,16649.59,4.994
73,Steel,3,3,3575.53,6900.6,15909.85,1.1362562477588654,-1.715,0.329,0.01746,0.069921372950077,0.0520704085409664,0.3486542987610075,0.0547372040152549,0.2993177559654927,0.2233178724390217,0.1183758169412613,0.5143205513352511,0.1652579776284073,0.1053658103942871,0.7878524340051156,0.0,0.0,0.0,0.0,0.0,0.0,0.0,0.0,0.0,6515345.503433542,320.3955545331738,0.1448553313887458,7706486.044810051,364.5839498779911,0.6181701595272511,6511474.279638148,390.9953114018285,0.9909492825986128,0.0,0.0,0.0,0.01602,7054.39,0.476,16100.25,1.53
75,Steel,4,2,3432.88,7093.92,15630.35,0.9434293389320374,1.039,-1.434,0.0177,0.0583571974039077,0.0221996432677057,0.2145903783283476,0.1062790995836258,0.2281719977184009,0.3116547507172497,0.0961048030853271,0.3913323655136562,0.3537002534318924,0.0274350706115365,0.5582562017587569,0.2985056509101529,0.0748005244135856,0.752190572639139,0.0,0.0,0.0,0.0,0.0,0.0,18903667.85362304,342.8799177104278,0.1247643611558612,19730985.70186719,927.5051934982274,0.779326903358716,0.0,0.0,0.0,0.0,0.0,0.0,0.03387,7243.37,3.167,15667.44,-1.2
76,Steel,3,2,2176.98,6905.19,15967.16,1.2294834911823274,-1.649,0.69,0.01788,0.0420558800697326,0.0239503990309994,0.269926392586183,0.1085153079032898,0.3652256510580541,0.1969866803283368,0.0248239722475409,0.6334495233520193,0.2682286989472353,0.0705452391505241,0.959699611130073,0.0,0.0,0.0,0.0,0.0,0.0,0.0,0.0,0.0,19588045.11261994,493.742708774723,0.1667843676656729,26363765.84773061,759.6888684285342,1.0415003731704495,0.0,0.0,0.0,0.0,0.0,0.0,0.01766,6899.96,-1.724,15796.92,-0.383
77,Steel,4,2,4139.06,7125.49,15700.09,1.352522510290146,1.488,-0.994,0.0179,0.1038061003684997,0.0447111707543698,0.3393801833777975,0.1048232609033584,0.5165695893107761,0.218065793839356,0.061406260728836,0.8187789333507656,0.2327432624064345,0.0703149119019508,0.8966306366628627,0.3429866196537658,0.1034502547979354,1.0625204303338658,0.0,0.0,0.0,0.0,0.0,0.0,28585735.34169693,917.3542772519472,0.2313641063386027,36788934.12648851,79.0493821828038,1.1474670477770983,0.0,0.0,0.0,0.0,0.0,0.0,0.03006,7231.97,3.005,15842.79,-0.094
79,Steel,6,4,4339.87,7081.01,16115.68,0.9025308281183244,0.855,1.627,0.01838,0.082928814291954,0.0162204412311209,0.3093533851139429,0.1354177474975585,0.0902630828118324,0.280456216512476,0.0565841960906982,0.262237825192005,0.2552010375061441,0.02,0.3220057062553074,0.2892434103302193,0.0735316401720047,0.4479872937464022,0.2537652250067357,0.0903938341140747,0.5682749523145071,0.3417013023851721,0.0984806489944458,0.7429797473766668,27619252.05294714,383.926211443601,0.1349079123494982,28086917.485419467,503.2443011703019,0.6048598691783857,24023412.08928584,564.9963145704877,0.6557273106312798,27058820.18748745,363.396235251938,0.7929949161834194,0.04504,7197.2,2.51,15264.66,-3.74
81,Steel,1,3,6026.21,7010.71,15565.66,1.448805847764015,-0.147,-1.842,0.01847,0.0656066116094589,0.0246284358361019,0.2183228193276569,0.1050917035341263,0.979862573705476,0.0,0.0,0.0,0.0,0.0,0.0,0.0,0.0,0.0,0.0,0.0,0.0,0.0,0.0,0.0,16155635.133032275,604.7972712191998,0.4429692955670492,14627475.344166428,780.0863718358625,1.0582940541861987,15560890.502078352,460.3435828976032,1.3039252615388082,0.0,0.0,0.0,0.03409,6979.6,-0.59,15325.24,-3.358
83,Steel,3,4,6583.18,7105.66,16085.14,1.5335386604070664,1.206,1.434,0.01874,0.1256624264717102,0.0205183034126702,0.3157377010428304,0.0711707296967506,0.2600634666176225,0.2443044337857099,0.1472399628162383,0.6433717342649421,0.4095156907560239,0.1195643597841262,1.1747149009589366,0.0,0.0,0.0,0.0,0.0,0.0,0.0,0.0,0.0,49968640.498867646,715.8489982924764,0.2107582611324777,50709743.89982469,497.7000304321198,0.879790126152998,40497224.59033462,129.52857378414888,1.0166292487879875,42341521.54516447,721.6402456017287,1.357656628844841,0.02271,7091.57,1.005,15534.8,-2.036
85,Steel,5,2,2596.17,6998.3,16151.6,0.8403809681534767,-0.323,1.853,0.01881,0.0729550021886825,0.0134069966273284,0.2097407997028738,0.0766542422771453,0.1592684499319204,0.370385694986619,0.071484594643116,0.2932867011549065,0.4798288919091427,0.0899141877889633,0.4472139047906338,0.4700798841303811,0.0933778446912765,0.5603316524839834,0.3796245783091022,0.0971982318162918,0.7421982568235517,0.0,0.0,0.0,24531744.16964903,618.9979397257024,0.1320590843953356,22697673.54396269,464.3349578864109,0.7563428704977481,0.0,0.0,0.0,0.0,0.0,0.0,0.04199,7089.67,0.978,15210.14,-4.084
86,Steel,4,3,4305.3,6902.59,15989.98,1.3386454284191132,-1.687,0.834,0.01882,0.0588885542750358,0.0060810077871722,0.2781278477760208,0.1369120889902114,0.1630914514271542,0.2764389359419586,0.1108135205507278,0.5972075510388737,0.2136076071579958,0.086753385066986,0.8688696154238097,0.1739765024400599,0.0353467588126659,0.9465078069997492,0.0,0.0,0.0,0.0,0.0,0.0,46487837.054684505,625.7163884161739,0.1948755573377886,59898173.71418683,171.4089014053197,0.985460202262446,49735897.44902745,578.3839859297614,1.2047808842385563,0.0,0.0,0.0,0.02461,7126.57,1.504,16166.63,1.948
87,Steel,2,2,2777.62,7137.56,15714.97,1.352213978767395,1.66,-0.9,0.01888,0.0383053132593631,0.0104847513744771,0.1683713562831944,0.1095861572027206,0.9088215359928894,0.3308458067020502,0.02,0.981906118083542,0.0,0.0,0.0,0.0,0.0,0.0,0.0,0.0,0.0,0.0,0.0,0.0,13672876.170920748,431.34691691478974,0.3696368603606593,13745824.273760268,409.5510587939816,1.1480725134479872,0.0,0.0,0.0,0.0,0.0,0.0,0.03578,6974.91,-0.656,15299.87,-3.518
88,Steel,2,4,4219.12,6910.58,15688.6,1.5888678014278412,-1.573,-1.066,0.019,0.0528385409116745,0.0072908142361206,0.3465778432699116,0.0977976250648498,0.4199915147790375,0.2918652095593922,0.0550578063726425,1.3824636409601954,0.0,0.0,0.0,0.0,0.0,0.0,0.0,0.0,0.0,0.0,0.0,0.0,13459880.809434105,378.0334871623178,0.1860531401230567,14315245.82501403,571.6285250711928,0.7045961442920122,13450470.21348155,374.736327187079,1.0403392588218363,13551842.895493548,363.1996626868071,1.4299810196961893,0.04823,6712.35,-4.396,15542.91,-1.985
89,Steel,5,2,5346.79,7083.83,16125.33,1.1025206744670868,0.895,1.688,0.0191,0.092679476737976,0.0067049605207565,0.2553443337534152,0.1259889829158783,0.1846574249474902,0.2445739935825514,0.1305113005638122,0.3366171184264671,0.2994592717154702,0.0622050216794013,0.5905335845072156,0.2590616675877291,0.0589878749847412,0.8191465030457337,0.3353188483749186,0.1133755654096603,0.9450057267876216,0.0,0.0,0.0,60028002.19920708,531.5904843408675,0.1641031679084645,52750541.74012633,385.8480840083525,0.9239014335485328,0.0,0.0,0.0,0.0,0.0,0.0,0.04186,7274.34,3.608,15521.09,-2.123
90,Steel,5,3,3181.6,6937.26,15619.29,1.1381020888686182,-1.193,-1.503,0.01919,0.0868612038493156,0.0176156074368268,0.2814116308359981,0.0536325088143348,0.1690522510521269,0.4083319137367642,0.094966943860054,0.4073896046451268,0.2258358128722466,0.0758176526427269,0.6105058921077026,0.3526761850117346,0.1000253331661224,0.7909364057145902,0.2569245708898566,0.0405497699975967,0.9653262165115244,0.0,0.0,0.0,18450636.243813943,151.6411960509269,0.1576544960974061,20547186.35040117,470.4767633544975,0.9810293716991096,16952831.91536543,699.5557019462844,1.0242918788436544,0.0,0.0,0.0,0.01309,7033.06,0.172,15651.99,-1.297
91,Steel,1,2,5383.26,7090.59,15592.95,1.3554361373186112,0.991,-1.67,0.01942,0.1110269829034805,0.0062805545926617,0.2823239411959707,0.1168081504106521,0.7983102168498812,0.0,0.0,0.0,0.0,0.0,0.0,0.0,0.0,0.0,0.0,0.0,0.0,0.0,0.0,0.0,36688253.0751548,577.184337721153,0.4933725777998442,37118150.307277374,1099.9999999999995,1.148892095515333,0.0,0.0,0.0,0.0,0.0,0.0,0.01218,7085.99,0.926,15732.2,-0.791
92,Steel,4,3,4253.91,7043.9,16162.4,0.8985934674739838,0.326,1.921,0.01949,0.0616586019992828,0.0133524803962701,0.3282146868799053,0.02,0.1489735347517461,0.2260507372673794,0.087346773147583,0.3385707361949135,0.2037890803451343,0.0998017704486847,0.5626224198385112,0.2300538657545814,0.0846040618419647,0.7187606410149657,0.0,0.0,0.0,0.0,0.0,0.0,8859506.344543876,330.6113259595331,0.0898593476459918,12089276.307302663,294.39875335509447,0.2847428673617477,9756630.5385922,791.4281107130255,0.7451781891006687,0.0,0.0,0.0,0.02346,7030.19,0.131,16229.07,2.342
93,Steel,4,3,4357.39,7031.41,16167.87,0.906718884408474,0.148,1.956,0.01962,0.081274328649044,0.0134107396243269,0.2144148654721778,0.1446554547548294,0.0906818884408474,0.4895615424305189,0.094112993478775,0.3132842165748039,0.3423240326875982,0.0578532779216766,0.4792613708872387,0.4310240415023316,0.0619494146108627,0.66669580570927,0.0,0.0,0.0,0.0,0.0,0.0,27507030.56213141,298.8401806551344,0.1006828884408474,21670489.14384462,453.0003154578346,0.3967023985740429,24501456.4342026,446.9698896631957,0.744020847894004,0.0,0.0,0.0,0.03128,6957.23,-0.908,16332.38,2.993
95,Steel,1,3,6207.85,6998.1,16165.66,1.334797164797783,-0.326,1.942,0.01969,0.1115648950338363,0.0233425626042244,0.2591648286665041,0.106623408794403,0.5331392410303537,0.0,0.0,0.0,0.0,0.0,0.0,0.0,0.0,0.0,0.0,0.0,0.0,0.0,0.0,0.0,22502022.660059463,610.3434981932209,0.2219774590655302,26045806.413228527,181.07852668931616,0.5746604994084715,26919920.412403736,405.0432560450837,0.9737584648037164,0.0,0.0,0.0,0.02591,6999.59,-0.305,16265.67,2.573
96,Steel,3,3,2962.39,7129.52,16051.97,1.044334088265896,1.546,1.225,0.01972,0.0530557574033737,0.0109769130376495,0.3640915762291912,0.0980561029911041,0.3575068694594504,0.2582819507117908,0.1019865745306015,0.6405924084149848,0.2624511383662078,0.0672099417448043,0.8258155740309698,0.0,0.0,0.0,0.0,0.0,0.0,0.0,0.0,0.0,14038865.392775258,437.8480637257714,0.2042615870297376,14629777.30457249,381.38537895386486,0.8684389870880528,11408769.82862972,1099.9999999999995,0.9399006783949724,0.0,0.0,0.0,0.0627,7350.77,4.697,16516.39,4.154
97,Steel,5,4,3984.49,6884.97,15916.15,1.1701121792197229,-1.938,0.369,0.01972,0.0860987328290939,0.0249963647352554,0.2509343222141605,0.1295264917612076,0.2868643167640144,0.2652814868875927,0.1229321199655533,0.5259883270470864,0.4123221773893238,0.0246818880364298,0.7734141565132089,0.3434863527895698,0.0225340491533279,0.8052454718956555,0.2030178050385547,0.0611944681406021,0.9315111893653172,0.0,0.0,0.0,12104570.141864743,254.4883869350323,0.1328663032713568,12281660.597334512,879.0435970885303,0.2534759828262486,11150332.062500158,225.868894735712,0.392041819119827,13771693.532546928,366.9734146370488,1.0141094400367998,0.02884,6897.74,-1.756,15494.96,-2.287
98,Steel,4,2,4631.63,7117.24,16083.09,0.8915675938129425,1.371,1.421,0.01975,0.0678473295569419,0.0207935587319514,0.4179979922792423,0.0329221189767122,0.1177231664010695,0.2811266948789384,0.0910655295848846,0.3097541752260119,0.3325300484265171,0.0512600897252559,0.5300668937779291,0.272104861576747,0.1123892766237259,0.7268088578898597,0.0,0.0,0.0,0.0,0.0,0.0,25237580.08848962,175.83372661339797,0.1363408758540933,31117419.26211048,682.8441578289342,0.7609372078409694,0.0,0.0,0.0,0.0,0.0,0.0,0.0305,7213.34,2.739,16070.28,1.341
100,Steel,3,4,4889.34,7038.47,16171.99,1.1419854179024695,0.249,1.982,0.01997,0.0734664986133575,0.0244724311854558,0.324134133297386,0.0593460309505462,0.2226786549617694,0.3653398390368989,0.0904923576116562,0.4237752122212814,0.3382285211936016,0.0612479993700981,0.7706417280585587,0.0,0.0,0.0,0.0,0.0,0.0,0.0,0.0,0.0,13248619.414760957,1005.72300530366,0.1141985429322323,14407897.370416326,606.0524640526214,0.2934678735230012,13717087.44741377,448.3688179389586,0.5345479157817841,12727112.529625636,450.733143782989,0.9669184715789764,0.00512,7023.82,0.04,15938.63,0.51
101,Steel,3,2,4543.02,7140.94,16022.85,1.337777614593506,1.708,1.041,0.02001,0.1155792020559311,0.0132607485293308,0.3214732976489785,0.0596659359335899,0.2830943491204172,0.3486672415555348,0.15,0.5080251394166934,0.2468274367491484,0.106563481092453,1.0210693582232575,0.0,0.0,0.0,0.0,0.0,0.0,0.0,0.0,0.0,37867181.160748415,469.1824184633245,0.2475786785380229,45094406.552685015,522.6798407679494,1.082661379033648,0.0,0.0,0.0,0.0,0.0,0.0,0.03143,7226.39,2.925,15675.28,-1.15
103,Steel,2,3,5499.12,6879.61,15896.38,1.964462697505951,-2.014,0.244,0.02029,0.0659147003293037,0.018157884387441,0.3998849424430913,0.0544088065624237,0.7591573946033947,0.416028071046251,0.1011997348070144,1.5220829559426563,0.0,0.0,0.0,0.0,0.0,0.0,0.0,0.0,0.0,0.0,0.0,0.0,81302900.3716172,531.819018571504,0.2844042358999319,90263906.1612822,128.16135878584043,1.0105156902741157,84390247.91788444,438.1180908923176,1.7181925166886842,0.0,0.0,0.0,0.0298,6885.04,-1.936,16216.8,2.265
105,Steel,2,4,5730.3,7145.13,15693.29,1.5039803922176362,1.768,-1.037,0.0205,0.1201414847373962,0.0166949403834195,0.4509430254216218,0.0864553427696228,0.3495740587073181,0.2531136994785259,0.1051106256246566,0.8453769241091621,0.0,0.0,0.0,0.0,0.0,0.0,0.0,0.0,0.0,0.0,0.0,0.0,25980969.33243996,650.9613144420001,0.1597489351648699,29671371.709670264,502.6298088639144,0.5637290518029345,31814117.279561933,530.0856899699442,0.6815449949341096,30959426.80899409,401.0236129390472,1.2472959075424148,0.0221,7130.89,1.565,15610.17,-1.561
106,Steel,5,2,4164.73,6876.67,15831.79,0.8690860331058502,-2.056,-0.163,0.02062,0.0568706093430519,0.0163100869435239,0.2998867974995335,0.0344526629149913,0.1611780922959352,0.2209458121581321,0.0605946332216262,0.255696956860773,0.3556281400039628,0.0275572932139039,0.5163948270985041,0.2133091316748478,0.053946509361267,0.6559670733452326,0.3605111054998445,0.1047553211450576,0.765762045633427,0.0,0.0,0.0,21733631.44929536,357.1064545258261,0.1038784425050327,26076096.543080896,532.6407695685855,0.7812484000034328,0.0,0.0,0.0,0.0,0.0,0.0,0.03909,7015.5,-0.078,16477.45,3.908
110,Steel,3,4,5359.9,6928.58,15588.96,1.2928838521242143,-1.316,-1.695,0.02146,0.0884687193036079,0.0109136372295345,0.4003261424708666,0.0838489836454391,0.2733109099095462,0.2986358402490613,0.1022023421525955,0.677785051516925,0.2939225171165078,0.1191697698831558,0.9148238012998312,0.0,0.0,0.0,0.0,0.0,0.0,0.0,0.0,0.0,24049689.39125179,237.58021723357515,0.1958673962120764,24607997.73585374,644.3585173093703,0.639465450570999,27170761.78342856,315.23094104506265,0.756269978101106,24174323.41526972,481.4751436550909,1.1135753107764228,0.0438,6830.65,-2.711,15312.1,-3.441
111,Steel,3,3,3489.82,6873.1,15791.7,1.1225521221756936,-2.107,-0.416,0.02147,0.095503155708313,0.0151790865637538,0.2193579559056989,0.1419647908210754,0.2319808144068177,0.3891684883823498,0.1122902727127075,0.5408527770938434,0.3294673432648093,0.0979562544822693,0.7227930169369707,0.0,0.0,0.0,0.0,0.0,0.0,0.0,0.0,0.0,14229999.556795716,752.4277808818795,0.1201022061654442,17013902.5814339,251.43037420222328,0.29206024441623,14738295.32503542,774.0714494529021,0.9176563559939588,0.0,0.0,0.0,0.01904,6889.02,-1.88,15809.7,-0.303
112,Steel,5,3,3208.83,6889.9,16028.71,1.2931401163339615,-1.867,1.078,0.02156,0.0730209441184997,0.0144542717342486,0.2557167155993211,0.0684385642409324,0.2739351703250462,0.2431677581249333,0.0626514419913292,0.4489606127863141,0.3633925554337808,0.122040736079216,0.6555017755439206,0.2086479678868725,0.1058886474370956,0.8382024262040183,0.3036388966553764,0.15,1.1638161047005653,0.0,0.0,0.0,41866248.73689402,1077.09804946095,0.1363990262203429,60248990.22146464,930.3699927240218,0.2425154055667341,50035472.33686486,256.72141789396494,1.1472731882768774,0.0,0.0,0.0,0.00394,6993.4,-0.393,15862.21,0.028
113,Steel,1,4,5962.57,6942.01,16150.12,1.1618088439106942,-1.125,1.844,0.0216,0.0462623971104621,0.0125687814007189,0.2929807411028889,0.0749131309986114,0.5026786318047127,0.0,0.0,0.0,0.0,0.0,0.0,0.0,0.0,0.0,0.0,0.0,0.0,0.0,0.0,0.0,9458752.32297335,730.0432039534736,0.1541812962611683,6852244.536542961,370.1607312558161,0.3327083822740386,9827760.221578212,459.93190500324965,0.5542235822017214,8213140.3420463,479.7398864885561,0.7967125124009629,0.038,6756.73,-3.764,15775.51,-0.518
114,Steel,2,4,6050.19,7173.13,15850.0,1.8973656922578808,2.167,-0.049,0.02167,0.0833524558544159,0.0517911527117211,0.2452331644707441,0.1114401578903198,0.5856802737876226,0.566295782501998,0.0639843839406967,1.4220487265705637,0.0,0.0,0.0,0.0,0.0,0.0,0.0,0.0,0.0,0.0,0.0,0.0,34400184.42681391,462.0488219227588,0.2408432512970755,42222810.603270784,519.1828477601742,1.1707577216221527,30533325.94466881,601.9516758593892,1.2179349821324363,41214261.702246524,393.9173470886537,1.6426669032054246,0.02361,6880.62,-1.999,15658.55,-1.256
117,Steel,5,3,4898.57,7173.55,15876.24,1.0320845156908036,2.173,0.117,0.02176,0.0685492035746574,0.0063499716724525,0.3298342081221806,0.0998699504137039,0.2015170004387236,0.4182687105124887,0.0751780790090561,0.4170443655182393,0.1750961050357657,0.0559330731630325,0.493915868620849,0.2987822716067977,0.15,0.6860257592673785,0.2551419485470292,0.055253791809082,0.8055429030959552,0.0,0.0,0.0,28954591.221691582,438.8761569392224,0.1375850126944759,34777384.53461495,718.6107667841756,0.4464626301082204,29627317.57894221,410.5311671899963,0.8878993167600651,0.0,0.0,0.0,0.03508,7201.93,2.577,15480.31,-2.38
118,Steel,4,3,4338.79,6928.64,16134.35,1.384003421664238,-1.315,1.745,0.02185,0.1089133117198944,0.0190993822725122,0.2949614158455886,0.0678055924177169,0.381818573346961,0.2599381033321876,0.0957543569803238,0.6682288645611523,0.4001337868099033,0.0922946828603744,0.9859929705610112,0.289143370423984,0.0771791443228721,1.0936819863744731,0.0,0.0,0.0,0.0,0.0,0.0,25393176.524834707,481.16015120779366,0.2178813895769719,31628166.183344223,704.8810668477557,1.1061149427990151,22788956.702221155,296.0451204932937,1.245603078113811,0.0,0.0,0.0,0.02069,7052.37,0.447,16178.08,2.02
119,Steel,3,3,3432.27,7100.95,15561.08,0.9186300426721572,1.139,-1.871,0.0219,0.0614042080044746,0.0255592687506529,0.4759055668113475,0.0535176473855972,0.0918730042672157,0.3561890005132488,0.0568723356723785,0.2040187900067375,0.3035195064742239,0.0902873682975769,0.4743234569749733,0.0,0.0,0.0,0.0,0.0,0.0,0.0,0.0,0.0,12851174.285347158,812.4078250926823,0.1202566874957266,12036208.006335258,494.35019763930296,0.4133165654020041,11808490.6011461,279.2335103214133,0.6961140277854618,0.0,0.0,0.0,0.04263,7071.79,0.723,15191.52,-4.201
120,Steel,6,3,6126.99,7118.2,15587.71,1.0862304747104643,1.384,-1.703,0.02194,0.084869302213192,0.0113685834310943,0.4064307988123689,0.0933433943986892,0.112980705194528,0.205997142794508,0.0732118552923202,0.2688329863879705,0.3030717003337684,0.0551878705620765,0.4652262014957469,0.2354757041263989,0.0875712424516678,0.6044241171181878,0.2709105372055421,0.0798919421434402,0.743225748296989,0.293258658459786,0.0855601388216018,0.8849741640276371,46717498.86766084,203.50337381410588,0.1319996121062251,42656004.0181618,301.43998164681034,0.4291516513519779,47940635.09873191,821.8058558902699,0.975126280343208,0.0,0.0,0.0,0.04602,6713.09,-4.386,16078.78,1.394
121,Steel,5,4,4103.48,6992.75,16200.88,0.8863421306014061,-0.402,2.164,0.02201,0.0615982123613357,0.0166720386375636,0.2641334776843207,0.0456765814125537,0.1504484282158689,0.1643518759230117,0.0596943345665931,0.31392958434688,0.2454781196508486,0.0809730970859527,0.4905363054207102,0.2562473363421359,0.0716791582107543,0.6316160335901072,0.2738782019394813,0.0709631136059761,0.7232461961591022,0.0,0.0,0.0,9642947.482722688,383.0729643398034,0.0977058451852647,8831479.506021526,449.6310139897859,0.2769197612104677,8594392.196630163,955.1165751544768,0.4495641834974415,9126602.271195872,341.342993977748,0.7977079166549234,0.02209,7121.75,1.435,16123.99,1.679
122,Steel,4,2,2991.1,7126.78,16118.25,1.4418766796588898,1.507,1.643,0.02229,0.0801613988280296,0.022392225095737,0.3677963425538991,0.1370549887418747,0.301092807515056,0.3137914231595305,0.0771407344937324,0.5880371279613159,0.2479368007182153,0.0309062896668911,0.8908395290040672,0.3866989358696195,0.1264566576480865,1.039237954430796,0.0,0.0,0.0,0.0,0.0,0.0,68324815.83581276,265.1621467954101,0.1677096720660009,57289397.46441496,541.0647000111666,1.276637982051207,0.0,0.0,0.0,0.0,0.0,0.0,0.00372,7008.61,-0.176,15909.56,0.327
123,Steel,2,4,4320.12,6923.53,16136.54,1.3384441882371902,-1.388,1.758,0.0224,0.0951989645957946,0.0415816093689247,0.2565818444676362,0.0439007428288459,0.445715690744549,0.1722597571945325,0.0683255934715271,1.000170403700455,0.0,0.0,0.0,0.0,0.0,0.0,0.0,0.0,0.0,0.0,0.0,0.0,7172519.981808302,682.9001013082047,0.2437170744382493,8084581.4246784095,778.9217450691793,0.8311559935475472,8214288.907136982,417.888258978711,1.049416654809206,6815597.702397565,711.3079681816849,1.2045997680750269,0.01656,6965.66,-0.788,16088.74,1.457
124,Steel,1,2,6217.4,6879.73,16015.88,1.5077003031969072,-2.012,0.997,0.02246,0.1311927884817123,0.0142918273092251,0.1973465775175899,0.0815909281373024,0.4848990062592057,0.0,0.0,0.0,0.0,0.0,0.0,0.0,0.0,0.0,0.0,0.0,0.0,0.0,0.0,0.0,39955618.49340624,383.1236180561567,0.2837197148748713,36915136.55605707,327.2649318089348,1.206196394136008,0.0,0.0,0.0,0.0,0.0,0.0,0.02035,6888.33,-1.89,15977.36,0.755
125,Steel,3,4,6568.59,7119.14,15577.47,1.5958591610193251,1.398,-1.767,0.02253,0.0842104626893997,0.0281288842908697,0.2726842897849137,0.15,0.3370127961481678,0.2342522899632922,0.0845767751336097,1.0512447173240305,0.3489258971785929,0.0896056151390075,1.245729174727308,0.0,0.0,0.0,0.0,0.0,0.0,0.0,0.0,0.0,36101962.428667165,252.74773460360336,0.221883665788535,29461197.390418675,565.6295044246388,0.7891061484915567,28285247.07673721,411.1461593920026,0.8873904038612266,35702473.60289959,334.9405130032153,1.381303354831164,0.02493,6947.2,-1.051,16216.19,2.261
126,Steel,2,4,3677.66,6866.08,15773.45,1.3814611792564393,-2.207,-0.531,0.0227,0.0774594216942787,0.0370929335562125,0.2178837221811773,0.1180109351873398,0.4367287979100034,0.3870063874468145,0.1223747473955154,1.1151003241105952,0.0,0.0,0.0,0.0,0.0,0.0,0.0,0.0,0.0,0.0,0.0,0.0,12738680.274589254,257.57397412616643,0.1952518110555454,13364339.336494513,453.8628993779299,0.5916390280735879,11402508.169998966,244.4107461144126,0.856734558765289,10092692.31051066,343.7403543202055,1.243315059949334,0.02909,6817.34,-2.901,15822.26,-0.224
127,Steel,1,2,3400.65,7004.86,15496.4,1.6127980709075929,-0.23,-2.278,0.0229,0.0433399766385555,0.0190489817126498,0.2170437002176077,0.0463380680978298,0.7219640646817516,0.0,0.0,0.0,0.0,0.0,0.0,0.0,0.0,0.0,0.0,0.0,0.0,0.0,0.0,0.0,28370568.35537869,145.87734605469487,0.4973151837290683,25661731.645726666,273.9928685423836,1.396386065208605,0.0,0.0,0.0,0.0,0.0,0.0,0.01902,6953.18,-0.966,15597.8,-1.639
128,Steel,5,2,4311.42,7063.03,16208.31,1.2067766517400742,0.599,2.211,0.02291,0.0884870350956917,0.0102985799902528,0.4200398412977157,0.0819032782316207,0.1819595598884842,0.4104037362053381,0.0952718824148178,0.2774014319204557,0.3201081615273713,0.0608619290590286,0.5008259394889819,0.3096288387911767,0.1218121832609176,0.7596293655392234,0.295297155495418,0.0733934941887855,0.958068566987368,0.0,0.0,0.0,61331390.92801813,652.9204469943746,0.1952882815235865,53643537.20580082,564.314267674777,1.0300596400171464,0.0,0.0,0.0,0.0,0.0,0.0,0.03008,6941.1,-1.138,16299.25,2.784
129,Steel,4,2,4287.84,6863.22,15771.6,1.275419181585312,-2.247,-0.543,0.02312,0.0855919423103332,0.048380903312909,0.4090954766945665,0.0455770273506641,0.3031537986203662,0.2522530865605062,0.0789965289831161,0.4702677742913718,0.224731003457277,0.15,0.8973303553523264,0.4090642877607159,0.1178130513429641,1.1247000275210242,0.0,0.0,0.0,0.0,0.0,0.0,43224259.11400371,252.3615490219456,0.2060708899984231,43052872.95172928,370.4024931582237,1.1478772621513618,0.0,0.0,0.0,0.0,0.0,0.0,0.03114,6806.02,-3.062,15768.27,-0.564
130,Steel,2,2,2444.76,7126.89,15578.26,1.011076419055462,1.508,-1.762,0.02319,0.061299929022789,0.0094087087619014,0.2539106911394796,0.1279181683063507,0.3854470235170533,0.3338002728306568,0.119955176115036,0.603004422856005,0.0,0.0,0.0,0.0,0.0,0.0,0.0,0.0,0.0,0.0,0.0,0.0,7383051.403105406,940.210193360828,0.1274227358560135,7358840.186914254,728.0461307940636,0.8150708023160844,0.0,0.0,0.0,0.0,0.0,0.0,0.04156,7245.3,3.195,15436.14,-2.658
133,Steel,2,4,4734.07,6925.47,15554.5,1.2560133427381517,-1.361,-1.912,0.02347,0.0876240895986557,0.0487916299279861,0.2841216302046284,0.0896781265735626,0.5344801479419168,0.2141105023633848,0.048115446716547,0.8799651938565969,0.0,0.0,0.0,0.0,0.0,0.0,0.0,0.0,0.0,0.0,0.0,0.0,6142553.280252369,161.4683119254993,0.1640520925536617,6387110.135564186,156.98498729232762,0.4525711864622589,7309726.908844355,387.1893566273363,0.775429247163618,6290160.486589487,813.1187323834025,1.1304120072083232,0.04909,6834.26,-2.66,15203.38,-4.126
134,Steel,1,4,5352.44,6890.18,15626.69,1.290878728032112,-1.863,-1.457,0.02365,0.0822493483424186,0.0310718930648272,0.3663029053036515,0.0891613334417343,0.8123125563085649,0.0,0.0,0.0,0.0,0.0,0.0,0.0,0.0,0.0,0.0,0.0,0.0,0.0,0.0,0.0,10319973.339272922,564.9831822332208,0.3133886155690986,10924851.71689172,1099.9999999999995,0.7542357955366604,9503725.48777367,474.20884946363645,1.0031983696642517,9790801.565677049,289.3922882730937,1.1617908539380222,0.02478,6866.79,-2.196,15675.81,-1.147
135,Steel,2,4,4379.32,6857.32,15787.41,1.2954522281885148,-2.331,-0.443,0.02373,0.046583183735609,0.0104990539668463,0.3383131082015578,0.0371342842280864,0.4123191215483894,0.2690697115251591,0.0945537960529327,1.1658970053696631,0.0,0.0,0.0,0.0,0.0,0.0,0.0,0.0,0.0,0.0,0.0,0.0,16732836.70320317,1019.5672260411816,0.2100576311232115,11842404.117899103,472.80315802278216,0.6285203965202162,12590521.09014832,574.9112216610916,0.7611608562410499,14537804.692646602,319.7480666748353,1.1098917194320177,0.03778,7069.26,0.687,15268.67,-3.715
136,Steel,5,2,3868.07,7112.17,15542.65,1.4286980390548707,1.299,-1.987,0.02373,0.1175697833299636,0.0413821612628497,0.4018656815075078,0.0542794707417488,0.3491515201387156,0.3038394631618553,0.0539192923903465,0.4934650688286386,0.3102008596530183,0.1108172941207885,0.8196353317450964,0.1787658704626199,0.0728927987813949,1.0878153179535592,0.2461435288418332,0.1138981854915619,1.1865786258402231,0.0,0.0,0.0,38621955.89730362,616.591631857073,0.1677774935117025,31553301.26510555,478.1843136257585,1.2727335765242462,0.0,0.0,0.0,0.0,0.0,0.0,0.03019,7034.84,0.197,15379.98,-3.013
137,Steel,5,2,4499.71,7139.92,16121.79,1.19454587996006,1.694,1.665,0.02375,0.0913572441339492,0.0418191453343841,0.1978912822727123,0.0997251522541046,0.2185531448952746,0.3195361468158657,0.1108425158262252,0.4666464231490321,0.248096389349438,0.1010574239492416,0.6250962560048091,0.2365762279220163,0.0880308973789215,0.8733187864157832,0.3359249954042839,0.0726952171325683,1.0535649237857363,0.0,0.0,0.0,45570411.533453934,262.01620660767645,0.1380114414024402,45948384.7989106,729.1577497221484,0.9940048596099086,0.0,0.0,0.0,0.0,0.0,0.0,0.04124,7284.66,3.755,15587.28,-1.705
139,Steel,4,3,5260.2,7178.75,15728.68,1.5388480931520463,2.247,-0.814,0.0239,0.1128528997898102,0.0279049723471333,0.3735787297950934,0.0879075008630752,0.1538948093152046,0.3587342687141734,0.0859226340055465,0.2438198767495156,0.2870111293643413,0.0662339624762535,0.5964786636411601,0.4397181150359781,0.0874050116539001,1.0662776248252437,0.0,0.0,0.0,0.0,0.0,0.0,45913455.68472785,668.2728212471312,0.1638958093152046,54802345.39173799,259.1926612215664,0.7590542096057313,62172563.68610629,1099.9999999999995,1.337049495414206,0.0,0.0,0.0,0.04374,7174.59,2.188,16458.27,3.787
141,Steel,1,4,4871.43,6852.42,15828.47,1.6582240998744966,-2.401,-0.184,0.02408,0.0635605158805847,0.0257171230135798,0.2820922581395038,0.1039042299985885,0.8276356322673606,0.0,0.0,0.0,0.0,0.0,0.0,0.0,0.0,0.0,0.0,0.0,0.0,0.0,0.0,0.0,20310739.94900777,447.936868980103,0.4374877376451587,25310589.0535181,1074.4373151737077,1.1590546717373766,17390920.954271965,459.79128606817983,1.2730982524697183,19708115.923811063,579.8483310822262,1.4633768748458302,0.0128,7035.46,0.206,15657.33,-1.264
142,Steel,2,4,3210.7,6984.74,16235.27,1.2758012622594834,-0.516,2.381,0.02436,0.0558419118523597,0.0044314871365637,0.4223133087061372,0.1182970291376113,0.3870655358030914,0.5710779550354486,0.1076909184455871,0.6816897937410119,0.0,0.0,0.0,0.0,0.0,0.0,0.0,0.0,0.0,0.0,0.0,0.0,32513592.32543065,450.30243453426186,0.290381506517428,21141390.492497828,305.6294946444484,0.7978683965374456,25058098.30496594,260.19015626745244,0.9131263374275752,30659728.885292176,498.1568080389185,1.0942524969612375,0.01678,6931.94,-1.268,15683.45,-1.099
145,Steel,3,2,2869.3,7166.87,16069.65,1.767964506149292,2.078,1.337,0.0247,0.0808748344779014,0.0145956730543946,0.2511747177280545,0.0989722436666488,0.3085276194545456,0.2964000249031811,0.129867073893547,0.5419031170666742,0.3861024260893283,0.1120627117156982,1.2179933589915186,0.0,0.0,0.0,0.0,0.0,0.0,0.0,0.0,0.0,99034992.4585498,191.97195889544275,0.2087285284093873,83581783.05849095,513.4902751164316,1.48235352312491,0.0,0.0,0.0,0.0,0.0,0.0,0.05623,7345.86,4.627,15350.95,-3.196
146,Steel,2,3,5430.56,7061.48,16240.02,1.3494847208261491,0.577,2.411,0.02479,0.062317615032196,0.0136044701823458,0.3120606294459036,0.15,0.3566044315766413,0.366312073448952,0.0888001710176468,0.8410912224593229,0.0,0.0,0.0,0.0,0.0,0.0,0.0,0.0,0.0,0.0,0.0,0.0,37113727.1082828,254.0457142152922,0.1996471619861236,33569837.580354944,898.8007496075784,0.6433269763173749,28951831.0085334,1052.2756562954364,1.1365853322679291,0.0,0.0,0.0,0.02479,6868.09,-2.178,16045.45,1.184
147,Steel,4,4,5896.83,7171.35,16057.41,1.3335178285837177,2.141,1.259,0.02484,0.0935910851955413,0.0144586969524509,0.394108713266232,0.1126726275682449,0.3447110769197913,0.3562307306447279,0.0656013393402099,0.7705617236408413,0.4131903141389554,0.0927717101573944,0.9580059975226912,0.3474220997649491,0.1155902171134948,1.1384461485252986,0.0,0.0,0.0,0.0,0.0,0.0,57443540.43014206,267.24427844489725,0.1654623168024148,56398256.74939731,222.93776151808413,0.7169374623128852,31605345.86014159,301.82236642200024,0.9337836978289998,39012103.00570473,283.9527638745374,1.1919217194227198,0.02708,7127.7,1.52,16213.09,2.241
149,Steel,1,4,1479.07,6889.27,15597.67,1.7171527385711671,-1.876,-1.64,0.02492,0.0343430582057288,0.027474446564583,0.4796936667185519,0.0762953346967697,1.069976728313581,0.0,0.0,0.0,0.0,0.0,0.0,0.0,0.0,0.0,0.0,0.0,0.0,0.0,0.0,0.0,77761448.8141535,437.44191818435775,0.4648970890444296,50612563.42707992,536.6268888803856,0.624300000002276,56948616.597783886,480.8155922211935,0.7396858011925619,47278158.03614916,351.7863937989467,1.447223951720138,0.01331,6932.05,-1.267,15793.12,-0.407
152,Steel,5,4,3221.51,7104.11,15506.57,1.27373968064785,1.184,-2.214,0.02511,0.0996705485582351,0.0147887545312555,0.2180799112522932,0.100839517712593,0.1850720794903449,0.4343758377969175,0.0459509168565273,0.3843967952462277,0.176578667855328,0.106022458076477,0.6184844445967702,0.5367875325562268,0.1214744526147842,0.9456438925387196,0.366201435547941,0.1343130135536193,1.1463557125830652,0.0,0.0,0.0,25467621.23598278,215.40502158071328,0.1318832347688771,34506366.37133257,434.15979805935984,0.4553068440320785,28382999.43804593,424.6182577726,0.6387350931260519,24237501.030104388,223.2459548132792,1.130976746639967,0.02756,7033.75,0.182,15421.54,-2.75
153,Steel,3,4,3774.01,7195.59,15917.23,0.6938146561384202,2.487,0.375,0.02515,0.0591054872274398,0.036212210129688,0.275281616389065,0.0569585582613944,0.0870752350622775,0.3874395935445416,0.0900848972797393,0.2822562604341812,0.2813507481440739,0.1061152708530426,0.4966973909677084,0.0,0.0,0.0,0.0,0.0,0.0,0.0,0.0,0.0,7215205.983536885,498.5550157329384,0.0742705928626689,7766477.612686294,248.132635060358,0.3222719907867055,12426053.13229225,616.8669332953101,0.4515350534347028,9131656.284717629,962.431768961452,0.5999860876802826,0.00738,7037.99,0.242,15968.18,0.697
154,Steel,3,4,2975.83,7024.86,15458.63,1.066459646821022,0.055,-2.517,0.02517,0.0798221842646598,0.0085027862419005,0.3716980682179535,0.15,0.1821608395133867,0.2820672641092437,0.095678676366806,0.4657100802951073,0.317289371037232,0.1284770441055298,0.621992606050714,0.0,0.0,0.0,0.0,0.0,0.0,0.0,0.0,0.0,15078370.155688852,200.88104222446475,0.2007502524406935,16156339.33819247,441.7179394678374,0.676499116160577,13839526.71453683,487.0179967069602,0.7228773902377814,17598723.162565153,456.8152999862713,0.8998514087435953,0.02606,6888.27,-1.89,16142.17,1.794
155,Steel,3,4,5189.85,7105.47,15504.73,1.245656806230545,1.203,-2.226,0.0253,0.0994459515810013,0.0322258823423474,0.277697533135574,0.0726584655046463,0.1278254175001878,0.2911941536674451,0.0654953151941299,0.4373056278250483,0.2728414071121715,0.0916980093717575,0.7757155558318942,0.0,0.0,0.0,0.0,0.0,0.0,0.0,0.0,0.0,15190212.406079983,550.2931719327262,0.1473538722302017,15518192.484443014,443.336361596596,0.4870058712218087,15518307.32379603,311.05272006821747,0.7062514350193788,22336676.37038027,356.1544720752372,1.065488359303343,0.03776,7275.41,3.624,15689.05,-1.064
157,Steel,4,2,4746.89,6978.58,16254.23,1.3310105413198472,-0.604,2.501,0.02572,0.0955082932710647,0.0335513401835717,0.2587727175310112,0.0964118957519531,0.4038269718807299,0.2902368851507667,0.1151921015977859,0.6500565456038141,0.207457416321667,0.096180003285408,0.9460639262694948,0.3647596522535966,0.0944793862104416,1.1978994871878623,0.0,0.0,0.0,0.0,0.0,0.0,51942666.01464549,710.891234710615,0.1573752114434091,63271007.12580758,335.86362565568066,1.1278149572853862,0.0,0.0,0.0,0.0,0.0,0.0,0.02121,7051.76,0.438,16186.76,2.075
158,Steel,4,4,4417.2,6951.24,15480.83,1.3605940610170364,-0.994,-2.377,0.02576,0.1186152561903,0.0120294337533908,0.1979676807590857,0.0892851251363754,0.4375727230642745,0.4046480355812593,0.0989970159530639,0.5656031290432583,0.3246570092492616,0.0684225323796272,0.8066492926613408,0.3428091900186077,0.1132312554121017,1.1115158225802255,0.0,0.0,0.0,0.0,0.0,0.0,23601256.588387523,427.9294125786167,0.1624614293929282,26037230.35618868,735.1030211740583,0.3650378811356178,24443883.23243948,579.0867890385125,0.6688773389762481,24594366.69345092,420.7948399002014,1.1745912768201494,0.03565,6848.14,-2.462,15448.81,-2.578
160,Steel,2,2,5595.66,6854.06,16017.1,1.0738490760326385,-2.378,1.005,0.02581,0.0701514206528663,0.0410174751875762,0.2495318651965815,0.0594603151082992,0.427862839301057,0.1984432411332971,0.0987597459554672,0.9161222877721212,0.0,0.0,0.0,0.0,0.0,0.0,0.0,0.0,0.0,0.0,0.0,0.0,11752705.7272307,559.7548651926394,0.236173540998976,14251600.59287228,498.4304110751641,0.8905027389532532,0.0,0.0,0.0,0.0,0.0,0.0,0.02316,6860.04,-2.293,15804.99,-0.332
162,Steel,3,4,4001.23,6838.82,15817.05,0.8849788799881936,-2.595,-0.256,0.02607,0.0821741554141044,0.0031597895129149,0.2219675945950714,0.1118395364284515,0.1863905432608746,0.4066904255464255,0.1468884629011154,0.4785085594019946,0.3137097226842243,0.1025746238231659,0.7150976813550943,0.0,0.0,0.0,0.0,0.0,0.0,0.0,0.0,0.0,18369577.41301208,456.7355850232384,0.1180634946324126,12942093.122883009,583.5223215717652,0.4311981058996204,10837135.442190235,472.0941404403815,0.63435850139604,11335637.729059435,276.1237714397441,0.7802606885529901,0.01731,6935.11,-1.223,15663.44,-1.225
163,Steel,4,4,5171.28,7195.49,15990.69,0.6662892997264862,2.485,0.839,0.02623,0.0404896703660488,0.0063975446332477,0.266716331988879,0.072820020020008,0.0833797172238212,0.2004296681858794,0.0950044858455658,0.2059437736332979,0.2827961656803473,0.0737519407272338,0.3508585893890254,0.323042585684374,0.0812903055548668,0.4908527058882896,0.0,0.0,0.0,0.0,0.0,0.0,16497633.671792945,338.9062388934624,0.0987288400020324,11991196.219210189,560.4921589600607,0.374329976342957,14423847.279608432,803.9281730942985,0.5012679437844931,15464415.98161383,454.9726284949652,0.5820914706545703,0.01407,7106.93,1.224,15747.76,-0.693
165,Steel,2,3,5067.86,7124.94,15511.94,1.3439367771148685,1.48,-2.18,0.02635,0.1067696192264557,0.0226588844042075,0.2287077772638112,0.15,0.4225017536307299,0.2582787605087186,0.0939919602870941,0.6647796709234135,0.0,0.0,0.0,0.0,0.0,0.0,0.0,0.0,0.0,0.0,0.0,0.0,18684857.70909584,484.43288015143673,0.1625569914138257,20448200.112228,238.77173444736096,0.6058688994348951,14739338.225824976,433.8703047606408,1.1622833387776903,0.0,0.0,0.0,0.02453,6950.31,-1.007,15502.94,-2.237
166,Steel,2,2,4368.22,7013.83,15439.43,1.1963471174240112,-0.102,-2.638,0.0264,0.0623303277492523,0.0226929072159478,0.2770550985530375,0.049689862281084,0.3178220925665865,0.3118287093538815,0.0435481716692447,0.7850936753744228,0.0,0.0,0.0,0.0,0.0,0.0,0.0,0.0,0.0,0.0,0.0,0.0,10560176.628029494,537.1782369185062,0.2469527374607433,11519015.307997536,713.1846634965568,1.0336439250974871,0.0,0.0,0.0,0.0,0.0,0.0,0.02258,6872.99,-2.108,15729.56,-0.808
167,Steel,5,4,6308.79,7191.5,15692.23,1.376527762413025,2.428,-1.043,0.02643,0.0767078902125358,0.0229627648052917,0.2737606711523063,0.0992591124773025,0.2426039980187619,0.3176096396300557,0.0961277002096176,0.3540690438928321,0.2936877874177394,0.0852722859382629,0.6637708086398,0.3850726253481898,0.0983065456151962,0.8799077000689058,0.1892778461523098,0.0990278476476669,1.1203166894450365,0.0,0.0,0.0,37674606.917302966,459.0379337357058,0.1540137616911822,48266596.017494895,651.3777876234132,0.5157831610385344,43332770.27776201,323.3175059512887,0.7349435786987447,36322563.56193399,563.5615311662898,1.2321675925345543,0.06193,7325.29,4.334,15156.21,-4.424
168,Steel,4,4,4138.17,6858.24,15647.9,0.6164212659001351,-2.318,-1.323,0.02669,0.0421169785559177,0.0157738444413538,0.34959979780403,0.0739364737272262,0.0978218360018373,0.3016759516127485,0.050341058820486,0.2895976730094909,0.2430378266982581,0.0956312704086303,0.3937189734003452,0.3061764944787897,0.0930367356538772,0.4969278915047059,0.0,0.0,0.0,0.0,0.0,0.0,13612333.59314247,805.7969608283349,0.0616421272064347,16204863.766476683,243.83308943997133,0.15186950376944,11599749.829724468,284.6387526235482,0.3007040569382463,11415070.89628756,525.9837881663493,0.5333469686960144,0.02609,6880.01,-2.008,16121.73,1.665
169,Steel,6,4,5479.23,7192.99,15688.54,1.5120182007551193,2.45,-1.067,0.02672,0.1367510727643967,0.0374286624326894,0.3754672784231813,0.0905764454603195,0.3334651684237296,0.303291097011496,0.0947182059288024,0.5811478523483169,0.278039411021942,0.0495558249950408,0.7814689055851067,0.2346101820345426,0.0745972204208374,0.8573296348608903,0.2994994622089468,0.0966424787044525,1.0253533666490444,0.2843231526765916,0.0849910193681717,1.252262089343499,41493528.93212911,223.8921552193576,0.1792053369771524,35310200.41108173,814.3735878174476,0.6019589121238715,41043107.37593089,688.2118214260427,1.047051776378424,39207591.60045052,562.2602082985969,1.352446192208897,0.01825,7077.31,0.802,15597.82,-1.639
170,Steel,2,4,5016.7,6910.93,16201.49,1.5822553247213365,-1.568,2.168,0.02675,0.1412210485935211,0.0353140389787607,0.4162996229445187,0.072795460820198,0.4458247838787957,0.3505660568415813,0.0936192834377288,1.0143877885226829,0.0,0.0,0.0,0.0,0.0,0.0,0.0,0.0,0.0,0.0,0.0,0.0,27814195.66558838,405.6819469439175,0.2140909743977804,34936043.41142555,175.36244590574265,0.4571154088637877,35393284.8757512,215.9152274463118,0.5807614054248327,25359290.10394264,385.6692708662428,1.3078400651311286,0.00677,6980.82,-0.572,15915.2,0.363
173,Steel,1,4,2764.49,6846.41,15695.7,1.058708591759205,-2.487,-1.022,0.02688,0.0466558248102664,0.0243336767532417,0.2495035907918938,0.1089551109075546,0.3407112855642952,0.0,0.0,0.0,0.0,0.0,0.0,0.0,0.0,0.0,0.0,0.0,0.0,0.0,0.0,0.0,1623265.537690731,388.87595103872087,0.129724400082017,1473148.518241514,500.9414113151848,0.3975819499625838,1303760.755826909,312.67937185614954,0.6115446118783272,1490323.149522565,346.0769381970762,0.9134288829906094,0.02767,6950.33,-1.007,15448.99,-2.577
174,Steel,2,2,4233.94,7126.77,16218.35,1.5924102902412416,1.506,2.274,0.02728,0.120846972823143,0.0368976892230823,0.3032913766944963,0.0860178178548812,0.4469216599422245,0.5251511928139383,0.0271965928003191,1.1052402720074908,0.0,0.0,0.0,0.0,0.0,0.0,0.0,0.0,0.0,0.0,0.0,0.0,30338811.8972551,206.8946958478178,0.173718931376762,26871826.435020216,262.3132957924024,1.3945481783931353,0.0,0.0,0.0,0.0,0.0,0.0,0.02138,7171.09,2.138,15850.23,-0.047
175,Steel,2,4,5560.68,7212.92,15837.62,1.177675887942314,2.733,-0.127,0.02736,0.0810905994176864,0.0114407373025538,0.2252831209407156,0.087215147614479,0.4765128085932672,0.306596042778622,0.0617238062620163,0.935963981920814,0.0,0.0,0.0,0.0,0.0,0.0,0.0,0.0,0.0,0.0,0.0,0.0,9230412.708023136,400.48365331783447,0.1912057887091701,11990501.400653215,168.69366184666058,0.5101660979043836,14472582.887939611,415.7324959106009,0.5415834950389503,12983738.344137542,512.8384538640429,1.0031042235158638,0.03472,7264.49,3.468,15829.9,-0.175
177,Steel,2,4,5928.46,7212.16,15906.7,1.2371584057807925,2.723,0.309,0.0274,0.0618960936665535,0.0063292033935276,0.3036668475457749,0.0742989107966423,0.3757729580441827,0.3066908280488688,0.0584543952345848,0.9166679573023588,0.0,0.0,0.0,0.0,0.0,0.0,0.0,0.0,0.0,0.0,0.0,0.0,14218302.7102493,503.5448736057476,0.1792852491050943,13141211.80909937,662.1150327972075,0.4854779080458077,11235253.524939133,271.0447525676345,0.6320154807485767,12596131.998777848,384.9705420455741,0.984064583558794,0.03415,7051.51,0.435,16394.91,3.388
179,Steel,1,4,4268.31,7128.76,15497.26,1.5019591689109804,1.535,-2.273,0.02743,0.1047780561447143,0.0090765595696165,0.377671785109085,0.0531181216239929,1.1778650136891191,0.0,0.0,0.0,0.0,0.0,0.0,0.0,0.0,0.0,0.0,0.0,0.0,0.0,0.0,0.0,18350920.207282346,1037.2586238245644,0.5365908576695407,18239405.52113169,819.8376161460878,1.021747834886526,15639274.096460272,522.4389097965718,1.0805189430086086,19575975.6875384,638.6613557597775,1.3517632505179231,0.02978,7142.4,1.729,15473.15,-2.425
180,Steel,1,2,1891.55,7048.32,15425.34,1.6295335352420808,0.389,-2.726,0.02754,0.0395466821491718,0.0199865197174369,0.2827014974478193,0.0463594910502433,1.084614802053418,0.0,0.0,0.0,0.0,0.0,0.0,0.0,0.0,0.0,0.0,0.0,0.0,0.0,0.0,0.0,15134093.21148448,578.4290570256774,0.378242085762983,14985391.961528683,604.0003158433044,1.4390296506446758,0.0,0.0,0.0,0.0,0.0,0.0,0.00132,7029.31,0.118,15848.32,-0.059
181,Steel,2,3,6305.59,7077.15,16276.15,1.4895015746355058,0.8,2.639,0.02757,0.0952246524095535,0.0157575536452671,0.4119388601737277,0.107524145245552,0.3394755311190231,0.438313555907353,0.0978733599185943,0.9973102549976726,0.0,0.0,0.0,0.0,0.0,0.0,0.0,0.0,0.0,0.0,0.0,0.0,42229000.592374764,369.259767326768,0.2119030242312079,63701386.00340408,662.604283303761,0.6951139252191383,43935191.0740627,632.6609387207752,1.2412356146847363,0.0,0.0,0.0,0.0309,6850.96,-2.422,16161.92,1.918
182,Steel,2,4,6236.9,7187.31,15633.89,1.2223378658294677,2.369,-1.411,0.02757,0.0566582299470901,0.0268723621708205,0.2612240098613149,0.0754293894767761,0.2599557413795369,0.1624575026620824,0.091103954911232,0.9097020121586972,0.0,0.0,0.0,0.0,0.0,0.0,0.0,0.0,0.0,0.0,0.0,0.0,9115618.116060983,181.38413639920373,0.1307726694072922,9723219.66933373,327.6975570314199,0.4397682026229932,8351505.482516773,399.00015361132455,0.4816768304986566,8772293.92653276,298.16336279304073,0.981307902805692,0.02788,6829.26,-2.731,15768.86,-0.56
184,Steel,4,4,5637.01,7209.13,15751.87,1.4381875336170198,2.68,-0.667,0.02761,0.0711228051185608,0.0182815641365704,0.1523328163877795,0.0902335542440414,0.2109169104831285,0.3719071217319198,0.1490076905488968,0.5839099307911528,0.1750393913366725,0.1476333206892013,0.8477986385527516,0.3626737757090252,0.1075168460607528,1.1610073417697604,0.0,0.0,0.0,0.0,0.0,0.0,49549276.873010725,477.5985102666928,0.1548860860161869,29416444.591324467,655.717464975438,0.4885742219992233,35546132.4185428,431.9270895634764,0.6900273710480185,42072830.48712421,256.55194942472974,1.2229726832806211,0.04251,7284.13,3.748,16175.76,2.006
185,Steel,2,2,2364.06,6927.25,16241.72,1.2475630193948746,-1.335,2.422,0.02765,0.0526770949065685,0.0133215757497065,0.3138098210860883,0.1137296146154403,0.2778861025658043,0.4107399761166506,0.0835881540179252,0.6588804868936347,0.0,0.0,0.0,0.0,0.0,0.0,0.0,0.0,0.0,0.0,0.0,0.0,28897393.393863108,262.8073239001275,0.2130408083875687,25974106.091439743,689.3743804633526,1.0292680628226822,0.0,0.0,0.0,0.0,0.0,0.0,0.00633,7056.02,0.499,15919.41,0.389
186,Steel,2,4,5839.89,6969.05,16281.64,1.6535643696784974,-0.74,2.673,0.02774,0.0822279940247535,0.0192639999445448,0.4512831323808698,0.115602359175682,0.4556145342913784,0.5106699085448778,0.0990064537525177,1.1375562656211218,0.0,0.0,0.0,0.0,0.0,0.0,0.0,0.0,0.0,0.0,0.0,0.0,50656769.00656819,297.5405091673887,0.1876380356057057,43083054.08303099,400.8565539370462,0.7000348471178837,48474196.06349068,277.8820610154931,0.9872956017958175,55039120.33892528,944.3895846522712,1.38626984337346,0.04822,6682.71,-4.818,15827.03,-0.193
188,Steel,4,4,5246.03,7216.27,15845.5,0.9962280362844468,2.781,-0.077,0.02782,0.0436481944322586,0.0187324610807542,0.3067587783248114,0.1096321606636047,0.2113640133292025,0.1878014037266527,0.1045633107423782,0.3653919080817528,0.2501220586639284,0.02,0.494507831260949,0.3333448724861363,0.0555437096953392,0.7436017422126509,0.0,0.0,0.0,0.0,0.0,0.0,16204469.942977648,757.3562686410678,0.124265748062469,16085755.87285055,360.9632797783973,0.4171667741990787,14936623.597423142,418.4686661602578,0.5720473513867753,17151110.459816564,588.5296795007687,0.8517734878802324,0.02911,7223.64,2.886,15917.99,0.38
189,Steel,1,2,4728.28,6905.1,15501.58,1.3501218527555463,-1.651,-2.246,0.02787,0.0804376676678657,0.0189374477860122,0.4461979528079717,0.0481588718295097,0.3947463810588175,0.0,0.0,0.0,0.0,0.0,0.0,0.0,0.0,0.0,0.0,0.0,0.0,0.0,0.0,0.0,16751415.745854778,232.12984281932387,0.2563629247539946,19468866.76464124,325.3703007888124,0.9699152520754716,0.0,0.0,0.0,0.0,0.0,0.0,0.03517,6924.24,-1.378,15344.61,-3.236
190,Steel,5,3,5037.76,7167.71,15563.68,1.3158555567264558,2.09,-1.854,0.02794,0.1001417654752731,0.0482456951943838,0.2986514442193142,0.1371678471565246,0.1775584444697709,0.2450569551292719,0.0896573603153228,0.4783093334481502,0.3876296924240896,0.0840315291285514,0.7563973527536315,0.4645915976919921,0.0816511076688766,0.9775718225448976,0.3230475171577872,0.0605399280786514,1.0746662696043718,0.0,0.0,0.0,41739091.84992559,379.0938553713132,0.1603765610767102,59061613.13847393,195.6173484488268,0.5193913084441479,46073220.71531624,200.19727465051835,1.1527311958982231,0.0,0.0,0.0,0.02679,7138.31,1.671,15525.63,-2.094
192,Steel,5,2,3093.24,6942.8,16270.63,1.0891427785158156,-1.114,2.604,0.02832,0.0865319131612777,0.0122630173312563,0.1566063139536682,0.0552893307805061,0.2261542005925324,0.3520199069891107,0.0744895032048225,0.3972811383563384,0.3597068883082026,0.0533323743939399,0.517412960778014,0.3219344464405916,0.0641601222753524,0.6822359378421655,0.2023101081244668,0.1372748786211013,0.9008286170302852,0.0,0.0,0.0,15916712.715010269,675.7504512080822,0.1339169457291356,17249567.711955268,368.7832323272778,0.9802284995750912,0.0,0.0,0.0,0.0,0.0,0.0,0.03418,6878.79,-2.026,16294.24,2.753
193,Steel,3,3,5364.06,6928.15,16255.85,1.463468813896179,-1.323,2.511,0.02838,0.1226281412839889,0.0221620361301475,0.3363138053334075,0.0664058536291122,0.5315308797519427,0.2105035682010044,0.0398929905891418,0.9405534249685088,0.3886467052620263,0.0564854130148887,1.0725661652683112,0.0,0.0,0.0,0.0,0.0,0.0,0.0,0.0,0.0,28020438.441045634,330.46818472460524,0.1928582429316293,28020438.441045634,455.1084788337606,0.6777415414425217,28778594.349355325,360.9059294114239,1.2293530953176748,0.0,0.0,0.0,0.0487,6980.93,-0.571,16624.6,4.836
194,Steel,4,3,4272.45,7157.23,15529.16,1.1782240331172944,1.94,-2.072,0.02839,0.0973199993371963,0.0140294309656398,0.3597999407509269,0.0437490794062614,0.1940086189846213,0.5627185255682453,0.0269832490384578,0.3255242604633613,0.47816863547244,0.0778142237663269,0.63009903604346,0.2096087125760677,0.0763739985227584,0.9414578821361322,0.0,0.0,0.0,0.0,0.0,0.0,22376260.92588748,718.3553380255452,0.1368128490767259,17395047.490433205,223.0698529403577,0.4308442628676337,26710498.89128344,563.4521317518308,1.012046451661587,0.0,0.0,0.0,0.0544,7355.63,4.766,15441.92,-2.622
195,Steel,5,3,3657.88,7096.02,16275.14,1.18516566157341,1.069,2.632,0.02841,0.0898373973369598,0.017625486675749,0.3392370872088898,0.0693762344121933,0.1334983956372811,0.5086184165707952,0.15,0.256977549222263,0.2728036029623941,0.0854097694158554,0.5828252766535049,0.3657947432820433,0.0812221100926399,0.7774971202420633,0.2529180807223956,0.113098366856575,0.9880582965271292,0.0,0.0,0.0,43060602.28929023,1044.646313458042,0.1599752474814651,31190279.348239355,1025.5971701149672,0.7498471644294733,38251751.74616525,810.9863295038347,1.053625976395718,0.0,0.0,0.0,0.01592,7048.88,0.397,16102.22,1.542
196,Steel,1,2,4136.06,7118.03,15463.97,1.6409403800964355,1.382,-2.483,0.02842,0.0693595334887504,0.0332522097023565,0.1773555816179987,0.1010042452812194,0.4475092156053297,0.0,0.0,0.0,0.0,0.0,0.0,0.0,0.0,0.0,0.0,0.0,0.0,0.0,0.0,0.0,21191037.462064743,773.9587856438067,0.178351174405493,24909686.39929717,134.71644381508514,0.9936195634787652,0.0,0.0,0.0,0.0,0.0,0.0,0.03407,7112.27,1.3,15358.36,-3.149
198,Steel,1,3,5094.15,6840.47,15662.02,1.2701101899147034,-2.571,-1.234,0.02852,0.0942079397439956,0.0079468417586267,0.2583050778731827,0.0865453660488128,0.4760952565460382,0.0,0.0,0.0,0.0,0.0,0.0,0.0,0.0,0.0,0.0,0.0,0.0,0.0,0.0,0.0,11850774.04140866,262.6586575508987,0.1270110202615805,12626070.157360988,257.9250859754368,0.3542993702558146,13916372.09920955,205.8049377622281,0.9242539339736064,0.0,0.0,0.0,0.05015,6679.91,-4.858,15660.07,-1.246
199,Steel,3,3,3372.9,6857.5,16118.88,0.8471727415919305,-2.329,1.647,0.02852,0.0509449046850204,0.0117005194414075,0.254601338212136,0.1101866739988327,0.2264818768556612,0.2647053436010925,0.0923012691736221,0.5325371000815844,0.3955224535968476,0.1138545686006546,0.7151093569243208,0.0,0.0,0.0,0.0,0.0,0.0,0.0,0.0,0.0,14827100.725274414,286.7432784654267,0.1231196160569812,14827100.725274414,752.3184105767423,0.3857548933461605,17102845.943225488,836.1673558066599,0.6804516545706725,0.0,0.0,0.0,0.05453,6672.83,-4.959,15498.1,-2.268
