rank,material,n_disks,n_bearings,cs1_pred,cs2_pred,cs3_pred,L,cs2_relerr_pct,OD,joint_err,ID,d0_OD,d0_W,d0_pos,d1_OD,d1_W,d1_pos,d2_OD,d2_W,d2_pos,d3_OD,d3_W,d3_pos,d4_OD,d4_W,d4_pos,d5_OD,d5_W,d5_pos,b0_K,b0_C,b0_pos,b1_K,b1_C,b1_pos,b2_K,b2_C,b2_pos,b3_K,b3_C,b3_pos,joint_err_truth,cs2_ross,cs2_relerr_truth_pct
1501,Steel,2,2,6286.88,8142.11,16300.76,1.399838873744011,-0.463,0.1011589013338089,0.00463,0.028672080175097,0.2391385740846524,0.057588283419609,0.7239571908532937,0.1852127585622533,0.0475688330829143,1.1011034260552328,0.0,0.0,0.0,0.0,0.0,0.0,0.0,0.0,0.0,0.0,0.0,0.0,35681432.172726765,700.1249043295192,0.4729127052603354,39881878.502512924,346.930855799422,1.2598549849697709,0.0,0.0,0.0,0.0,0.0,0.0,0.00238,8160.52,-0.238
2586,Steel,2,2,4422.4,8274.62,35691.92,0.9459280252456664,1.157,0.0968406317234039,0.01157,0.0101211707520676,0.2781424513682458,0.1137901699542999,0.2383369999371775,0.4990732580137331,0.0750883617997169,0.6268551723117662,0.0,0.0,0.0,0.0,0.0,0.0,0.0,0.0,0.0,0.0,0.0,0.0,34606437.69259662,406.199970593016,0.1368602631162114,28670708.98343005,272.9205142319201,0.6828778446694903,0.0,0.0,0.0,0.0,0.0,0.0,0.00895,8253.18,0.895
2653,Steel,2,2,5694.47,8279.74,13432.85,1.3243266105651856,1.219,0.080683039188385,0.01219,0.0075072899028174,0.2562414663961196,0.0805054494738578,0.5255832219810401,0.3458195521381234,0.0422932271659374,0.6834814200402872,0.0,0.0,0.0,0.0,0.0,0.0,0.0,0.0,0.0,0.0,0.0,0.0,35553453.56460414,737.7339763637808,0.2253850958750352,28124400.437641863,227.2728770845392,0.9657645838090736,0.0,0.0,0.0,0.0,0.0,0.0,0.02021,8345.32,2.021
1055,Steel,2,2,5889.44,8202.07,40416.69,1.127996137738228,0.27,0.0802253602147102,0.0027,0.0317803586083406,0.3292894527148027,0.1085029488801956,0.2703850837101297,0.4287450227697304,0.1116207236051559,0.8921265225167685,0.0,0.0,0.0,0.0,0.0,0.0,0.0,0.0,0.0,0.0,0.0,0.0,58867511.91675702,389.6061142534217,0.1386952809278954,60540087.8201528,375.2265596400468,0.9133312154791862,0.0,0.0,0.0,0.0,0.0,0.0,0.00043,8176.47,-0.043
705,Steel,2,2,4967.87,8192.52,17811.73,1.1386114746332168,0.153,0.1100084674358368,0.00153,0.0126405908976202,0.3379943534327882,0.0574890935420989,0.2908271704556357,0.3648775834218699,0.15,0.5589876901122184,0.0,0.0,0.0,0.0,0.0,0.0,0.0,0.0,0.0,0.0,0.0,0.0,34896080.207660064,477.903522783826,0.2445864223854049,41448714.6657958,523.2601235878241,0.860214968481537,0.0,0.0,0.0,0.0,0.0,0.0,0.01381,8067.01,-1.381
106,Steel,2,2,4053.64,8181.17,12176.38,1.191589468717575,0.014,0.0617762073278427,0.00014,0.0179626464660461,0.2658471268335498,0.0943841016292572,0.2439731231818728,0.3212550104660496,0.0351862629503011,0.442092381860914,0.0,0.0,0.0,0.0,0.0,0.0,0.0,0.0,0.0,0.0,0.0,0.0,13288447.418488674,527.7536738761711,0.166320605251958,10125387.877738168,136.1690361026488,0.924772679325916,0.0,0.0,0.0,0.0,0.0,0.0,0.00104,8171.5,-0.104
589,Steel,2,2,3758.03,8189.72,25171.7,1.193061664700508,0.119,0.0946439470052719,0.00119,0.06,0.1862031054397897,0.1090382689237594,0.3484268192278805,0.597745003237413,0.0426690034568309,1.0240029223185856,0.0,0.0,0.0,0.0,0.0,0.0,0.0,0.0,0.0,0.0,0.0,0.0,21649924.495609272,413.89007166215134,0.1954426394799061,22347262.853036568,337.2170869926585,0.924759191577604,0.0,0.0,0.0,0.0,0.0,0.0,0.02366,7986.48,-2.366
2468,Steel,2,2,4498.14,8093.87,20462.35,1.1522932156920431,-1.053,0.1111361582279205,0.01053,0.0289434558900427,0.303355436211339,0.0987555539608001,0.3310289256220404,0.3618899168330751,0.1323422569036483,0.6835408242198029,0.0,0.0,0.0,0.0,0.0,0.0,0.0,0.0,0.0,0.0,0.0,0.0,35129281.31136177,888.4363967538186,0.1810514837985904,28249383.258630756,439.038650742485,0.935745837601472,0.0,0.0,0.0,0.0,0.0,0.0,0.0091,8105.53,-0.91
2413,Steel,2,2,2366.52,8262.81,18283.66,0.9895302668213845,1.012,0.0692602651119232,0.01012,0.0093634012459512,0.2370785646816534,0.0409107135236263,0.2402380961889867,0.4587395210539525,0.15,0.5850863245009456,0.0,0.0,0.0,0.0,0.0,0.0,0.0,0.0,0.0,0.0,0.0,0.0,9510946.352446675,719.3619739009847,0.1616175006860359,10079317.664094862,732.0294374288437,0.8034322446120905,0.0,0.0,0.0,0.0,0.0,0.0,0.02583,8391.3,2.583
1600,Steel,2,2,5044.32,8137.23,27444.09,0.9321392685174942,-0.523,0.1070799297094345,0.00523,0.0065245479474557,0.279164941217734,0.1174223047494888,0.393001984508373,0.4651458445723906,0.1040500122308731,0.8389153416657449,0.0,0.0,0.0,0.0,0.0,0.0,0.0,0.0,0.0,0.0,0.0,0.0,48015917.18344833,580.0201420039872,0.2590801702118883,48494210.30156518,1099.9999999999995,0.8197800172663595,0.0,0.0,0.0,0.0,0.0,0.0,0.01539,8054.1,-1.539
2464,Steel,2,2,3473.92,8094.0,14001.25,1.1809065371751786,-1.051,0.0515679611265659,0.01051,0.0262567912436233,0.1534645397408935,0.0412503232061862,0.2789153897726202,0.249714213080466,0.0332636871188879,0.7053421267260647,0.0,0.0,0.0,0.0,0.0,0.0,0.0,0.0,0.0,0.0,0.0,0.0,4583490.211366679,279.7691591887181,0.1180906548984244,4291719.770120764,312.9683094510718,1.0544009728644013,0.0,0.0,0.0,0.0,0.0,0.0,0.00621,8230.82,0.621
228,Steel,2,2,3868.6,8183.08,16079.19,1.1903724342584612,0.038,0.0935768913030624,0.00038,0.0259429139253316,0.2598492492802304,0.1211032557487487,0.588067427930934,0.394526774535179,0.0961454135179519,0.735201649702953,0.0,0.0,0.0,0.0,0.0,0.0,0.0,0.0,0.0,0.0,0.0,0.0,22611309.152380392,837.8382416887304,0.2714642979791891,18757697.748660818,196.0633150449279,0.993207939150545,0.0,0.0,0.0,0.0,0.0,0.0,0.01609,8311.65,1.609
915,Steel,2,2,2845.78,8197.8,10289.88,1.5517337501049042,0.218,0.0615130447745323,0.00218,0.0231550613992081,0.2020632278485575,0.067656931579113,0.3986920608414653,0.3380605899403127,0.1168620419502258,0.8578796608400554,0.0,0.0,0.0,0.0,0.0,0.0,0.0,0.0,0.0,0.0,0.0,0.0,20330984.963651814,361.6979493558292,0.2396989077909164,27341069.7713726,559.1855652491604,1.155070016402917,0.0,0.0,0.0,0.0,0.0,0.0,0.02328,8370.45,2.328
794,Steel,2,2,2773.77,8194.45,8872.14,1.6983727842569352,0.177,0.0715933449268341,0.00177,0.0280698778698097,0.2486560916188183,0.116780697107315,0.2256811641735136,0.514125158109818,0.0787837794423103,0.8845487666822938,0.0,0.0,0.0,0.0,0.0,0.0,0.0,0.0,0.0,0.0,0.0,0.0,46577642.75733997,728.1723657311921,0.2490508440478557,54604851.03415547,374.321038927921,1.264386916445717,0.0,0.0,0.0,0.0,0.0,0.0,0.01075,8267.93,1.075
3021,Steel,2,2,6105.58,8309.65,23107.02,1.1171122416853905,1.585,0.0893573356866836,0.01585,0.0455003760696097,0.2134902365794329,0.0233954691886901,0.271025732990421,0.2630099986105336,0.0276493940874934,0.7737932158514487,0.0,0.0,0.0,0.0,0.0,0.0,0.0,0.0,0.0,0.0,0.0,0.0,12450373.942489916,669.8239714718713,0.1194151650744652,14500583.901641246,243.42425522721425,0.8984607641812368,0.0,0.0,0.0,0.0,0.0,0.0,0.0248,8382.89,2.48
3543,Steel,2,2,4020.69,7994.38,15271.19,1.2846300274133682,-2.269,0.0625575400590896,0.02269,0.0190718965484546,0.2410906791996483,0.086994839310646,0.4247378725691422,0.2577334288785664,0.1360201239585876,1.0173453598991826,0.0,0.0,0.0,0.0,0.0,0.0,0.0,0.0,0.0,0.0,0.0,0.0,26323066.50325636,353.2074525557859,0.2209762017040119,23649547.232728563,734.2265374396112,1.1561670233874015,0.0,0.0,0.0,0.0,0.0,0.0,0.03229,7915.88,-3.229
1073,Steel,2,2,3781.8,8157.25,14264.89,1.16714788377285,-0.278,0.0910176994800567,0.00278,0.0110398465463963,0.2594419011515726,0.0568986925482749,0.4219215123558794,0.4825152277282808,0.0828602463006973,0.5421275110332924,0.0,0.0,0.0,0.0,0.0,0.0,0.0,0.0,0.0,0.0,0.0,0.0,21866871.96364133,425.8750920953595,0.239962001692382,16329512.148091318,251.74303731023195,0.9208790085990116,0.0,0.0,0.0,0.0,0.0,0.0,0.01311,8287.21,1.311
3351,Steel,2,2,4937.6,8016.77,13982.85,1.4081573158502578,-1.995,0.0898611299991607,0.01995,0.0145400241988872,0.241620406574395,0.1128299474716186,0.3495710436333177,0.2628798676182526,0.0259435776993632,1.1279084301749067,0.0,0.0,0.0,0.0,0.0,0.0,0.0,0.0,0.0,0.0,0.0,0.0,18161925.87070496,342.3485791100175,0.2383861835663649,28441967.5805973,856.5455669434922,1.1728513176390811,0.0,0.0,0.0,0.0,0.0,0.0,0.00938,8103.26,-0.938
1744,Steel,2,2,6191.77,8130.85,33345.58,0.9669120833277702,-0.601,0.1086612325906753,0.00601,0.0197882469271959,0.2000776684971272,0.0911887091398239,0.2820460765197824,0.1822123212301336,0.1174138587713241,0.7662721217915361,0.0,0.0,0.0,0.0,0.0,0.0,0.0,0.0,0.0,0.0,0.0,0.0,24417483.616618127,528.3686810985029,0.1230725813524419,26406863.61720985,694.393197757805,0.7945758197287761,0.0,0.0,0.0,0.0,0.0,0.0,0.00863,8109.45,-0.863
1084,Steel,2,2,3826.29,8202.98,12426.46,1.5187615662813188,0.281,0.1023266854286193,0.00281,0.0046904225138409,0.4474401249678067,0.0624207428097724,0.7198002979743144,0.3683830131421761,0.1235163182020187,1.102504609653452,0.0,0.0,0.0,0.0,0.0,0.0,0.0,0.0,0.0,0.0,0.0,0.0,36454920.15718292,299.578058957967,0.26899991472483,36857443.95738407,689.3842310282181,1.297491839491249,0.0,0.0,0.0,0.0,0.0,0.0,0.00859,8250.28,0.859
926,Steel,2,2,3411.83,8198.13,16217.09,1.0791352421045304,0.222,0.0652689586281776,0.00222,0.0176024669966551,0.2192127169040302,0.0412997767329216,0.3735076196429407,0.367663955468788,0.0684491139650344,0.6920271460454228,0.0,0.0,0.0,0.0,0.0,0.0,0.0,0.0,0.0,0.0,0.0,0.0,9215523.73558798,496.4727472860102,0.16157409400272,8225935.947503712,631.041219167018,0.8911549586787951,0.0,0.0,0.0,0.0,0.0,0.0,0.01865,8332.52,1.865
3049,Steel,2,2,5996.19,8312.49,14269.46,1.3789893984794617,1.62,0.1079642337560653,0.0162,0.0175173274659261,0.4029492458586277,0.0981806463003158,0.5963249284400378,0.3530962550267098,0.0655462700128555,0.964710870287982,0.0,0.0,0.0,0.0,0.0,0.0,0.0,0.0,0.0,0.0,0.0,0.0,61852829.91166969,239.10272799783985,0.2905978488314485,56239998.61296768,290.25268071289,1.0040539560991233,0.0,0.0,0.0,0.0,0.0,0.0,0.00093,8187.64,0.093
1117,Steel,2,2,3625.65,8204.1,16572.73,0.9957093328237534,0.295,0.0804645658135414,0.00295,0.0062623321177041,0.3418126749054745,0.1165602338314056,0.5572865241136215,0.2853725564789137,0.0764412680268287,0.7711014737373788,0.0,0.0,0.0,0.0,0.0,0.0,0.0,0.0,0.0,0.0,0.0,0.0,13047826.682961464,341.69005538692204,0.2080051551430018,15058179.395182624,378.7342726095357,0.8709358314871688,0.0,0.0,0.0,0.0,0.0,0.0,0.00705,8122.35,-0.705
642,Steel,2,2,5999.11,8169.13,15082.7,1.0963847786188126,-0.133,0.0888847560882568,0.00133,0.015650937101447,0.3237911925769773,0.1145894229412079,0.5277752054390404,0.2695707149079244,0.132025796175003,0.9774195668675708,0.0,0.0,0.0,0.0,0.0,0.0,0.0,0.0,0.0,0.0,0.0,0.0,50881793.169907175,434.7003546188647,0.2771393328914641,44385701.0358115,498.9135227219997,0.9411082762253232,0.0,0.0,0.0,0.0,0.0,0.0,0.02132,8354.4,2.132
501,Steel,2,2,5513.32,8171.98,67836.93,0.6462084792554379,-0.098,0.0755246511101722,0.00098,0.0259076752844645,0.2273755336374636,0.0900361973047256,0.1873075083550053,0.2233362572335419,0.067892934679985,0.4679216086821007,0.0,0.0,0.0,0.0,0.0,0.0,0.0,0.0,0.0,0.0,0.0,0.0,13663781.93482182,671.8371850801431,0.0761858639115602,12033991.176027946,358.2411222480601,0.4791535596399126,0.0,0.0,0.0,0.0,0.0,0.0,0.00607,8130.33,-0.607
4066,Steel,2,2,4688.29,8467.37,15763.78,1.3404401600360871,3.513,0.0547580680847167,0.03513,0.026448447617926,0.2825755232400844,0.0691385382413864,0.5069641402637124,0.418962178230068,0.0811790278553962,1.0634897285014284,0.0,0.0,0.0,0.0,0.0,0.0,0.0,0.0,0.0,0.0,0.0,0.0,78491705.86806527,294.3428940241471,0.3057267588947654,71432821.39547506,314.61612761666976,1.1493988185927084,0.0,0.0,0.0,0.0,0.0,0.0,0.02736,8403.79,2.736
333,Steel,2,2,4280.96,8184.78,23134.56,1.1160119265317916,0.058,0.076186698436737,0.00058,0.0375742665950961,0.2002030081795825,0.1174832940101623,0.3455829497921527,0.3767247569488715,0.1214386695623397,0.8870980677741229,0.0,0.0,0.0,0.0,0.0,0.0,0.0,0.0,0.0,0.0,0.0,0.0,22731645.511172272,247.51675410369097,0.1875138375429576,23598252.43045988,448.0381803684167,0.9614194072573626,0.0,0.0,0.0,0.0,0.0,0.0,0.00168,8193.72,0.168
486,Steel,2,2,5026.19,8172.1,11869.14,1.1664884775876998,-0.097,0.0686943079829216,0.00097,0.022050121114524,0.2230576114121651,0.1039228188991546,0.5468328045422406,0.274360182503069,0.0905136740207672,0.9505493410339824,0.0,0.0,0.0,0.0,0.0,0.0,0.0,0.0,0.0,0.0,0.0,0.0,21172099.72003949,606.0884903270227,0.2907093372822693,19296907.431135,775.5097946764162,1.0247951520946053,0.0,0.0,0.0,0.0,0.0,0.0,0.02686,8399.72,2.686
1962,Steel,2,2,4189.48,8238.3,13632.39,1.3491433292627335,0.713,0.0769883698225021,0.00713,0.0139519000599695,0.3401115979559488,0.0705531039834022,0.3330213492394561,0.2824268629105786,0.1228508216142654,0.8228127533797354,0.0,0.0,0.0,0.0,0.0,0.0,0.0,0.0,0.0,0.0,0.0,0.0,29792015.77930879,364.8352758271786,0.2245625488008505,28766967.05457969,237.63784515754816,1.1212497213623598,0.0,0.0,0.0,0.0,0.0,0.0,0.00304,8204.84,0.304
393,Steel,2,2,4538.2,8186.16,17895.41,1.114110454916954,0.075,0.0937832486629486,0.00075,0.0352048774032291,0.3120762411281181,0.1013583874702453,0.6302652562551871,0.2354590714288663,0.0894466060400009,0.8092607295492067,0.0,0.0,0.0,0.0,0.0,0.0,0.0,0.0,0.0,0.0,0.0,0.0,20948250.70598653,381.9621674244037,0.2494762079958382,18219160.393472847,527.9702984442781,0.9038138237883144,0.0,0.0,0.0,0.0,0.0,0.0,0.00483,8219.48,0.483
1755,Steel,2,2,5772.45,8130.5,12676.82,1.0829088538885117,-0.605,0.0529665060043335,0.00605,0.0208384922540497,0.1507828166686616,0.0551830974221229,0.2869001301741365,0.1957639077343111,0.0386204741895198,0.6409429857083574,0.0,0.0,0.0,0.0,0.0,0.0,0.0,0.0,0.0,0.0,0.0,0.0,7679943.531377931,714.873972616555,0.2072151974825264,7257698.927645602,600.7988296872234,0.8498218237965061,0.0,0.0,0.0,0.0,0.0,0.0,0.00552,8134.85,-0.552
2515,Steel,2,2,4582.12,8269.87,15751.07,1.003203682601452,1.099,0.070050467967987,0.01099,0.0193951061711252,0.2232611673670267,0.0901753312349319,0.5203255951397627,0.2480744244599306,0.075107035934925,0.7804847969887252,0.0,0.0,0.0,0.0,0.0,0.0,0.0,0.0,0.0,0.0,0.0,0.0,11489818.398955995,1099.9999999999995,0.1699123359180238,12381036.141776146,905.2754235227266,0.8241022167559019,0.0,0.0,0.0,0.0,0.0,0.0,0.00654,8233.53,0.654
3585,Steel,2,2,4504.58,7988.23,55210.19,0.5346261739730835,-2.344,0.074336003601551,0.02344,0.0431106036916767,0.226414922723211,0.0739494642615318,0.0795036381309192,0.1688268387576477,0.1180273854732513,0.2930765436328183,0.0,0.0,0.0,0.0,0.0,0.0,0.0,0.0,0.0,0.0,0.0,0.0,6953079.324822981,858.0608142232612,0.0534626179319345,7563255.096309142,405.10237183474834,0.4233212480783989,0.0,0.0,0.0,0.0,0.0,0.0,0.02609,7966.61,-2.609
4315,Steel,2,2,5285.37,7805.98,16577.0,1.436578604578972,-4.572,0.1273673355579376,0.04572,0.0164834541097516,0.2419295414546593,0.1363466423749923,0.2805751686180066,0.4183363824561802,0.0788443425297737,0.902694679412849,0.0,0.0,0.0,0.0,0.0,0.0,0.0,0.0,0.0,0.0,0.0,0.0,63338352.46179781,234.8904979268345,0.1436578618944758,49053795.95053367,657.2533718431595,1.018024648269087,0.0,0.0,0.0,0.0,0.0,0.0,0.04283,7829.67,-4.283
2099,Steel,2,2,5403.44,8115.31,18063.31,1.4179221510887146,-0.791,0.0695505670309066,0.00791,0.0076804173629523,0.314572498464856,0.0593656852841377,0.5006507673628923,0.1716082823706386,0.0529329144954681,0.8067111207887236,0.0,0.0,0.0,0.0,0.0,0.0,0.0,0.0,0.0,0.0,0.0,0.0,47887879.26747144,879.8837219265032,0.1947782845106696,42448154.66942194,148.63201718853088,0.9970976297591684,0.0,0.0,0.0,0.0,0.0,0.0,0.03107,8434.16,3.107
3599,Steel,2,2,3928.13,7985.99,13079.11,1.3741118878126144,-2.372,0.0747566108703613,0.02372,0.0160077409778298,0.1558837288701583,0.084099999666214,0.2679311286267913,0.2365168268676862,0.0774029859900474,0.8397801091190504,0.0,0.0,0.0,0.0,0.0,0.0,0.0,0.0,0.0,0.0,0.0,0.0,13780614.997893415,187.38971052714865,0.1447946052281293,11580072.649284627,423.30440018130565,1.227413897242892,0.0,0.0,0.0,0.0,0.0,0.0,0.01169,8084.34,-1.169
4121,Steel,2,2,5811.01,7877.67,11107.45,1.3813898354768754,-3.696,0.0934369329214096,0.03696,0.032779341002789,0.2339622249625564,0.1048395872116089,0.6547674136544532,0.3324324128135315,0.1096549183130264,1.230143026944062,0.0,0.0,0.0,0.0,0.0,0.0,0.0,0.0,0.0,0.0,0.0,0.0,46714501.07937209,340.53961488850734,0.3811481563310304,46783106.27940317,159.27643223079585,1.1615562923048874,0.0,0.0,0.0,0.0,0.0,0.0,0.00757,8241.89,0.757
65,Steel,2,2,5001.44,8180.54,10609.81,1.82680162191391,0.007,0.0891315622329712,7e-05,0.0199533895708304,0.210250244863465,0.089042090177536,0.5653211895961131,0.3995492541613678,0.0681711134314537,1.2898924304233947,0.0,0.0,0.0,0.0,0.0,0.0,0.0,0.0,0.0,0.0,0.0,0.0,38113391.80512578,453.71981380607343,0.2682606867241229,55745134.5640813,171.37933312991547,1.422592468329214,0.0,0.0,0.0,0.0,0.0,0.0,0.01547,8053.43,-1.547
838,Steel,2,2,5629.87,8164.21,20553.9,1.1764867514371873,-0.193,0.1167718529701233,0.00193,0.0049602690850402,0.1784698621807386,0.1093145143985748,0.617298876276241,0.2440998022272628,0.120551888346672,0.9786262092636876,0.0,0.0,0.0,0.0,0.0,0.0,0.0,0.0,0.0,0.0,0.0,0.0,36146360.7362737,390.9422762621618,0.2251248581198748,31452965.841208216,870.5682404241927,1.0027431547731975,0.0,0.0,0.0,0.0,0.0,0.0,0.00302,8204.7,0.302
3906,Steel,2,2,5622.66,8427.77,13455.55,1.4269746512174606,3.029,0.1108760553598404,0.03029,0.0214919945238125,0.5105581172366181,0.02,0.6987022473930048,0.3001667847101875,0.0747359669208526,0.7816206633393276,0.0,0.0,0.0,0.0,0.0,0.0,0.0,0.0,0.0,0.0,0.0,0.0,38824398.25862359,266.143416779989,0.3291976101879519,35997913.59725787,565.77036950428,1.1976005822365434,0.0,0.0,0.0,0.0,0.0,0.0,0.0225,8364.06,2.25
3773,Steel,2,2,6123.99,8404.38,11274.12,1.5829593896865846,2.743,0.1064448016881942,0.02743,0.0224800479138256,0.4375139844817052,0.0586982205510139,0.6920021359936664,0.3384723703909166,0.0997341793775558,1.0325373301841454,0.0,0.0,0.0,0.0,0.0,0.0,0.0,0.0,0.0,0.0,0.0,0.0,61528886.213115625,641.4763576556993,0.3388243322491855,70869028.590236,775.4925080622744,1.1625644486077549,0.0,0.0,0.0,0.0,0.0,0.0,0.01263,8283.31,1.263
3161,Steel,2,2,6042.12,8036.65,21588.2,1.102162466943264,-1.752,0.066095082104206,0.01752,0.0159182421681831,0.2316932367192357,0.1220364898443222,0.3767801493739547,0.359540901851079,0.0781817439198494,0.9919362202489376,0.0,0.0,0.0,0.0,0.0,0.0,0.0,0.0,0.0,0.0,0.0,0.0,43058867.08938659,226.30635738618795,0.1729228221103294,45005660.158184886,612.0616666345696,0.9819352202489374,0.0,0.0,0.0,0.0,0.0,0.0,0.00969,8100.72,-0.969
2659,Steel,2,2,2388.83,8280.36,21402.07,0.8148896262049675,1.227,0.0526395111382007,0.01227,0.0141123048611254,0.2503539131611666,0.0336013577133417,0.3742044916430874,0.2892275483515591,0.1193796563148498,0.5961796810825898,0.0,0.0,0.0,0.0,0.0,0.0,0.0,0.0,0.0,0.0,0.0,0.0,4551061.514827075,489.0839053224216,0.1048372548470123,3861705.808102419,357.55284591742605,0.6661465351697407,0.0,0.0,0.0,0.0,0.0,0.0,0.00681,8124.31,-0.681
2451,Steel,2,2,3946.16,8265.12,37005.53,0.6199139684438706,1.041,0.0652661316990852,0.01041,0.0230708394822927,0.2475108925840985,0.0579686856269836,0.1374733110100998,0.2762730132034369,0.0827245488762855,0.3444352140632677,0.0,0.0,0.0,0.0,0.0,0.0,0.0,0.0,0.0,0.0,0.0,0.0,6992951.338916115,439.0417456497415,0.0730185285491491,6470990.107791467,366.0463136983909,0.5063362683627604,0.0,0.0,0.0,0.0,0.0,0.0,0.00757,8241.95,0.757
2846,Steel,2,2,5681.47,8295.09,29201.2,0.9838422268629076,1.407,0.1020350462198257,0.01407,0.06,0.263498574479773,0.0793706354498863,0.3828579673919745,0.1665751874997355,0.1099666291475296,0.7364452047993365,0.0,0.0,0.0,0.0,0.0,0.0,0.0,0.0,0.0,0.0,0.0,0.0,17097985.32671907,652.0389597028443,0.194535560275212,19563707.86679645,637.401650017295,0.8270595118961983,0.0,0.0,0.0,0.0,0.0,0.0,0.04016,8508.5,4.016
1144,Steel,2,2,5566.53,8204.73,15473.88,1.148007571697235,0.302,0.0847817478179931,0.00302,0.005312921938028,0.2365564710043866,0.070580441057682,0.3075250168002219,0.3437726823186515,0.0807088851928711,0.6811786585684727,0.0,0.0,0.0,0.0,0.0,0.0,0.0,0.0,0.0,0.0,0.0,0.0,24743611.592348468,195.98072391155293,0.1919999455151145,27353346.373894934,116.8283330443872,0.8430113923051944,0.0,0.0,0.0,0.0,0.0,0.0,0.00506,8138.61,-0.506
3078,Steel,2,2,5279.19,8314.85,14186.71,1.1224753201007842,1.649,0.078877219736576,0.01649,0.0144511313391282,0.2125372776686611,0.0973600071668625,0.6044075072251291,0.3356902213580037,0.0285947629809379,0.984919979426877,0.0,0.0,0.0,0.0,0.0,0.0,0.0,0.0,0.0,0.0,0.0,0.0,16230365.429884307,753.2291198881021,0.2088031087983309,17497410.283728477,114.78961880638217,0.9972720786131178,0.0,0.0,0.0,0.0,0.0,0.0,0.03121,8435.34,3.121
1103,Steel,2,2,3525.92,8203.62,15334.82,1.070455725491047,0.289,0.0827574549913406,0.00289,0.0213897383283328,0.3733020674656331,0.0905755001306534,0.2735281200599261,0.4082354404752688,0.1246546423435211,0.5409741137398347,0.0,0.0,0.0,0.0,0.0,0.0,0.0,0.0,0.0,0.0,0.0,0.0,20719204.25729205,587.3336050031374,0.1665485983261607,21978161.639392093,844.5008566117045,0.8177901910312304,0.0,0.0,0.0,0.0,0.0,0.0,0.0077,8117.0,-0.77
168,Steel,2,2,3250.89,8177.87,18570.66,1.1791485249996183,-0.026,0.065600403368473,0.00026,0.0150594280975151,0.3621357120045826,0.1196037381887436,0.5146914500176167,0.3533833129480406,0.1024700874090194,0.8486377456037946,0.0,0.0,0.0,0.0,0.0,0.0,0.0,0.0,0.0,0.0,0.0,0.0,29051904.779323727,143.6438768669903,0.1713998818469459,35518539.18179701,740.1901509939537,0.948931756411964,0.0,0.0,0.0,0.0,0.0,0.0,0.04041,8510.57,4.041
1670,Steel,2,2,4065.17,8225.72,35351.58,0.7810195803642274,0.559,0.0913784122467041,0.00559,0.0125027625046462,0.3504545350578295,0.0649042749404907,0.3403168042251311,0.3353631777038057,0.0747445020079612,0.5855962563007996,0.0,0.0,0.0,0.0,0.0,0.0,0.0,0.0,0.0,0.0,0.0,0.0,13802368.899972348,398.3791167621035,0.0927993044886701,14797613.945864853,368.45680490374673,0.6348648755878312,0.0,0.0,0.0,0.0,0.0,0.0,0.00894,8253.17,0.894
2570,Steel,2,2,5961.26,8086.48,24229.29,0.9926520258188248,-1.143,0.0810101842880249,0.01143,0.0228508287774265,0.2014552916047124,0.0479720200598239,0.2646654998505003,0.2628447128744798,0.0558828389644622,0.678468868225278,0.0,0.0,0.0,0.0,0.0,0.0,0.0,0.0,0.0,0.0,0.0,0.0,14332229.539098306,78.62910238607611,0.1248349327760217,17599005.454632703,503.4252561190132,0.7492806975365628,0.0,0.0,0.0,0.0,0.0,0.0,0.00533,8136.41,-0.533
2377,Steel,2,2,4765.23,8260.72,14532.86,1.126605099439621,0.987,0.0897523778676986,0.00987,0.0120040185425748,0.2697918794721938,0.0896780568361282,0.1326570316899608,0.4356444248123671,0.0583673241734504,0.5397295779052386,0.0,0.0,0.0,0.0,0.0,0.0,0.0,0.0,0.0,0.0,0.0,0.0,26794501.227106582,622.4058444514276,0.162629372809919,25830987.985819783,377.6813861814504,0.9342065828795152,0.0,0.0,0.0,0.0,0.0,0.0,0.03537,7890.7,-3.537
4257,Steel,2,2,4382.16,7828.73,12552.95,1.235505920648575,-4.294,0.0579338055253028,0.04294,0.0346579806744887,0.286454612823965,0.1479518347978592,0.4605020756810784,0.2558287254972738,0.0913834547996521,0.9050493122863216,0.0,0.0,0.0,0.0,0.0,0.0,0.0,0.0,0.0,0.0,0.0,0.0,29103832.34670366,263.03148346835354,0.3487688458519138,25701510.83220393,1099.9999999999995,1.0665296035942409,0.0,0.0,0.0,0.0,0.0,0.0,0.01259,8077.03,-1.259
3862,Steel,2,2,5692.89,7941.33,11218.54,1.945672157406807,-2.918,0.1431533731222152,0.02918,0.0166321845345335,0.2491169487356555,0.0891097432374954,0.7229340918072746,0.2207863264889375,0.0361208288371562,1.0710948314207294,0.0,0.0,0.0,0.0,0.0,0.0,0.0,0.0,0.0,0.0,0.0,0.0,70211014.57710728,555.4615799451595,0.324974427126361,61898336.59158616,287.1431788946734,1.626957898777645,0.0,0.0,0.0,0.0,0.0,0.0,0.02309,7991.14,-2.309
2633,Steel,2,2,3166.33,8277.63,11485.67,1.084922082722187,1.194,0.0310596950948238,0.01194,0.0181694077095381,0.2325100295923916,0.0617211756110191,0.4588487140652336,0.0948085828087989,0.1245481532812118,0.6600829479566853,0.0,0.0,0.0,0.0,0.0,0.0,0.0,0.0,0.0,0.0,0.0,0.0,14233195.105033712,514.1422391553973,0.3483432597231013,17340013.70778652,648.7734164255172,0.93767304937123,0.0,0.0,0.0,0.0,0.0,0.0,0.04794,8572.16,4.794
3340,Steel,2,2,5517.2,8018.42,20704.77,1.2186840057373047,-1.975,0.0792745217680931,0.01975,0.016599914374187,0.4453953550989649,0.0571699401736259,0.8215947074094663,0.2273216042650419,0.0730822172760963,0.8900172996868865,0.0,0.0,0.0,0.0,0.0,0.0,0.0,0.0,0.0,0.0,0.0,0.0,26462153.645732805,556.1384368927938,0.3753948212184095,39373952.38894074,368.59849283602495,1.0230252177169623,0.0,0.0,0.0,0.0,0.0,0.0,0.02803,7950.74,-2.803
2215,Steel,2,2,5299.37,8108.87,16523.24,1.3686631858348848,-0.87,0.117502165555954,0.0087,0.0182345363134031,0.2306506803668032,0.1203083032369613,0.5419751261630839,0.2122981696297685,0.0807117328047752,0.8911756558930493,0.0,0.0,0.0,0.0,0.0,0.0,0.0,0.0,0.0,0.0,0.0,0.0,31239681.90461933,679.4419405198659,0.2243715547962766,30329909.838558685,269.6676786976312,1.1786548814859636,0.0,0.0,0.0,0.0,0.0,0.0,0.00609,8130.16,-0.609
1907,Steel,2,2,7415.85,8123.91,11452.96,1.6131215989589691,-0.686,0.0994273226261139,0.00686,0.0075584127118322,0.1980373378722068,0.061923154592514,0.3074432623521992,0.1446465618405119,0.0736944577097892,0.9482301158925396,0.0,0.0,0.0,0.0,0.0,0.0,0.0,0.0,0.0,0.0,0.0,0.0,47396827.88108847,532.6904965831754,0.2688251539815285,45416593.90118128,610.6599860629204,1.209713240675056,0.0,0.0,0.0,0.0,0.0,0.0,0.03361,7905.11,-3.361
227,Steel,2,2,2968.0,8176.92,16005.85,0.8907337427139282,-0.038,0.0408650171458721,0.00038,0.0140669298743068,0.1698977745668173,0.1161350989341735,0.1875911444707829,0.4671909502532878,0.0889720118045807,0.5414128889556096,0.0,0.0,0.0,0.0,0.0,0.0,0.0,0.0,0.0,0.0,0.0,0.0,12766263.639652891,305.5842543141826,0.0890733751621265,15781295.70853996,409.1494124035536,0.6388525131487536,0.0,0.0,0.0,0.0,0.0,0.0,0.02697,8400.61,2.697
296,Steel,2,2,4050.91,8184.18,52937.7,0.6701627872884274,0.051,0.0612651510238647,0.00051,0.0175873278585987,0.3601728600111886,0.07687015324831,0.1997298776996452,0.34263962975779,0.08655517578125,0.4435831613136615,0.0,0.0,0.0,0.0,0.0,0.0,0.0,0.0,0.0,0.0,0.0,0.0,13970104.56169746,538.4498217410967,0.164499283864777,14111749.670045972,737.8526129876175,0.5784362758951664,0.0,0.0,0.0,0.0,0.0,0.0,0.01297,8073.9,-1.297
1001,Steel,2,2,2764.93,8200.36,14785.08,1.1135677129030228,0.249,0.0724060658812523,0.00249,0.0121625361407717,0.3768494907899281,0.0355127561837434,0.2106034029423427,0.5108438481891028,0.1094322156906128,0.6305001764716878,0.0,0.0,0.0,0.0,0.0,0.0,0.0,0.0,0.0,0.0,0.0,0.0,16361393.404926073,713.1068106419235,0.1192525943839791,17817277.25299177,536.4281742251881,0.8799676380231316,0.0,0.0,0.0,0.0,0.0,0.0,0.00517,8222.31,0.517
2138,Steel,2,2,2883.43,8246.3,18923.48,1.769184297323227,0.811,0.0663334328532219,0.00811,0.018335545996011,0.385140115952867,0.0511976107954978,0.6746170588315509,0.434236886858238,0.1013904589414596,1.4263704349176087,0.0,0.0,0.0,0.0,0.0,0.0,0.0,0.0,0.0,0.0,0.0,0.0,153394325.01684833,545.3344948136894,0.2782242809841857,168408379.9902661,132.78264659972572,1.5325354687381576,0.0,0.0,0.0,0.0,0.0,0.0,0.01932,8021.94,-1.932
711,Steel,2,2,5886.74,8167.31,11536.12,1.548105251789093,-0.155,0.0860221602916717,0.00155,0.0145961476238061,0.1217697586455994,0.15,0.2144940412199189,0.346372575758538,0.0612948474287986,1.1039844454138263,0.0,0.0,0.0,0.0,0.0,0.0,0.0,0.0,0.0,0.0,0.0,0.0,31194353.15867677,309.0770068061582,0.2390800619033967,34480524.01545554,363.802522071137,1.2619809944915428,0.0,0.0,0.0,0.0,0.0,0.0,0.03492,8465.61,3.492
2801,Steel,2,2,4966.37,8069.34,19749.45,1.1490354955196382,-1.353,0.0928412972688675,0.01353,0.0105643569807496,0.2096800265720969,0.1185706943273544,0.3652517753816345,0.2735756993048656,0.0962771087884903,0.7736778810275841,0.0,0.0,0.0,0.0,0.0,0.0,0.0,0.0,0.0,0.0,0.0,0.0,18542702.86099187,1028.9821392843971,0.1198044275581966,25128118.638876174,641.0354375866575,0.9345986186639412,0.0,0.0,0.0,0.0,0.0,0.0,0.00918,8104.88,-0.918
2527,Steel,2,2,5280.45,8270.66,26518.65,0.7371123358607292,1.108,0.0407327312529087,0.01108,0.0111279282244443,0.1499254166430669,0.0970756024122238,0.1182845262120216,0.1691971506447971,0.1143372911214828,0.4985368286167955,0.0,0.0,0.0,0.0,0.0,0.0,0.0,0.0,0.0,0.0,0.0,0.0,8823356.99823722,497.17840346447497,0.1042845504852948,9583856.31506734,677.3514776552496,0.6331695965281139,0.0,0.0,0.0,0.0,0.0,0.0,0.0207,8010.64,-2.07
3752,Steel,2,2,4221.66,7959.38,15403.82,1.2308577686548232,-2.697,0.0915420271158218,0.02697,0.0167054690557,0.4666440277516732,0.1036118751764297,0.5351618000998251,0.2520220316629024,0.0580608785152435,1.107761991789341,0.0,0.0,0.0,0.0,0.0,0.0,0.0,0.0,0.0,0.0,0.0,0.0,31510617.084885545,537.6675589796616,0.2084991501191965,35337921.35381173,356.41777779841976,1.0093968264588755,0.0,0.0,0.0,0.0,0.0,0.0,0.02788,7951.92,-2.788
3321,Steel,2,2,5417.93,8339.59,12730.77,1.2576973646879197,1.951,0.0713054636716842,0.01951,0.0167423252558578,0.2725115252813982,0.0777328130602836,0.1257797364687919,0.2293029316840204,0.0843163445591926,0.7488271899803638,0.0,0.0,0.0,0.0,0.0,0.0,0.0,0.0,0.0,0.0,0.0,0.0,29659278.940645352,535.3585890655263,0.135780736468792,23268291.908954334,623.4313472088455,1.0306411796889732,0.0,0.0,0.0,0.0,0.0,0.0,0.01011,8097.27,-1.011
3181,Steel,2,2,5252.73,8325.47,13998.3,1.3160795122385025,1.778,0.0726233881711959,0.01778,0.0315240300736783,0.3075753936177408,0.0380678825080394,0.6650557616646445,0.1995683988942209,0.0768646517395973,1.0220591902098684,0.0,0.0,0.0,0.0,0.0,0.0,0.0,0.0,0.0,0.0,0.0,0.0,19840678.777846318,714.8476868625468,0.1912924715917243,16553264.387809765,574.206047077164,1.0396218543508318,0.0,0.0,0.0,0.0,0.0,0.0,0.00093,8187.59,0.093
4183,Steel,2,2,2589.12,7857.28,42851.77,0.811121141910553,-3.945,0.1003580424785614,0.03945,0.0245928957944719,0.2573753393436627,0.1310869985818863,0.3307710219525259,0.5314709435115723,0.0911129510402679,0.6083898357948601,0.0,0.0,0.0,0.0,0.0,0.0,0.0,0.0,0.0,0.0,0.0,0.0,12839284.5333781,497.0714730821132,0.0872380399851433,13036167.71152438,718.4570332374345,0.6261612299178987,0.0,0.0,0.0,0.0,0.0,0.0,0.03432,7899.26,-3.432
1615,Steel,2,2,4935.67,8223.41,29105.32,1.0354023322463035,0.531,0.1092198473215103,0.00531,0.0352966243039199,0.297429414245444,0.10500497341156,0.301508939061718,0.3083582858362283,0.0960725456476211,0.674845091721063,0.0,0.0,0.0,0.0,0.0,0.0,0.0,0.0,0.0,0.0,0.0,0.0,25478375.206335053,441.4784114303016,0.138033124146655,28292399.83498768,421.2018995515512,0.8636137658020813,0.0,0.0,0.0,0.0,0.0,0.0,0.00337,8207.54,0.337
3024,Steel,2,2,5454.89,8050.06,15113.97,1.5188115179538728,-1.589,0.1026024125814438,0.01589,0.06,0.1846111551150871,0.0478506788611412,0.4601412564837656,0.1619302617305777,0.1390361595153808,1.250815600294081,0.0,0.0,0.0,0.0,0.0,0.0,0.0,0.0,0.0,0.0,0.0,0.0,16837292.399611972,280.4845823262858,0.233032824530954,25361049.16294748,339.41380474120257,1.366930364639674,0.0,0.0,0.0,0.0,0.0,0.0,0.00885,8107.61,-0.885
1413,Steel,2,2,4432.95,8145.35,44518.07,0.7821374833583832,-0.424,0.1012565488815307,0.00424,0.0052399484900838,0.2739159762584827,0.02,0.3865425536155689,0.249346759948077,0.1278228992223739,0.5877734737587036,0.0,0.0,0.0,0.0,0.0,0.0,0.0,0.0,0.0,0.0,0.0,0.0,11923969.142342271,525.4422280363162,0.1054904263649406,13652351.931710308,649.3235664720778,0.6869927896590917,0.0,0.0,0.0,0.0,0.0,0.0,0.02967,7937.3,-2.967
763,Steel,2,2,6071.29,8166.2,21689.58,1.039772166311741,-0.169,0.0877688639163971,0.00169,0.0248652263500398,0.1516421776099527,0.0804311829805374,0.4227077248977448,0.1719622234000715,0.0962255650758743,0.8271803751269611,0.0,0.0,0.0,0.0,0.0,0.0,0.0,0.0,0.0,0.0,0.0,0.0,14606440.013289256,686.3133585562877,0.1673590700559105,17613675.798684526,361.2823113041218,0.8725323251876665,0.0,0.0,0.0,0.0,0.0,0.0,0.01186,8083.0,-1.186
655,Steel,2,2,3604.7,8168.94,13452.61,1.287479367852211,-0.135,0.0812215310931205,0.00135,0.0153319428048843,0.208043835739288,0.0857171952724456,0.4181453684093251,0.3410361764491063,0.1079226326942443,0.7762801201111875,0.0,0.0,0.0,0.0,0.0,0.0,0.0,0.0,0.0,0.0,0.0,0.0,17417519.919461377,320.7350051590947,0.1959072256982562,15902643.89615622,129.66723872553302,1.079422481733865,0.0,0.0,0.0,0.0,0.0,0.0,0.00492,8220.28,0.492
4797,Steel,2,2,2995.26,9103.54,16527.62,1.4917906403541563,11.29,0.0762388527393341,0.1129,0.0068969055004195,0.6618396191296003,0.0492401836812496,0.3910935052744135,0.4562143094680745,0.1076567083597183,0.8655423079708314,0.0,0.0,0.0,0.0,0.0,0.0,0.0,0.0,0.0,0.0,0.0,0.0,123857803.59027351,345.0036718274714,0.2091228342342513,101151618.72030152,642.886670781518,1.2236628435563632,0.0,0.0,0.0,0.0,0.0,0.0,0.03643,8478.0,3.643
3849,Steel,2,2,5274.59,7943.1,18650.06,1.2078097581863405,-2.896,0.1096868069171905,0.02896,0.01625095556486,0.3621954250568967,0.0753766137361526,0.1866029144522965,0.2320999589364357,0.0961202383041381,0.6963617030271849,0.0,0.0,0.0,0.0,0.0,0.0,0.0,0.0,0.0,0.0,0.0,0.0,33131360.618453767,798.2054196409741,0.2257357975390104,41294230.6060229,1099.9999999999995,0.939443415092722,0.0,0.0,0.0,0.0,0.0,0.0,0.03116,7925.08,-3.116
157,Steel,2,2,5570.02,8178.04,23090.34,0.9713159903883934,-0.024,0.0780731742382049,0.00024,0.0120454327424275,0.3533777889529869,0.1087712985277176,0.2438884718578576,0.2582815250985462,0.104532401561737,0.6243983690653208,0.0,0.0,0.0,0.0,0.0,0.0,0.0,0.0,0.0,0.0,0.0,0.0,30850529.02422685,332.41187952141627,0.1664348783759492,32590016.506745625,1099.9999999999995,0.6949296781284042,0.0,0.0,0.0,0.0,0.0,0.0,0.03035,7931.71,-3.035
1295,Steel,2,2,3949.24,8149.61,9404.46,1.5880781680345537,-0.372,0.0670404148101806,0.00372,0.0184111519644261,0.1985518596176731,0.0768382638692855,0.3167839121487595,0.2610299945452261,0.0415164567530155,0.8536058666473161,0.0,0.0,0.0,0.0,0.0,0.0,0.0,0.0,0.0,0.0,0.0,0.0,13957486.886608263,247.65972826856256,0.1851497058336225,19553422.11700481,315.9953830986548,1.2681714563607007,0.0,0.0,0.0,0.0,0.0,0.0,0.01969,8341.03,1.969
497,Steel,2,2,3563.13,8187.99,15889.61,1.2519527018070222,0.098,0.0806610289216041,0.00098,0.0185561768231693,0.3981448212026244,0.1115921622514724,0.4321701695563246,0.369883410065956,0.124023255109787,0.7815887337347439,0.0,0.0,0.0,0.0,0.0,0.0,0.0,0.0,0.0,0.0,0.0,0.0,30048559.806758933,731.9044860315344,0.2057183525895323,31749339.30015925,486.0328553115414,0.9889654040834636,0.0,0.0,0.0,0.0,0.0,0.0,0.0027,8202.12,0.27
3456,Steel,2,2,5747.15,8005.58,16761.79,1.8291422933340076,-2.132,0.1103336319923401,0.02132,0.0115935173065303,0.2522779813725392,0.0712191700935363,1.142402066918618,0.3222441563923847,0.0354745081067085,1.3785150370298047,0.0,0.0,0.0,0.0,0.0,0.0,0.0,0.0,0.0,0.0,0.0,0.0,121346208.1865118,263.94758505005103,0.619244145322704,84116322.83922462,402.0021546687336,1.6462280621714642,0.0,0.0,0.0,0.0,0.0,0.0,0.00342,8207.99,0.342
373,Steel,2,2,3649.22,8174.29,35696.85,0.7490150585770607,-0.07,0.0928433709144592,0.0007,0.0136254702606434,0.2765028172533178,0.0206941774999722,0.2442606807028008,0.3311111671669783,0.1096543139219284,0.4209061700002709,0.0,0.0,0.0,0.0,0.0,0.0,0.0,0.0,0.0,0.0,0.0,0.0,7910602.086803631,835.6483354671773,0.1134159612294261,10420242.416854244,320.8122531795344,0.625697751752423,0.0,0.0,0.0,0.0,0.0,0.0,0.00025,8177.96,-0.025
79,Steel,2,2,4363.07,8179.28,17843.85,1.2995506912469863,-0.009,0.0669209432005882,9e-05,0.0437120870517105,0.2652423123537231,0.0765698328614234,0.728285960635183,0.2439567665842796,0.1084431916475296,1.1695856221222878,0.0,0.0,0.0,0.0,0.0,0.0,0.0,0.0,0.0,0.0,0.0,0.0,32295539.624590088,341.37947934259574,0.237646388296621,29998718.63154415,860.3792817792569,1.159584622122288,0.0,0.0,0.0,0.0,0.0,0.0,0.0011,8189.0,0.11
1553,Steel,2,2,3416.57,8139.63,20553.44,1.085008643567562,-0.494,0.076021691262722,0.00494,0.0134298004393138,0.3810210156654516,0.0921186578273773,0.3649417361074363,0.2761591253716673,0.0740119567513465,0.7010166270020386,0.0,0.0,0.0,0.0,0.0,0.0,0.0,0.0,0.0,0.0,0.0,0.0,12690882.5571477,117.48369817250304,0.1241713095813641,16921212.84778363,849.5203444903083,0.8956419043981648,0.0,0.0,0.0,0.0,0.0,0.0,0.00808,8246.08,0.808
1669,Steel,2,2,5521.39,8225.64,13569.03,1.4605219960212708,0.558,0.1173082500696182,0.00558,0.028187165323511,0.3318274151963062,0.122673727273941,0.6799838745620593,0.2623434821784916,0.0981936174631118,0.9817935997023436,0.0,0.0,0.0,0.0,0.0,0.0,0.0,0.0,0.0,0.0,0.0,0.0,46745345.77262002,490.65016291967,0.3043640001369738,47801956.28736405,256.8606554446716,1.1634181433630153,0.0,0.0,0.0,0.0,0.0,0.0,0.01131,8272.55,1.131
2131,Steel,2,2,2250.59,8245.84,25517.59,1.054929080605507,0.805,0.0974539991617202,0.00805,0.0160501585414124,0.2107126129617059,0.0690812644362449,0.4683427186251229,0.4242592481889413,0.15,0.8463463752594749,0.0,0.0,0.0,0.0,0.0,0.0,0.0,0.0,0.0,0.0,0.0,0.0,21370892.8563232,494.3482197828548,0.1802715900180736,12652303.13227689,844.3951554128693,0.7813630571067363,0.0,0.0,0.0,0.0,0.0,0.0,0.00616,8230.37,0.616
4439,Steel,2,2,1857.02,8619.95,12087.61,1.4316872000694276,5.378,0.0419400690793991,0.05378,0.0225231417346139,0.3111437522494384,0.0537358480691909,0.7159281640021831,0.2155064671047605,0.1018051487207412,1.1768675899692047,0.0,0.0,0.0,0.0,0.0,0.0,0.0,0.0,0.0,0.0,0.0,0.0,54683305.6575788,249.6583586614712,0.3163752991206525,63379778.761723705,1099.9999999999995,1.2885184786307975,0.0,0.0,0.0,0.0,0.0,0.0,0.02384,7984.97,-2.384
465,Steel,2,2,5401.37,8172.43,36796.97,0.8305337071418762,-0.093,0.0993755491971969,0.00093,0.0160555052392688,0.3958097077450905,0.032063400298357,0.3430821557481456,0.2829081708496614,0.1140334838628769,0.6148789347681891,0.0,0.0,0.0,0.0,0.0,0.0,0.0,0.0,0.0,0.0,0.0,0.0,22320168.272677865,264.86970320287776,0.2005772887811258,22243910.937930766,438.6615699974109,0.7196554139617406,0.0,0.0,0.0,0.0,0.0,0.0,0.00327,8206.71,0.327
248,Steel,2,2,4398.08,8183.31,17788.63,1.1739713594317438,0.04,0.0673865993618965,0.0004,0.0211821640712923,0.3392366254978232,0.0476330244541168,0.3989219416086237,0.3131465655005051,0.15,0.8115001789242056,0.0,0.0,0.0,0.0,0.0,0.0,0.0,0.0,0.0,0.0,0.0,0.0,24508002.88630368,865.0503543873857,0.1517584091128758,29101280.92320818,302.7085261294145,0.8904531132172201,0.0,0.0,0.0,0.0,0.0,0.0,0.01271,8075.99,-1.271
931,Steel,2,2,6527.3,8198.26,15331.85,1.5562389940023422,0.223,0.1351443359851837,0.00223,0.0140985797478963,0.1664109914841624,0.069973783493042,0.1556338994002342,0.2938831363314771,0.086214872598648,1.008716040872793,0.0,0.0,0.0,0.0,0.0,0.0,0.0,0.0,0.0,0.0,0.0,0.0,60371700.454165176,333.44997659276936,0.281870389460011,63022235.23745826,462.708988079548,1.3082188348925088,0.0,0.0,0.0,0.0,0.0,0.0,0.00928,8255.93,0.928
1335,Steel,2,2,6639.11,8212.16,20331.53,1.2092294663190843,0.393,0.1147104038000107,0.00393,0.0253865949362916,0.1782771421348262,0.0439905859529972,0.2749629863145615,0.2365573015225989,0.0741007906198501,0.6982397887987211,0.0,0.0,0.0,0.0,0.0,0.0,0.0,0.0,0.0,0.0,0.0,0.0,32389623.359679997,308.427417869639,0.2382900031116252,32763943.44231907,423.7821065798551,1.00098378621138,0.0,0.0,0.0,0.0,0.0,0.0,0.01929,8337.79,1.929
4524,Steel,2,2,6708.2,8666.14,13534.24,1.5464749306440353,5.943,0.0834648559093475,0.05943,0.0218046103379487,0.301150129906965,0.0577222180366516,0.4649895136157225,0.3755378060106767,0.1153508937358856,1.2428702598814696,0.0,0.0,0.0,0.0,0.0,0.0,0.0,0.0,0.0,0.0,0.0,0.0,61257030.9137321,369.6869073398738,0.2922498616362847,76489655.1074899,466.9619961903553,1.2178563933306972,0.0,0.0,0.0,0.0,0.0,0.0,0.00227,8198.55,0.227
1338,Steel,2,2,5528.6,8147.79,22468.78,0.8472108393907547,-0.394,0.0533775152564048,0.00394,0.0057790508405656,0.2730788618250149,0.0985730743408203,0.3052578787333576,0.4093213890295962,0.0754974570870399,0.750581200402723,0.0,0.0,0.0,0.0,0.0,0.0,0.0,0.0,0.0,0.0,0.0,0.0,35384800.91465546,432.8752151967946,0.1982351762798901,42008344.79237486,722.8001942252782,0.6875551510890239,0.0,0.0,0.0,0.0,0.0,0.0,0.02552,7971.27,-2.552
1406,Steel,2,2,4416.37,8145.49,26913.99,1.03154149800539,-0.422,0.0915364071130752,0.00422,0.0144343292198173,0.1629726763290244,0.1007307195663452,0.5280538591511671,0.478704319987907,0.0751166209578514,0.8205424984464509,0.0,0.0,0.0,0.0,0.0,0.0,0.0,0.0,0.0,0.0,0.0,0.0,20899022.49667858,264.6793743473464,0.2580395451091555,25457089.321121607,176.11778391062975,0.8935436986950775,0.0,0.0,0.0,0.0,0.0,0.0,0.00644,8127.29,-0.644
1090,Steel,2,2,3499.69,8203.24,61569.19,0.8106843680143356,0.284,0.1029689230918884,0.00284,0.023982024527343,0.1618973284355561,0.057831120789051,0.2585444274359438,0.4461235881587565,0.0779166021943092,0.5754988810859936,0.0,0.0,0.0,0.0,0.0,0.0,0.0,0.0,0.0,0.0,0.0,0.0,14386969.5625568,583.2604568931232,0.1501458364488976,12264471.244153405,223.855516681569,0.6773844242092144,0.0,0.0,0.0,0.0,0.0,0.0,0.01283,8075.06,-1.283
4209,Steel,2,2,5830.39,8512.65,21560.15,1.076200994849205,4.067,0.0982349933385849,0.04067,0.013796195566137,0.3074559444842043,0.0955244636535644,0.4185390153202326,0.2426976996270514,0.0865743690729141,0.8537285390724949,0.0,0.0,0.0,0.0,0.0,0.0,0.0,0.0,0.0,0.0,0.0,0.0,41446552.72644097,765.3200486163825,0.1802231092694176,33548230.641530797,534.3770570869241,0.7645992794704735,0.0,0.0,0.0,0.0,0.0,0.0,0.01092,8269.33,1.092
742,Steel,2,2,4556.65,8166.6,21780.63,0.9693523272871972,-0.164,0.0564613182544708,0.00164,0.0090563703463887,0.2025187751458717,0.0878041344881057,0.2447554756907524,0.3208533089910735,0.1027133083343505,0.8260434736098875,0.0,0.0,0.0,0.0,0.0,0.0,0.0,0.0,0.0,0.0,0.0,0.0,19851149.208048977,401.0461525178072,0.1898514978884963,18105622.779412903,252.404824767418,0.7975188601605032,0.0,0.0,0.0,0.0,0.0,0.0,0.01611,8048.18,-1.611
2323,Steel,2,2,3742.32,8102.16,15901.9,1.360322690010071,-0.952,0.0799194594025611,0.00952,0.0145834553135082,0.2561062724099991,0.0557148337364196,0.318475535155557,0.3674638103341675,0.1464260804653167,0.9947619278538572,0.0,0.0,0.0,0.0,0.0,0.0,0.0,0.0,0.0,0.0,0.0,0.0,27726849.407466978,252.28347911637024,0.2084083402610257,23833557.718668617,622.9316176116611,1.0235609719252654,0.0,0.0,0.0,0.0,0.0,0.0,0.03575,7887.56,-3.575
3601,Steel,2,2,5764.45,7985.54,25766.87,1.048101745545864,-2.377,0.0937026219367981,0.02377,0.0199325609562039,0.2888028260642941,0.0924627965688705,0.2437516698169629,0.1933796658486902,0.064896348118782,0.6997881277415228,0.0,0.0,0.0,0.0,0.0,0.0,0.0,0.0,0.0,0.0,0.0,0.0,25159959.95728492,810.9679430827848,0.1171184381882129,21702182.85364159,768.5004660892439,0.820453235520995,0.0,0.0,0.0,0.0,0.0,0.0,0.01369,8068.03,-1.369
2123,Steel,2,2,6977.07,8245.63,22211.81,1.236116147041321,0.802,0.1183734775781631,0.00802,0.031121633054277,0.3294919602712606,0.1340248197317123,0.2677161367527318,0.2833318207779351,0.0603453838825225,0.7858994961003776,0.0,0.0,0.0,0.0,0.0,0.0,0.0,0.0,0.0,0.0,0.0,0.0,69352627.56878181,434.6863583802841,0.1691912341967364,53321728.62318265,648.9841965217889,0.8989579599174307,0.0,0.0,0.0,0.0,0.0,0.0,0.00148,8192.13,0.148
2094,Steel,2,2,5606.47,8115.72,23904.12,1.106929709017277,-0.786,0.114670615196228,0.00786,0.0136325819930403,0.3206086846581387,0.1010474050045013,0.3844753862416216,0.249527469103235,0.0475332902371883,0.6756014045491732,0.0,0.0,0.0,0.0,0.0,0.0,0.0,0.0,0.0,0.0,0.0,0.0,34814505.72892327,498.0036483559422,0.2474340137696149,29498760.760390487,607.4865062393254,0.9259032891475762,0.0,0.0,0.0,0.0,0.0,0.0,0.01158,8274.76,1.158
240,Steel,2,2,4662.28,8176.75,19169.1,1.043993192911148,-0.04,0.0819572351574897,0.0004,0.0340484116279509,0.3966613110827234,0.0773810496926307,0.1999985728266845,0.2480929919123083,0.0909736853837967,0.5904421990179791,0.0,0.0,0.0,0.0,0.0,0.0,0.0,0.0,0.0,0.0,0.0,0.0,21924563.37103851,808.7018855211234,0.1344810376093899,21084461.41593196,314.5204167036508,0.7985643298486775,0.0,0.0,0.0,0.0,0.0,0.0,0.01333,8070.97,-1.333
2351,Steel,2,2,3586.29,8100.64,25040.46,0.7999913468956947,-0.97,0.056707591176033,0.0097,0.0179156718107484,0.2128771005033447,0.1153193259239196,0.3060512155945152,0.3826848046261986,0.0464438326656818,0.5148542870515406,0.0,0.0,0.0,0.0,0.0,0.0,0.0,0.0,0.0,0.0,0.0,0.0,7088161.610769841,325.14510818230696,0.1291819127479261,7515998.838981214,210.8816848196136,0.6276586250138346,0.0,0.0,0.0,0.0,0.0,0.0,0.02162,8356.84,2.162
1370,Steel,2,2,5757.3,8213.4,17852.86,1.4055684298276905,0.408,0.1371263095140457,0.00408,0.0471558504683764,0.2194704209930037,0.1199425303936004,0.1507678172783393,0.2156983776742646,0.0920548945665359,0.7317945761637821,0.0,0.0,0.0,0.0,0.0,0.0,0.0,0.0,0.0,0.0,0.0,0.0,39780055.16253361,213.1768573083725,0.1717906953408757,50044609.63542266,628.9728772498672,1.1778618341019638,0.0,0.0,0.0,0.0,0.0,0.0,0.01239,8281.32,1.239
1057,Steel,2,2,5992.48,8202.16,20330.83,1.2284033000469208,0.271,0.11453631067276,0.00271,0.0182243446014037,0.4032777053041314,0.0499829396605491,0.4105311903079129,0.2730974301812227,0.0377584381401538,0.7356462860168835,0.0,0.0,0.0,0.0,0.0,0.0,0.0,0.0,0.0,0.0,0.0,0.0,35572245.410857335,1099.9999999999995,0.2344369668471104,35393087.9138786,487.95939334962657,0.9770463598179896,0.0,0.0,0.0,0.0,0.0,0.0,0.00453,8217.06,0.453
199,Steel,2,2,3598.61,8182.61,26183.69,0.9079992681741714,0.032,0.0993459256887436,0.00032,0.0047729907219965,0.3875981138080275,0.1171853679418564,0.4503230437929242,0.3742750182136554,0.0729182258248329,0.644780674987654,0.0,0.0,0.0,0.0,0.0,0.0,0.0,0.0,0.0,0.0,0.0,0.0,18941941.442719985,633.4096617916938,0.2288671444868142,15971270.63863862,652.3647636502903,0.8171993404487551,0.0,0.0,0.0,0.0,0.0,0.0,0.00816,8113.29,-0.816
2280,Steel,2,2,4802.93,8255.56,30503.73,0.939430007338524,0.924,0.0746202369332313,0.00924,0.0177369156774896,0.3326594441330716,0.1103786998987197,0.3110007742667627,0.3291823807789278,0.1280414718389511,0.7003753519945531,0.0,0.0,0.0,0.0,0.0,0.0,0.0,0.0,0.0,0.0,0.0,0.0,37062459.40581489,278.5584255327012,0.1531791520987518,29344218.2632446,347.7054557331781,0.7713255403520194,0.0,0.0,0.0,0.0,0.0,0.0,0.01021,8263.48,1.021
2220,Steel,2,2,5571.21,8108.64,18898.65,0.9747707054018976,-0.872,0.0650452969074249,0.00872,0.0138180066097884,0.2492839319125677,0.0390577802062034,0.1942957594140778,0.092291255103142,0.0835305353999138,0.5298867124218862,0.0,0.0,0.0,0.0,0.0,0.0,0.0,0.0,0.0,0.0,0.0,0.0,8840693.744859068,631.6148387812315,0.1017466334646454,7774228.23523974,621.8317028182794,0.8019007396128556,0.0,0.0,0.0,0.0,0.0,0.0,0.01036,8264.74,1.036
2819,Steel,2,2,3779.82,8292.68,19545.53,1.257322120666504,1.378,0.0877701504230499,0.01378,0.0225891286356436,0.2797661530331409,0.0839659255743026,0.4335033269183871,0.5222810465876356,0.094486933350563,0.9202189591071952,0.0,0.0,0.0,0.0,0.0,0.0,0.0,0.0,0.0,0.0,0.0,0.0,30645097.031537563,352.33204463035025,0.2274206516901759,28816005.80686661,371.1389794312182,0.9988715887408958,0.0,0.0,0.0,0.0,0.0,0.0,0.01185,8276.97,1.185
3150,Steel,2,2,5102.96,8322.48,14837.48,1.3996106177568437,1.742,0.1057173329591751,0.01742,0.035831484929788,0.299222664262285,0.02,0.3944318328410156,0.319864906249714,0.1104694128036499,0.8827678591696713,0.0,0.0,0.0,0.0,0.0,0.0,0.0,0.0,0.0,0.0,0.0,0.0,29885462.649690792,256.869121721722,0.2008136366763256,29417545.58855203,255.27953576548308,1.0976702430605458,0.0,0.0,0.0,0.0,0.0,0.0,0.02364,8373.39,2.364
4256,Steel,2,2,6336.76,8531.27,13153.08,1.2624030768871308,4.294,0.071836156129837,0.04294,0.009348221249008,0.3201008022404114,0.02,0.1767102451197356,0.2523948320721836,0.0630573758482933,0.7548697144069885,0.0,0.0,0.0,0.0,0.0,0.0,0.0,0.0,0.0,0.0,0.0,0.0,28321480.95377888,451.0838173342157,0.1262403089511161,22154168.30122398,497.776273191903,0.9195377087758044,0.0,0.0,0.0,0.0,0.0,0.0,0.02808,8409.68,2.808
3107,Steel,2,2,5949.23,8317.39,26871.59,1.0006691038608553,1.68,0.0977174452543258,0.0168,0.008565896735444,0.2059211952952985,0.0766657915711402,0.2482966938444327,0.3404744434520501,0.0624078568816185,0.6617561371191973,0.0,0.0,0.0,0.0,0.0,0.0,0.0,0.0,0.0,0.0,0.0,0.0,26577189.57260044,606.0306414856067,0.1579795085380522,26297096.89389765,331.0697568461654,0.7712633120008066,0.0,0.0,0.0,0.0,0.0,0.0,0.0222,8361.63,2.22
1973,Steel,2,2,6082.34,8121.3,14764.21,1.4734129458665848,-0.718,0.0991883286237716,0.00718,0.05023929378644,0.3456110063438491,0.02,0.4866281531915979,0.2334787609376904,0.0871378320455551,0.8433524302530322,0.0,0.0,0.0,0.0,0.0,0.0,0.0,0.0,0.0,0.0,0.0,0.0,32548794.750506103,286.8365478302544,0.1941707201683736,27206857.62684296,225.81730448524172,1.0804858265636086,0.0,0.0,0.0,0.0,0.0,0.0,0.00335,8207.41,0.335
1375,Steel,2,2,2807.37,8213.57,14082.66,0.8600612103939057,0.41,0.0641900196671485,0.0041,0.0078396057849562,0.3158921028311313,0.15,0.0860161210393905,0.2276304829907055,0.1096763896942138,0.3366816101579939,0.0,0.0,0.0,0.0,0.0,0.0,0.0,0.0,0.0,0.0,0.0,0.0,11511122.346211627,282.0998921719975,0.1344221403304281,13861186.763506588,164.31247040648378,0.6151884376204326,0.0,0.0,0.0,0.0,0.0,0.0,0.04523,7809.99,-4.523
3968,Steel,2,2,5621.57,8440.1,23437.36,1.168960699439049,3.18,0.089136928319931,0.0318,0.0083135999708311,0.3831407110806147,0.0880951797962188,0.3566335084310826,0.2273642022825509,0.1332103949785232,0.9615415476981688,0.0,0.0,0.0,0.0,0.0,0.0,0.0,0.0,0.0,0.0,0.0,0.0,40361180.52120496,358.71462785179494,0.1628507990873815,40938101.7616957,738.7254029987141,0.97313234156065,0.0,0.0,0.0,0.0,0.0,0.0,0.01238,8281.28,1.238
4062,Steel,2,2,5021.92,7894.2,25440.41,1.1115671649575234,-3.494,0.1193081923723221,0.03494,0.0205684970314582,0.2157363988794158,0.075783702135086,0.4551381715176738,0.3074792311746152,0.1249824315309524,0.7692122583142378,0.0,0.0,0.0,0.0,0.0,0.0,0.0,0.0,0.0,0.0,0.0,0.0,27613550.37541824,202.88041735225696,0.1533376789205391,31936577.89011468,136.082141858704,0.859345028184096,0.0,0.0,0.0,0.0,0.0,0.0,0.03197,7918.52,-3.197
3557,Steel,2,2,4869.25,8367.71,10891.2,1.7664253771305083,2.295,0.104820256948471,0.02295,0.013555964865574,0.2307621779575613,0.1094970095157623,0.3612141777218894,0.240684332580603,0.054016905426979,0.672175312826218,0.0,0.0,0.0,0.0,0.0,0.0,0.0,0.0,0.0,0.0,0.0,0.0,37134710.4561167,518.7882282144291,0.2088685276066571,36440351.78746092,313.04792144305173,1.459347319788608,0.0,0.0,0.0,0.0,0.0,0.0,0.01943,8338.94,1.943
964,Steel,2,2,5336.73,8160.88,19444.08,1.422786650061607,-0.234,0.1026409485340118,0.00234,0.0482729056184195,0.364699840835222,0.0909915536642074,0.3437848012477361,0.2989481828225296,0.0563955795764923,1.1763497746747862,0.0,0.0,0.0,0.0,0.0,0.0,0.0,0.0,0.0,0.0,0.0,0.0,35506422.763217464,1088.9433607044098,0.2437170473268461,34141813.06631127,424.4722611439239,1.28050798363266,0.0,0.0,0.0,0.0,0.0,0.0,0.02397,7983.92,-2.397
179,Steel,2,2,4267.39,8182.21,14026.5,1.2358844727277756,0.027,0.0852803453207016,0.00027,0.0099830818076139,0.2025847042103007,0.1466527968645095,0.670847490383806,0.3333805349648936,0.1005809623003006,0.8261314945273833,0.0,0.0,0.0,0.0,0.0,0.0,0.0,0.0,0.0,0.0,0.0,0.0,21972729.80757564,613.5269934267518,0.2818960424119849,20185462.77037858,349.6023699139643,0.9830521286205978,0.0,0.0,0.0,0.0,0.0,0.0,0.01429,8063.12,-1.429
3698,Steel,2,2,4269.16,7971.13,31036.77,0.9398759886622428,-2.553,0.0975584939718246,0.02553,0.0262649964672374,0.2779740114849134,0.0587040203809738,0.2793190080637167,0.1722713180007649,0.0639911252260208,0.5750422332010245,0.0,0.0,0.0,0.0,0.0,0.0,0.0,0.0,0.0,0.0,0.0,0.0,9192544.632055882,1099.9999999999995,0.1124108984504146,13099842.870496023,682.4169268809437,0.8301933786855268,0.0,0.0,0.0,0.0,0.0,0.0,0.02611,7966.44,-2.611
3821,Steel,2,2,5190.89,7949.07,14717.73,1.6870702534914015,-2.823,0.1208715180158615,0.02823,0.06,0.1656979930884839,0.15,0.337176582419882,0.2307215039384678,0.0787828147411346,1.165759403430055,0.0,0.0,0.0,0.0,0.0,0.0,0.0,0.0,0.0,0.0,0.0,0.0,33124905.712265976,501.25197252832135,0.1878377498413403,31974010.26819411,416.21156926772727,1.4717794246732585,0.0,0.0,0.0,0.0,0.0,0.0,0.00372,8149.6,-0.372
4487,Steel,2,2,4722.99,7718.77,10980.14,1.9260833829641344,-5.638,0.118556415438652,0.05638,0.0290119590327778,0.25853377370848,0.0200451974055613,0.8495920650940316,0.3061333720195239,0.1124100583791732,1.293161277352654,0.0,0.0,0.0,0.0,0.0,0.0,0.0,0.0,0.0,0.0,0.0,0.0,50397301.59430189,307.8641727093126,0.2508599120436544,40839550.39281152,518.9489665824698,1.5671216273277582,0.0,0.0,0.0,0.0,0.0,0.0,0.04077,7846.47,-4.077
3238,Steel,2,2,3116.81,8029.77,13780.81,1.3234865844249726,-1.837,0.0819555169939994,0.01837,0.017478335505728,0.2494945186088992,0.0573827323317527,0.7708035867741203,0.3975232798839303,0.15,1.0461799085388002,0.0,0.0,0.0,0.0,0.0,0.0,0.0,0.0,0.0,0.0,0.0,0.0,17692861.675234333,309.58926355775725,0.2414791795594063,18895971.491201688,856.315011273517,1.0817030153566671,0.0,0.0,0.0,0.0,0.0,0.0,0.01645,8045.46,-1.645
2974,Steel,2,2,7002.36,8054.44,19252.68,1.1540171548724176,-1.535,0.0968172206878662,0.01535,0.0042724967145879,0.2086585474303668,0.1233603543043136,0.2587627031543923,0.2985936247030869,0.02,0.6690262378275904,0.0,0.0,0.0,0.0,0.0,0.0,0.0,0.0,0.0,0.0,0.0,0.0,32694833.751873493,631.5012522349308,0.204077401555821,29933661.513499796,706.2200421818417,0.8729923870570396,0.0,0.0,0.0,0.0,0.0,0.0,0.00697,8122.96,-0.697
3580,Steel,2,2,4556.2,7988.92,12504.87,1.3321868866682054,-2.336,0.083268981039524,0.02336,0.005282626832482,0.2328465289895083,0.0488796779513359,0.5654445074342214,0.372791581667253,0.0676298502087593,0.8439167224525863,0.0,0.0,0.0,0.0,0.0,0.0,0.0,0.0,0.0,0.0,0.0,0.0,19550077.202734515,477.36608154226906,0.203388679360817,19664693.19495439,379.64829945405785,1.0073127590926818,0.0,0.0,0.0,0.0,0.0,0.0,0.03334,7907.27,-3.334
2887,Steel,2,2,5363.69,8061.01,12047.3,1.0739230111241342,-1.455,0.0586733437180519,0.01455,0.0291137364641945,0.28158648220858,0.0439911322295665,0.5066706668978991,0.3175898746101268,0.0431772828102111,0.8841121443759199,0.0,0.0,0.0,0.0,0.0,0.0,0.0,0.0,0.0,0.0,0.0,0.0,15403780.719135346,350.7597694731051,0.2740011489249446,16305262.6748284,335.1943296999829,0.7908811821810303,0.0,0.0,0.0,0.0,0.0,0.0,0.03476,7895.63,-3.476
2575,Steel,2,2,4719.82,8273.76,20757.51,1.10281101167202,1.146,0.1074156740903854,0.01146,0.0260802530489383,0.3518713719062161,0.0887382286787033,0.5704091491169037,0.2466615642628886,0.0627813938260078,0.7370686381883315,0.0,0.0,0.0,0.0,0.0,0.0,0.0,0.0,0.0,0.0,0.0,0.0,23062949.182452343,480.6978939349488,0.2534676054010657,21404414.00570848,291.6490679487549,0.9800799284474124,0.0,0.0,0.0,0.0,0.0,0.0,0.01181,8276.64,1.181
1419,Steel,2,2,4905.4,8145.21,15465.15,1.0619453608989715,-0.425,0.0764982192516327,0.00425,0.0260726224377571,0.294073745957522,0.1088790971040725,0.2806538631828994,0.3916509968849472,0.0667607823014259,0.56731723075721,0.0,0.0,0.0,0.0,0.0,0.0,0.0,0.0,0.0,0.0,0.0,0.0,26306661.22661631,199.17176318814683,0.2514307902876931,23192947.27205578,717.5145434847122,0.7992930209674542,0.0,0.0,0.0,0.0,0.0,0.0,0.02316,7990.56,-2.316
3907,Steel,2,2,5822.14,7932.15,22585.28,1.434040993452072,-3.03,0.1352980650663376,0.0303,0.0260716300020399,0.5077006116359645,0.0899165433645248,0.3365026615649799,0.2076558552166053,0.15,1.0218986767593208,0.0,0.0,0.0,0.0,0.0,0.0,0.0,0.0,0.0,0.0,0.0,0.0,75575294.76273078,329.198441339899,0.1682930417633349,68859195.80962287,478.6196238581852,1.1045125789020744,0.0,0.0,0.0,0.0,0.0,0.0,0.0309,7927.2,-3.09
1860,Steel,2,2,4769.23,8125.97,20442.05,1.0950992673635485,-0.66,0.0970171962976455,0.0066,0.0162601726324814,0.3903025445286017,0.0227730492688715,0.3955483049169421,0.216639008834813,0.1124804157018661,0.650359074504614,0.0,0.0,0.0,0.0,0.0,0.0,0.0,0.0,0.0,0.0,0.0,0.0,16657836.57082504,224.93268564421956,0.1823456499801642,15616496.255912686,646.4143955154767,0.9561477828615108,0.0,0.0,0.0,0.0,0.0,0.0,0.01208,8081.17,-1.208
8,Steel,2,2,6015.26,8180.04,13995.05,1.325693279504776,0.0,0.0918281817436218,0.0,0.0329264622825517,0.2314545413983769,0.1213894194364547,0.5500948180908145,0.1461214025708165,0.053416473865509,1.1279088752615916,0.0,0.0,0.0,0.0,0.0,0.0,0.0,0.0,0.0,0.0,0.0,0.0,23659947.97947112,479.4011853236882,0.2128858587255512,27661146.85722729,337.85443813787134,1.0253525608339098,0.0,0.0,0.0,0.0,0.0,0.0,0.02262,7994.98,-2.262
2894,Steel,2,2,4359.53,8299.78,45980.59,0.5743791043758393,1.464,0.0663630775213241,0.01464,0.0150582816666246,0.3793971715336764,0.0444225144386291,0.0818516803722385,0.2044113523106346,0.0453437556326389,0.3088918206538631,0.0,0.0,0.0,0.0,0.0,0.0,0.0,0.0,0.0,0.0,0.0,0.0,8602255.522861943,416.2357555008725,0.0658203235793944,7297367.913667264,865.0299182142671,0.4244088172627297,0.0,0.0,0.0,0.0,0.0,0.0,0.01493,8302.14,1.493
2847,Steel,2,2,3653.85,8295.11,21129.33,1.6043473064899445,1.407,0.0742581868767738,0.01407,0.0216326363381954,0.4826536843569088,0.0916615754365921,0.3096153082634639,0.3007633956778355,0.1149796116352081,1.0742562609227095,0.0,0.0,0.0,0.0,0.0,0.0,0.0,0.0,0.0,0.0,0.0,0.0,154737527.5914213,1099.9999999999995,0.1604347322533417,179516088.09343213,579.6601156899741,1.3336100905589576,0.0,0.0,0.0,0.0,0.0,0.0,0.02171,8002.39,-2.171
3664,Steel,2,2,5507.81,8384.34,18961.14,1.5215647041797635,2.498,0.1341759688854217,0.02498,0.0171869997471492,0.3710688635951225,0.0738945034146308,0.4524855261850229,0.3287620735746788,0.056942580640316,1.1733688581324917,0.0,0.0,0.0,0.0,0.0,0.0,0.0,0.0,0.0,0.0,0.0,0.0,62436738.57216796,417.68576427799263,0.1521564719395411,50298510.09724217,519.5861817106559,1.2805110454032902,0.0,0.0,0.0,0.0,0.0,0.0,0.02129,8354.18,2.129
144,Steel,2,2,4358.35,8181.74,16592.18,0.9555663824081422,0.021,0.0819583354592323,0.00021,0.0068913890921639,0.3573669141627293,0.1260840040445327,0.5064486018725858,0.3633528855916267,0.0482110993564128,0.7638367970116292,0.0,0.0,0.0,0.0,0.0,0.0,0.0,0.0,0.0,0.0,0.0,0.0,20319294.906606477,329.7032144559022,0.2556395308495093,22004672.28582368,170.86722994881745,0.7970634508475054,0.0,0.0,0.0,0.0,0.0,0.0,0.00486,8140.22,-0.486
2104,Steel,2,2,6675.79,8115.13,22485.44,0.8525713816285133,-0.793,0.0811210058331489,0.00793,0.0158144758465152,0.324155232529997,0.1028201538324356,0.370022996915576,0.2262102970888928,0.1165862071514129,0.7265434556526309,0.0,0.0,0.0,0.0,0.0,0.0,0.0,0.0,0.0,0.0,0.0,0.0,32151515.83057845,673.7852005312515,0.2494645255978,38971755.33729224,331.1437527502041,0.6932562716072569,0.0,0.0,0.0,0.0,0.0,0.0,0.00341,8152.14,-0.341
3143,Steel,2,2,4763.86,8038.09,24142.89,1.168531258404255,-1.735,0.1303404947519302,0.01735,0.0179378776828535,0.27818810058888,0.073820860683918,0.3565984046694752,0.2797940374280903,0.0828417891263961,0.6381201187627571,0.0,0.0,0.0,0.0,0.0,0.0,0.0,0.0,0.0,0.0,0.0,0.0,27678173.58822388,561.4859279415039,0.1431557772163689,25376828.15333293,240.46460096567225,1.029761254645458,0.0,0.0,0.0,0.0,0.0,0.0,0.02582,7968.8,-2.582
841,Steel,2,2,3635.25,8195.86,16151.88,1.015554702281952,0.194,0.0662263904213905,0.00194,0.0090318916905161,0.2751626810651324,0.0889790320396423,0.3254983632428693,0.2615605139869278,0.1177520388364792,0.570028402314156,0.0,0.0,0.0,0.0,0.0,0.0,0.0,0.0,0.0,0.0,0.0,0.0,12627800.248970844,367.680175475467,0.1880652039545228,10747266.018255277,382.4112136877455,0.861040391513453,0.0,0.0,0.0,0.0,0.0,0.0,0.00204,8163.35,-0.204
1128,Steel,2,2,6112.16,8155.61,14742.72,1.3040391743183135,-0.298,0.0973522297143936,0.00298,0.0327485517447455,0.2925667653282342,0.127045350074768,0.1831283196630961,0.2523931820129216,0.1286200058460235,0.8253178729160291,0.0,0.0,0.0,0.0,0.0,0.0,0.0,0.0,0.0,0.0,0.0,0.0,44417749.19371215,683.1265240486241,0.200020804410533,48231304.33440765,471.9955725522073,1.0170280584013929,0.0,0.0,0.0,0.0,0.0,0.0,0.03202,7918.08,-3.202
151,Steel,2,2,6325.67,8178.17,11419.12,1.6761607199907305,-0.022,0.1191175439357757,0.00022,0.0204491202227009,0.272299462690254,0.0987268841266632,0.7312862413583644,0.2041169885766224,0.0891732275485992,1.2193353550077446,0.0,0.0,0.0,0.0,0.0,0.0,0.0,0.0,0.0,0.0,0.0,0.0,49685886.992190704,321.2738674127682,0.3233916865476637,62692450.138327084,530.5523781254088,1.335412722206225,0.0,0.0,0.0,0.0,0.0,0.0,0.0139,8293.67,1.39
3591,Steel,2,2,4803.24,7987.27,14985.46,1.363692608475685,-2.356,0.0530929391384124,0.02356,0.0424743513107299,0.3263502029030722,0.0861268562078476,0.4280282375456374,0.1870511831615769,0.1295948266983032,0.9750510500186904,0.0,0.0,0.0,0.0,0.0,0.0,0.0,0.0,0.0,0.0,0.0,0.0,35277023.20367494,540.4927837730878,0.3367164800652482,27603162.39112264,715.7206725620485,1.0835009695223028,0.0,0.0,0.0,0.0,0.0,0.0,0.02112,8352.74,2.112
1052,Steel,2,2,4694.41,8202.04,21199.75,1.117983914911747,0.269,0.1034969240427017,0.00269,0.053728103690185,0.3004184832772475,0.1007719033956527,0.5751732439907766,0.1812671132360337,0.0726033961772918,0.763656338330208,0.0,0.0,0.0,0.0,0.0,0.0,0.0,0.0,0.0,0.0,0.0,0.0,16657549.85782632,402.2600380667854,0.2963110570944332,18556736.915393904,334.5667773629004,1.0061855223025884,0.0,0.0,0.0,0.0,0.0,0.0,0.00584,8227.74,0.584
1590,Steel,2,2,4164.61,8137.64,23371.24,1.0191255301237103,-0.518,0.0841105425953865,0.00518,0.06,0.1923316692137668,0.0595809337496757,0.4696825286599622,0.22548936946785,0.1029369097948074,0.7796446532802217,0.0,0.0,0.0,0.0,0.0,0.0,0.0,0.0,0.0,0.0,0.0,0.0,8923838.472679822,486.46798844263833,0.1504129219636933,8307031.467897007,618.2641317986271,0.843325029055217,0.0,0.0,0.0,0.0,0.0,0.0,0.02474,8382.38,2.474
3008,Steel,2,2,6774.64,8051.43,17896.25,1.3047434598207477,-1.572,0.1128633865118026,0.01572,0.0218697581456842,0.2372303073978631,0.1115329551696777,0.3292816381269348,0.2931763492419579,0.0636988905072212,0.8241182549776849,0.0,0.0,0.0,0.0,0.0,0.0,0.0,0.0,0.0,0.0,0.0,0.0,50617876.25541087,603.275781904782,0.2158154507877122,44594454.59994317,382.2902170881472,0.9489978990475292,0.0,0.0,0.0,0.0,0.0,0.0,0.02249,7996.06,-2.249
2029,Steel,2,2,2451.9,8118.36,17195.03,1.2175681978464126,-0.754,0.0782111859321594,0.00754,0.0227167283549786,0.3876471117228042,0.0843071740865707,0.4063008612987429,0.6321190026604587,0.1207524919509887,0.7489445702372962,0.0,0.0,0.0,0.0,0.0,0.0,0.0,0.0,0.0,0.0,0.0,0.0,19806453.622474942,396.5024608166163,0.1907203385616595,26085833.93831922,263.7718890320144,0.9499887817297256,0.0,0.0,0.0,0.0,0.0,0.0,0.03036,7931.63,-3.036
3418,Steel,2,2,4555.95,8350.6,19930.57,1.3489230126142502,2.086,0.0596745717525482,0.02086,0.0139605659796353,0.1679883397160098,0.089743230342865,0.3326275410778894,0.3289207767073054,0.1470842623710632,1.0454903692469415,0.0,0.0,0.0,0.0,0.0,0.0,0.0,0.0,0.0,0.0,0.0,0.0,52146030.00092941,462.0478535964602,0.134892302610348,35343375.835445456,636.2167885766377,1.1017212196658557,0.0,0.0,0.0,0.0,0.0,0.0,0.03248,7914.31,-3.248
1807,Steel,2,2,4481.43,8231.41,19581.37,1.2935212045907976,0.628,0.1149762367010116,0.00628,0.0375372767128176,0.4151622049521342,0.02,0.4761551740308554,0.3833724167522192,0.1038609385490417,0.8751559174067004,0.0,0.0,0.0,0.0,0.0,0.0,0.0,0.0,0.0,0.0,0.0,0.0,32144121.55709545,316.520553483813,0.2003579210560602,26720643.267394543,539.3377142121938,1.0548466467171969,0.0,0.0,0.0,0.0,0.0,0.0,0.02087,8350.71,2.087
2696,Steel,2,2,4513.39,8282.77,20101.67,0.9599664852023124,1.256,0.0873124333620071,0.01256,0.0131666498310862,0.2678400160417097,0.0987998449802398,0.4754661938600445,0.2519180727313459,0.0756985953450203,0.7637765733437166,0.0,0.0,0.0,0.0,0.0,0.0,0.0,0.0,0.0,0.0,0.0,0.0,16594529.291175866,325.55942431874126,0.1507717175877954,14669395.80046826,346.3465844018322,0.8249508971953141,0.0,0.0,0.0,0.0,0.0,0.0,0.01545,8306.34,1.545
3039,Steel,2,2,4893.32,8048.26,14389.85,1.6211352586746215,-1.611,0.1312626322507858,0.01611,0.0240952020951539,0.2561677084786032,0.078996792435646,0.6555491288915085,0.3217389144620132,0.1113792306184768,1.166076397724547,0.0,0.0,0.0,0.0,0.0,0.0,0.0,0.0,0.0,0.0,0.0,0.0,52887450.55424012,373.0206482218111,0.2269459116865196,40468014.28303731,114.32290697358415,1.3615695593773056,0.0,0.0,0.0,0.0,0.0,0.0,0.0077,8117.0,-0.77
472,Steel,2,2,6682.98,8172.29,13024.29,1.6660823911428453,-0.094,0.0967880034446716,0.00094,0.0201266766854851,0.1540773505254984,0.0849973383545875,0.4462157614159819,0.3028286187556888,0.1118362045288086,1.2104239934166383,0.0,0.0,0.0,0.0,0.0,0.0,0.0,0.0,0.0,0.0,0.0,0.0,54954946.72049772,424.90845879862064,0.2500372826121027,64946554.03618483,541.8648097259039,1.16734148386305,0.0,0.0,0.0,0.0,0.0,0.0,0.04533,8550.82,4.533
3289,Steel,2,2,5712.78,8023.79,20167.8,1.2309098154306413,-1.91,0.1250525630712509,0.0191,0.0130581948606366,0.2692290635197938,0.0527046290040016,0.215894732478014,0.3425563226540375,0.0819409596920013,0.725465675874033,0.0,0.0,0.0,0.0,0.0,0.0,0.0,0.0,0.0,0.0,0.0,0.0,37634361.74733294,138.94189250626638,0.1257791899366284,39845077.124025,1099.9999999999995,0.9367003410676504,0.0,0.0,0.0,0.0,0.0,0.0,0.03024,7932.6,-3.024
4074,Steel,2,2,5628.72,7891.03,18992.57,1.0708411693573,-3.533,0.0893984531164169,0.03533,0.0113145828736595,0.2951388275674837,0.0665423142910003,0.2592297795370683,0.3466527475703636,0.0463796006143093,0.5690388128036252,0.0,0.0,0.0,0.0,0.0,0.0,0.0,0.0,0.0,0.0,0.0,0.0,24477505.98484702,914.5354801358292,0.1124304477029415,23324324.05744041,815.4544924671885,0.7525252259766796,0.0,0.0,0.0,0.0,0.0,0.0,0.0451,7811.1,-4.51
3496,Steel,2,2,4918.59,8359.81,34907.09,0.8854584380984306,2.198,0.0759877977371215,0.02198,0.0267554317087458,0.3748513897325818,0.1267055970430374,0.233324962786894,0.3927313536722895,0.1369132822751999,0.5797223883471061,0.0,0.0,0.0,0.0,0.0,0.0,0.0,0.0,0.0,0.0,0.0,0.0,43554408.30997129,776.2968173447385,0.1524583789873123,45370479.7807404,497.4198153933627,0.6949305901840088,0.0,0.0,0.0,0.0,0.0,0.0,0.03113,8434.64,3.113
279,Steel,2,2,4169.25,8176.07,50369.45,0.5254949420690537,-0.048,0.0625009041428566,0.00048,0.0083044870443161,0.2514174697444663,0.0779069551825523,0.0890093312558263,0.271398757951832,0.0385226093232631,0.2984319909991953,0.0,0.0,0.0,0.0,0.0,0.0,0.0,0.0,0.0,0.0,0.0,0.0,6612789.568508123,283.7855936740408,0.066277221409741,7155900.187279034,353.34058368312583,0.4085052481488934,0.0,0.0,0.0,0.0,0.0,0.0,0.03268,7912.7,-3.268
1741,Steel,2,2,5348.76,8228.95,41983.05,1.0160584092140197,0.598,0.1147001540660858,0.00598,0.0382076707378308,0.3874857198415437,0.1422820729017257,0.3023135153716939,0.2839777937502898,0.0331210692226886,0.7428919606320632,0.0,0.0,0.0,0.0,0.0,0.0,0.0,0.0,0.0,0.0,0.0,0.0,37959718.12074082,203.26985111291003,0.1583757403147238,40077619.620959215,234.657011498214,0.7268427567127522,0.0,0.0,0.0,0.0,0.0,0.0,0.02975,7936.66,-2.975
2886,Steel,2,2,4859.38,8298.89,39343.25,0.9679581463336944,1.453,0.0838865804076194,0.01453,0.06,0.5202888581793741,0.02,0.317724657383822,0.2229038496205415,0.103870221376419,0.7616630022501145,0.0,0.0,0.0,0.0,0.0,0.0,0.0,0.0,0.0,0.0,0.0,0.0,15118114.22981484,999.3955025103112,0.140012930505776,12289653.65922258,203.23219252979743,0.8479750404715803,0.0,0.0,0.0,0.0,0.0,0.0,0.00628,8231.36,0.628
1941,Steel,2,2,6640.57,8237.59,26253.05,1.0796619951725006,0.704,0.1240719318389892,0.00704,0.0306461872098115,0.2843379065363077,0.0789142233133316,0.2245918886717207,0.2310723908281845,0.15,0.4509335853334607,0.0,0.0,0.0,0.0,0.0,0.0,0.0,0.0,0.0,0.0,0.0,0.0,45386547.666417256,334.14570913893186,0.1350688175234136,46132284.26828051,352.68557558767645,0.7680014843198695,0.0,0.0,0.0,0.0,0.0,0.0,0.00821,8247.17,0.821
100,Steel,2,2,5425.68,8181.08,18047.34,1.0069879353046418,0.013,0.0788685992956161,0.00013,0.0295078571115493,0.2509527517346815,0.0694411870837211,0.4578647258666591,0.2695181921096339,0.0227272496931254,0.5191094799320913,0.0,0.0,0.0,0.0,0.0,0.0,0.0,0.0,0.0,0.0,0.0,0.0,10842239.70239999,231.84489614964696,0.1639918050784248,14083771.046561675,675.342712361526,0.7383993518110344,0.0,0.0,0.0,0.0,0.0,0.0,0.01249,8077.87,-1.249
2804,Steel,2,2,4479.32,8068.99,17634.02,1.348003152012825,-1.357,0.130422915816307,0.01357,0.0278826307736712,0.2379124555929418,0.0786420691013336,0.204687182869663,0.5353948976439445,0.0780781257152557,0.8031228711772203,0.0,0.0,0.0,0.0,0.0,0.0,0.0,0.0,0.0,0.0,0.0,0.0,37351025.51234949,428.3039589861391,0.1348003165492856,40136110.60767159,397.2891017989682,1.0946407296422134,0.0,0.0,0.0,0.0,0.0,0.0,0.02651,7963.15,-2.651
3570,Steel,2,2,5896.0,7990.39,27984.08,1.0623019695281983,-2.318,0.1125361398458481,0.02318,0.06,0.2064866259706358,0.0449226422607898,0.3175848502013664,0.2007384345912349,0.0748388800024986,0.519134042283046,0.0,0.0,0.0,0.0,0.0,0.0,0.0,0.0,0.0,0.0,0.0,0.0,20581914.195943367,384.0870195794605,0.1085197452416289,20396439.235147856,810.9205111314951,0.7327968785587211,0.0,0.0,0.0,0.0,0.0,0.0,0.00452,8143.04,-0.452
3684,Steel,2,2,6183.28,8386.99,19878.67,1.3722393065690994,2.53,0.1363233346939087,0.0253,0.0446244210765675,0.2167235919001396,0.1434177160263061,0.5181691330374578,0.2894783302952429,0.0630212906002998,1.1465787862844956,0.0,0.0,0.0,0.0,0.0,0.0,0.0,0.0,0.0,0.0,0.0,0.0,47980645.211343385,624.2018505430508,0.3045538293146888,52999926.63516834,361.7842360444039,1.2350153745399504,0.0,0.0,0.0,0.0,0.0,0.0,0.01013,8262.88,1.013
3661,Steel,2,2,4803.37,7976.3,24302.9,1.1546209305524826,-2.49,0.1242940065860748,0.0249,0.0085395603339906,0.1731485603417819,0.1054120773077011,0.483631543274877,0.2469492140583313,0.0782418420910835,0.8691551810011993,0.0,0.0,0.0,0.0,0.0,0.0,0.0,0.0,0.0,0.0,0.0,0.0,34806779.56386863,426.5433809725721,0.1592913436892813,24828181.694389235,331.3941240391804,0.8511499537900123,0.0,0.0,0.0,0.0,0.0,0.0,0.01862,8027.67,-1.862
530,Steel,2,2,5660.21,8171.35,14201.14,1.3141921550035478,-0.106,0.0928427107334137,0.00106,0.0175774560687285,0.2526486375993408,0.0585705235600471,0.1314292155003548,0.3287753190911787,0.108517198562622,0.8494652023591458,0.0,0.0,0.0,0.0,0.0,0.0,0.0,0.0,0.0,0.0,0.0,0.0,34686900.56598339,1099.9999999999995,0.1740013784957225,36881378.46534435,305.72267472267606,1.0342807748117298,0.0,0.0,0.0,0.0,0.0,0.0,0.00671,8234.9,0.671
1886,Steel,2,2,5570.51,8235.11,23328.08,1.0756488248705864,0.674,0.0538574668765068,0.00674,0.0078132962859173,0.3325570219136369,0.030643650740385,0.3727386498202498,0.3329029786278605,0.0978276818990707,0.8651095874430077,0.0,0.0,0.0,0.0,0.0,0.0,0.0,0.0,0.0,0.0,0.0,0.0,33581215.2849881,336.69894989659826,0.157686660582713,33581215.2849881,773.4911997288784,0.8909701302120563,0.0,0.0,0.0,0.0,0.0,0.0,0.00844,8249.06,0.844
681,Steel,2,2,5303.57,8191.97,33530.11,0.9523900404572488,0.146,0.0990682518482208,0.00146,0.0173195386162921,0.3230265239709353,0.11357266664505,0.2834655210797376,0.2557930741130976,0.1316470366716385,0.6487693395881322,0.0,0.0,0.0,0.0,0.0,0.0,0.0,0.0,0.0,0.0,0.0,0.0,32257553.25610795,465.96912712748485,0.1655825681934115,29593468.952707995,556.422152787697,0.7820574452034115,0.0,0.0,0.0,0.0,0.0,0.0,0.00588,8228.11,0.588
3794,Steel,2,2,4830.28,7952.7,50248.51,0.6365752220153809,-2.779,0.0353137494027614,0.02779,0.0074665483588932,0.3065977414688531,0.1048507219552993,0.1551531912886332,0.406892307177743,0.0394941525161266,0.4430593828289774,0.0,0.0,0.0,0.0,0.0,0.0,0.0,0.0,0.0,0.0,0.0,0.0,20720505.79309984,170.69873372713772,0.10711727482764,29464221.12647943,375.3523286997444,0.5350358256716372,0.0,0.0,0.0,0.0,0.0,0.0,0.04241,7833.05,-4.241
3944,Steel,2,2,5554.93,8433.9,13227.68,1.6429538846015932,3.104,0.124525645494461,0.03104,0.0110223682457893,0.2725705200107315,0.0733963766694068,0.3427957921054395,0.2430695298591324,0.1043300312757492,0.9444925692331608,0.0,0.0,0.0,0.0,0.0,0.0,0.0,0.0,0.0,0.0,0.0,0.0,44561975.702272445,310.85644731529663,0.2404581566528963,59966940.34380617,297.14565912814913,1.3763540601195263,0.0,0.0,0.0,0.0,0.0,0.0,0.04158,8520.16,4.158
2018,Steel,2,2,5434.16,8241.35,23093.24,0.8860972791910172,0.75,0.0846768382787704,0.0075,0.0019465805155733,0.2872365060992464,0.079449864923954,0.3912482371780998,0.1909885035241116,0.15,0.7974775512719156,0.0,0.0,0.0,0.0,0.0,0.0,0.0,0.0,0.0,0.0,0.0,0.0,20703758.64585725,679.3720424150608,0.1222967653477658,22140498.30411152,178.7103768597459,0.7679045026674404,0.0,0.0,0.0,0.0,0.0,0.0,0.01864,8027.56,-1.864
1096,Steel,2,2,3757.9,8156.52,17599.19,1.2354651212692265,-0.287,0.0699810770153999,0.00287,0.033295906613647,0.2772824580434892,0.0700301197171211,0.2159529085216459,0.3158070694105744,0.0983205318450927,0.730552009806898,0.0,0.0,0.0,0.0,0.0,0.0,0.0,0.0,0.0,0.0,0.0,0.0,23402861.03250799,485.5784058073424,0.1717287154004245,18520765.95731703,580.3258813397613,1.0774184205487554,0.0,0.0,0.0,0.0,0.0,0.0,0.00167,8166.37,-0.167
829,Steel,2,2,7097.77,8164.54,12389.07,1.1502858862280845,-0.189,0.0783709031939506,0.00189,0.0278127355893676,0.3600003557990701,0.0598655980825424,0.5337048553336934,0.2101729195447499,0.0878346252441406,0.984673423666967,0.0,0.0,0.0,0.0,0.0,0.0,0.0,0.0,0.0,0.0,0.0,0.0,35743265.14442571,687.2523106263367,0.3774324225290689,31397573.074907687,147.24658491343894,0.9599683967121218,0.0,0.0,0.0,0.0,0.0,0.0,0.00775,8116.63,-0.775
2805,Steel,2,2,5453.04,8068.78,13661.34,1.3244491189718246,-1.36,0.101583744764328,0.0136,0.0386029585504915,0.271076760440843,0.0935806953907013,0.7206041812420018,0.1950147226409548,0.1351132816076278,1.0724499006963273,0.0,0.0,0.0,0.0,0.0,0.0,0.0,0.0,0.0,0.0,0.0,0.0,42509164.335457526,714.7569880038783,0.3598957299469056,28655557.86557091,343.0840557564831,1.0291757967749,0.0,0.0,0.0,0.0,0.0,0.0,0.00253,8200.71,0.253
3829,Steel,2,2,5874.07,8412.92,13278.5,1.4225564092397691,2.847,0.091329745054245,0.02847,0.0119699398192088,0.2830270289677956,0.0764725801348686,0.6195484761356684,0.3419951794009991,0.02,1.1305451701370102,0.0,0.0,0.0,0.0,0.0,0.0,0.0,0.0,0.0,0.0,0.0,0.0,33074335.747938152,188.71618055474372,0.3462881516366768,31676800.14231794,291.0082736796753,1.2803007668932358,0.0,0.0,0.0,0.0,0.0,0.0,0.03154,8437.96,3.154
