rank,material,n_disks,n_bearings,cs1_pred,cs2_pred,cs3_pred,cs1_relerr_pct,cs2_relerr_pct,cs3_relerr_pct,joint_err,L,OD,ID,d0_OD,d0_W,d0_pos,d1_OD,d1_W,d1_pos,d2_OD,d2_W,d2_pos,d3_OD,d3_W,d3_pos,d4_OD,d4_W,d4_pos,d5_OD,d5_W,d5_pos,b0_K,b0_C,b0_pos,b1_K,b1_C,b1_pos,b2_K,b2_C,b2_pos,b3_K,b3_C,b3_pos,joint_err_truth,cs1_ross,cs1_relerr_truth_pct,cs2_ross,cs2_relerr_truth_pct,cs3_ross,cs3_relerr_truth_pct
0,Steel,2,3,3696.94,6965.55,17995.62,0.438,-0.79,0.14,0.00914,1.5285209983587265,0.0570053032040596,0.0156335954082126,0.4255621987307694,0.126182016134262,0.349169193179177,0.3735532544459254,0.0816889363527298,1.0812359696334992,0.0,0.0,0.0,0.0,0.0,0.0,0.0,0.0,0.0,0.0,0.0,0.0,35971964.647324905,179.13167169667514,0.1857713502243332,38208827.89114587,795.4233625389696,0.8935920284396722,42435263.24609912,815.9462021248522,1.300184978385459,0.0,0.0,0.0,0.01943,3738.19,1.559,6947.65,-1.045,17880.02,-0.503
1,Steel,3,3,3678.25,6941.43,18029.76,-0.069,-1.133,0.33,0.01182,1.0481030687689783,0.096483626127243,0.0152869614794857,0.2210473774651075,0.141186528801918,0.2141417934060472,0.3828568065658917,0.1114922827482223,0.5052449839539239,0.3171213981403314,0.097484945654869,0.6798463751244422,0.0,0.0,0.0,0.0,0.0,0.0,0.0,0.0,0.0,14467861.5541722,749.0680880053038,0.1131064173479511,17299830.423166167,250.4865044451472,0.2860092371804487,14959271.75923618,771.1860073673299,0.8585912761781068,0.0,0.0,0.0,0.01571,3637.82,-1.168,6947.37,-1.049,17958.23,-0.068
2,Steel,2,2,3665.43,7097.0,17846.42,-0.418,1.082,-0.69,0.0135,1.3470668613910677,0.0809563879966736,0.0343019734650114,0.4434165519785441,0.1159997695684433,0.4120285476680057,0.345931278050362,0.0597241124510765,0.934310088723882,0.0,0.0,0.0,0.0,0.0,0.0,0.0,0.0,0.0,0.0,0.0,0.0,29020383.91834107,194.080772235528,0.17093291109236,26672996.85999579,495.5233284196207,0.989820661906894,0.0,0.0,0.0,0.0,0.0,0.0,0.04403,3713.29,0.883,6718.16,-4.313,17961.26,-0.051
3,Steel,5,2,3699.88,6927.16,17704.3,0.518,-1.337,-1.481,0.02061,1.057125134766102,0.0950053961277008,0.0328890137689794,0.2915583684748939,0.0521985870599746,0.1362166739640881,0.4136281650934897,0.1251915973424911,0.2557919804494622,0.3740016672752845,0.0903692245483398,0.4519426058711133,0.3355902278210827,0.1229738306999206,0.6388779650996701,0.4188548208954004,0.0921169066429138,0.8567687794284645,0.0,0.0,0.0,56772605.30756379,697.9947418645254,0.1213255289362069,45722279.30297389,402.1162128155241,0.9148432058155342,0.0,0.0,0.0,0.0,0.0,0.0,0.02322,3719.51,1.052,7004.26,-0.238,18340.15,2.057
4,Steel,3,2,3641.04,7089.17,18269.46,-1.08,0.971,1.664,0.02208,0.9314814060926436,0.0813368638753891,0.015890595490901,0.2965740059797794,0.0964040231704712,0.0999977614351974,0.346134028549206,0.0696336275339126,0.2019004408282453,0.3355892399667091,0.069636595249176,0.4766237536251471,0.0,0.0,0.0,0.0,0.0,0.0,0.0,0.0,0.0,18218821.291109063,454.667178448067,0.1196630046435803,16334016.14553706,398.7478546680133,0.7359367070050393,0.0,0.0,0.0,0.0,0.0,0.0,0.02834,3661.05,-0.537,6975.39,-0.65,18456.84,2.706
5,Steel,1,4,3667.4,7006.85,17519.43,-0.364,-0.202,-2.51,0.02544,1.2655815690755845,0.0734051483273506,0.0274709545078446,0.3017917622775625,0.15,0.9186731721367802,0.0,0.0,0.0,0.0,0.0,0.0,0.0,0.0,0.0,0.0,0.0,0.0,0.0,0.0,0.0,7976451.45913991,456.5513191905994,0.3069324173185602,7701024.282469305,679.5232384719759,0.5326522364513552,7966859.422168746,325.4699334888684,0.7097149981102341,7561550.201200064,148.0857747092238,1.050744239712853,0.05041,3574.07,-2.9,6998.3,-0.323,17231.81,-4.111
7,Steel,6,2,3761.05,6950.67,18233.29,2.18,-1.002,1.462,0.0281,1.352647775411606,0.1349836072921753,0.06,0.1992408049733657,0.1450769478082657,0.2830542583195649,0.2246367399225462,0.1277762758731842,0.4327165265422807,0.2348806330691324,0.1015984392166137,0.5838340923063328,0.2613952037975978,0.109682999253273,0.7488054646700624,0.2404903880847404,0.0776988664269447,0.9637902138501032,0.1417469609355497,0.0824251699447631,1.167628519995465,27613516.447338007,105.37082790709312,0.1536796942396588,31325161.238024905,244.2384688740705,1.2173829965177976,0.0,0.0,0.0,0.0,0.0,0.0,0.03142,3748.27,1.833,7042.48,0.306,18425.87,2.534
8,Steel,1,2,3667.12,6826.8,18035.02,-0.372,-2.766,0.359,0.02814,1.2585023254156114,0.0434584347009658,0.0197789120947069,0.3445921821580899,0.0941728901863098,0.850114127747001,0.0,0.0,0.0,0.0,0.0,0.0,0.0,0.0,0.0,0.0,0.0,0.0,0.0,0.0,0.0,34826328.37726136,252.36573202003143,0.4457716650666758,41549300.93933143,463.1695653375141,1.0106281458888209,0.0,0.0,0.0,0.0,0.0,0.0,0.03909,3695.45,0.398,7026.84,0.083,17271.87,-3.888
9,Steel,3,2,3650.83,6812.31,17958.45,-0.814,-2.972,-0.067,0.03083,1.0045341834425927,0.102687660574913,0.0201550751420514,0.3081082291893225,0.1040903049707412,0.3061869522013957,0.4776272874063428,0.0893993163108825,0.5537058883580142,0.2691550556588551,0.1168269950151443,0.8910997021885263,0.0,0.0,0.0,0.0,0.0,0.0,0.0,0.0,0.0,30720801.30371846,511.3992127590286,0.1481676223664423,23258578.04287277,185.54497504167253,0.8523975143781584,0.0,0.0,0.0,0.0,0.0,0.0,0.02947,3656.09,-0.671,6820.45,-2.856,17922.01,-0.27
11,Steel,5,3,3656.69,7214.9,18202.3,-0.655,2.762,1.29,0.03118,1.1616765215992928,0.0953241366147995,0.0200657506521692,0.2662875501610884,0.0507675535976886,0.2335503941459329,0.3752044770095734,0.0997048586606979,0.455310835052867,0.4261555678473395,0.0551699867844581,0.6688720415151713,0.4299792786807471,0.0915775960683822,0.859690117645958,0.1837105679111106,0.025390045531094,0.9790064039407677,0.0,0.0,0.0,21470564.83311833,747.7578473410935,0.1377184545351492,21685557.64057398,397.5210131487937,0.434502148726971,21038649.917338733,162.2750194386977,1.045508868277687,0.0,0.0,0.0,0.02943,3616.9,-1.736,7183.04,2.308,18072.7,0.569
13,Steel,4,2,3678.3,6918.64,18500.95,-0.068,-1.458,2.952,0.03293,0.8964284539222718,0.0813115865588188,0.0077907440815532,0.3550692230786485,0.1183636283874511,0.1037755259950022,0.4885481779885516,0.0919401609897613,0.2931705412567751,0.2714059653896674,0.02,0.4562671016820789,0.43744877412731,0.0461826795339584,0.6884024272162665,0.0,0.0,0.0,0.0,0.0,0.0,31393856.833904285,775.0597295945363,0.1528221516125925,33421808.7363122,1099.9999999999995,0.706162780110351,0.0,0.0,0.0,0.0,0.0,0.0,0.02296,3729.54,1.324,6892.66,-1.828,17894.76,-0.421
15,Steel,4,2,3718.02,7221.38,18264.32,1.011,2.854,1.635,0.03441,0.485433480143547,0.0385008368790149,0.0262066369120655,0.200009944934863,0.0784670707583427,0.0909470652671713,0.1998984018173841,0.1166491645574569,0.1952844010398993,0.1827271395588957,0.0964673060178756,0.320380583746471,0.143316429592523,0.0474126851558685,0.4228607266925764,0.0,0.0,0.0,0.0,0.0,0.0,7588284.268544329,494.14972092902656,0.0525108175401108,7385065.424154186,353.18665955433966,0.3965942567103827,0.0,0.0,0.0,0.0,0.0,0.0,0.0535,3731.4,1.375,7259.12,3.392,18671.69,3.902
17,Steel,1,3,3749.2,7007.39,17404.68,1.858,-0.194,-3.149,0.03661,1.487650826573372,0.1587186732292175,0.017779149053875,0.3407110377849911,0.1011334455013275,0.7740006062502968,0.0,0.0,0.0,0.0,0.0,0.0,0.0,0.0,0.0,0.0,0.0,0.0,0.0,0.0,0.0,36115725.82547628,215.83751445435644,0.2122505093629467,30527621.844478782,412.8361844016951,0.3800747235656081,25721238.053926416,1003.219282694983,1.0425427786334538,0.0,0.0,0.0,0.03676,3598.74,-2.229,7115.4,1.345,17504.23,-2.595
18,Steel,2,4,3644.93,7085.26,17341.82,-0.975,0.915,-3.498,0.03745,1.40200454890728,0.0679807496070861,0.0284522139930758,0.2282108081235024,0.0740860837697982,0.3767685973434911,0.4053434881024763,0.1256735605001449,1.0004184287337503,0.0,0.0,0.0,0.0,0.0,0.0,0.0,0.0,0.0,0.0,0.0,0.0,9079135.69685246,644.4881685896436,0.1545718581696783,10360921.313196512,329.0860680048022,0.5454920510481147,11487650.214694433,544.960281004258,0.8605759215163173,9463585.612045014,1099.9999999999995,1.2618040926145475,0.02593,3664.98,-0.43,6908.21,-1.606,17613.08,-1.989
19,Steel,6,3,3811.44,7011.8,17734.45,3.549,-0.131,-1.314,0.03787,1.2679875195026398,0.1145665943622589,0.036952740259181,0.2383522927734331,0.1113518702983856,0.2678323326436038,0.3794005111148011,0.0993123686313629,0.4291773148878124,0.2316276993220953,0.0550441649556159,0.5627115383122845,0.197200663637951,0.1153040611743927,0.7668225207427102,0.2236905714803037,0.0239604087546467,0.883929443005179,0.2164575714800446,0.1132702851295471,1.028261082914048,19819126.839107577,628.0835128415716,0.1898191320408572,20488309.116202623,628.7471538903629,0.8380879556072449,27621084.156109683,388.5398812451654,1.1411887662843885,0.0,0.0,0.0,0.0213,3740.37,1.618,7113.38,1.316,17893.1,-0.431
20,Steel,1,3,3794.91,6926.11,17612.56,3.1,-1.352,-1.992,0.03925,1.3812993049621582,0.1146249018907547,0.0511766604866741,0.3439110291478993,0.0537200525403022,1.2431593744659426,0.0,0.0,0.0,0.0,0.0,0.0,0.0,0.0,0.0,0.0,0.0,0.0,0.0,0.0,0.0,18733411.15517413,952.6117831061948,0.334344711309852,15820032.077364124,554.3432713356843,0.5715142851545171,13220377.79208867,275.6427295851919,1.1476920463902656,0.0,0.0,0.0,0.03171,3788.0,2.912,6942.58,-1.117,17868.08,-0.57
21,Steel,5,3,3661.55,6872.62,17360.94,-0.523,-2.113,-3.392,0.04031,0.9614752352237702,0.0844291815161705,0.0147565733482868,0.2017505466927872,0.0775514996051788,0.3649003120838087,0.3696020205526685,0.0601036545634269,0.4890265984135282,0.3526852958657882,0.0812271931767463,0.622407954881785,0.2426276734041388,0.0597631227970123,0.7156336330639038,0.2002208075938832,0.0908093839883804,0.818934184451764,0.0,0.0,0.0,11372121.412890024,707.0381722232156,0.1768875198263484,12995241.8373118,697.6313958924338,0.4672750939193216,11392309.471350407,493.6578666480237,0.8515265506554904,0.0,0.0,0.0,0.03527,3596.13,-2.3,6835.3,-2.645,18040.6,0.39
23,Steel,1,3,3683.03,7302.82,18196.46,0.061,4.014,1.257,0.04207,1.2885962784290317,0.0268022541850805,0.0214418033480644,0.385684873610236,0.02,0.8737157124336413,0.0,0.0,0.0,0.0,0.0,0.0,0.0,0.0,0.0,0.0,0.0,0.0,0.0,0.0,0.0,4020210.9873724994,676.8414088000038,0.3450049574129207,5536580.6526472885,264.52627234061094,0.7229618243111849,4447833.410057783,181.74442624729048,1.095184031966678,0.0,0.0,0.0,0.0455,3717.65,1.001,7324.61,4.324,17790.45,-1.002
25,Steel,3,4,3557.67,7169.22,18254.99,-3.345,2.111,1.583,0.04261,1.2417755722999573,0.1130083554983139,0.0143813596254697,0.224858914125694,0.0823247557878494,0.2323420711028525,0.4458804689192008,0.1196509039402008,0.4714780468638616,0.40510349230295,0.088760552406311,0.8710915399849017,0.0,0.0,0.0,0.0,0.0,0.0,0.0,0.0,0.0,16811041.60201878,512.985229606199,0.1605497694173867,20452487.357846547,696.4985682677495,0.8036015619767931,21184695.273708787,444.4587949070061,0.9434922204107884,17684093.644840416,332.204660904597,1.1104183854511107,0.04111,3557.76,-3.343,7169.01,2.108,18174.23,1.134
26,Steel,2,2,3840.27,6990.33,18004.26,4.332,-0.437,0.188,0.04358,1.2650311082601549,0.1105229262113571,0.0307358750077609,0.2139379146526867,0.128735522031784,0.2647701964822331,0.4291009835669033,0.0695543283224105,0.7604155890342137,0.0,0.0,0.0,0.0,0.0,0.0,0.0,0.0,0.0,0.0,0.0,0.0,16599564.173072252,432.783269144092,0.1273560847361828,22541586.24054664,309.1207029316577,1.0976597340596532,0.0,0.0,0.0,0.0,0.0,0.0,0.03717,3803.99,3.347,6921.23,-1.421,18109.12,0.771
27,Steel,3,3,3770.35,6805.62,17619.4,2.433,-3.068,-1.954,0.04376,1.055810457468033,0.0714684056639671,0.0466336546040133,0.3341611507334488,0.0544473597407341,0.2723894033552513,0.2223090991229134,0.1174278759956359,0.480539383862646,0.1687255551579374,0.1053705835342407,0.7349842157344679,0.0,0.0,0.0,0.0,0.0,0.0,0.0,0.0,0.0,6706044.289802756,321.793402649806,0.1370269205740741,7934336.106262236,363.7776399768512,0.5776563210197423,6704110.848255194,389.9590794288537,0.9172145059059128,0.0,0.0,0.0,0.04004,3794.44,3.087,6860.91,-2.28,17765.22,-1.142
30,Steel,3,4,3642.91,7275.5,18436.16,-1.029,3.625,2.591,0.04573,0.6405800119042397,0.0599693425893783,0.0378742339840839,0.2742434641539162,0.0573558756709098,0.0829571572857965,0.3819375294687102,0.0895080912113189,0.2600549472839272,0.2723039580263802,0.1056065052747726,0.4581379854964955,0.0,0.0,0.0,0.0,0.0,0.0,0.0,0.0,0.0,6441430.924046669,495.2916126082935,0.0688617764113709,6927935.777363605,249.37355915656389,0.3002812974749066,11090269.706496174,615.9008061094668,0.416281710338397,8168560.364721323,960.1940459510106,0.5528744693621224,0.04819,3801.46,3.278,7107.33,1.23,18565.66,3.312
32,Steel,4,3,3609.39,6859.38,18620.86,-1.94,-2.302,3.619,0.04707,1.1364429324865342,0.1010969458818435,0.0194606771366227,0.3812044991969848,0.0475479719042778,0.2165903279256092,0.3394137998657992,0.11076231777668,0.3925143488456599,0.2751567164740251,0.0830755412578582,0.6190323301828369,0.1554763582953544,0.1071885997056961,0.9370362479057258,0.0,0.0,0.0,0.0,0.0,0.0,14455858.869306142,88.71372379301057,0.1484871302427176,13327499.928025536,318.5638761765212,0.6567443562577397,17349018.725377638,221.3229288702325,1.0227986381014378,0.0,0.0,0.0,0.03961,3565.39,-3.135,6867.5,-2.186,18156.91,1.037
33,Steel,4,2,3803.08,6793.1,18114.7,3.322,-3.246,0.802,0.04713,1.0531658306717873,0.105171151638031,0.0151662481600249,0.2131367329771266,0.1006197905540466,0.1473559932195256,0.2374549971731272,0.0431533841788768,0.3188333072486756,0.3722524245331544,0.1353343027830124,0.4478181122580898,0.3027314524502184,0.1047678428888321,0.787823658989675,0.0,0.0,0.0,0.0,0.0,0.0,23154179.5534656,491.7819064622103,0.1607178843729514,30314422.99896981,554.6425558139335,0.8923288387523176,0.0,0.0,0.0,0.0,0.0,0.0,0.04062,3782.85,2.772,6813.49,-2.956,17920.74,-0.277
34,Steel,5,2,3612.39,6722.5,17728.83,-1.859,-4.251,-1.345,0.04831,0.965438950061798,0.0829749677181244,0.0062486355471895,0.3513814937913969,0.1124165439605713,0.1605316928837599,0.3182370060670995,0.0750689670443535,0.3840009717320156,0.2918515928572249,0.0758737641572952,0.5409030334968671,0.2185284178714999,0.12543621301651,0.6823204834110255,0.3341034137344832,0.02,0.8094952254134723,0.0,0.0,0.0,25725216.13318989,580.3572823527521,0.1127954162732558,23413063.0528665,224.3648985993205,0.8688950540901793,0.0,0.0,0.0,0.0,0.0,0.0,0.05236,3600.28,-2.188,6688.55,-4.735,17888.52,-0.456
36,Steel,3,2,3578.64,6814.85,17462.87,-2.776,-2.936,-2.825,0.0493,1.2716970652341844,0.1101032203435898,0.0152444693304187,0.2659631596002134,0.15,0.2826831072192137,0.2236937434335492,0.0902773106098175,0.5429149673549686,0.3880661473297574,0.1088210988044738,0.7722597162158773,0.0,0.0,0.0,0.0,0.0,0.0,0.0,0.0,0.0,25906286.08621138,559.1272929333097,0.1759299558659492,23939704.28014332,281.1350887789572,1.1325633084422062,0.0,0.0,0.0,0.0,0.0,0.0,0.05941,3549.73,-3.561,6762.47,-3.682,17429.73,-3.009
37,Steel,2,2,3824.04,7048.12,17429.92,3.892,0.386,-3.008,0.04934,1.1882269382476809,0.0834458926320076,0.0114220627053105,0.2107503871176466,0.0716014862060546,0.2655426715358237,0.4039657787466567,0.0767897033691406,0.3989635008193538,0.0,0.0,0.0,0.0,0.0,0.0,0.0,0.0,0.0,0.0,0.0,0.0,14189758.361150747,352.3215730575091,0.167140946116544,15864419.779109783,189.80885468719657,0.8705127158053169,0.0,0.0,0.0,0.0,0.0,0.0,0.04303,3811.74,3.557,6979.78,-0.587,17548.45,-2.349
38,Steel,3,2,3513.18,7138.51,18141.29,-4.554,1.674,0.95,0.04944,1.0478115737438205,0.0744710275530815,0.0208181099314604,0.3510402924175083,0.0455056607723236,0.3252807995705972,0.4202766235510957,0.059040635228157,0.6555872685559327,0.2634392176183935,0.1047619539499283,0.8317945334275691,0.0,0.0,0.0,0.0,0.0,0.0,0.0,0.0,0.0,17260459.653408986,328.3135382171519,0.1874061530474613,15186673.711781995,802.3938559707204,0.8753604331737437,0.0,0.0,0.0,0.0,0.0,0.0,0.04941,3561.95,-3.229,7134.63,1.618,17364.49,-3.372
41,Steel,4,4,3816.04,6812.75,17652.98,3.674,-2.966,-1.767,0.05042,1.0277905464172363,0.0601118062734604,0.0289111564271601,0.2426778260066565,0.0903144496679306,0.1764508266974384,0.3126786154580874,0.0290226273238658,0.3651506311932951,0.2424481850495808,0.1430624347925186,0.6038976539873024,0.418501610020247,0.0886012023687362,0.7475405740866063,0.0,0.0,0.0,0.0,0.0,0.0,15222124.236078124,534.1852819103933,0.1246071361900721,12384712.31084519,1099.9999999999995,0.4343631961690646,15300772.649867896,704.7479937914528,0.520217240749161,10164152.478692977,292.0413990532176,0.8740007778211498,0.04401,3762.81,2.228,6762.58,-3.681,17804.49,-0.924
46,Steel,5,2,3551.65,7228.89,18513.57,-3.509,2.961,3.022,0.05496,1.0712380811572075,0.0880499783158302,0.0368521585166794,0.2667687430006711,0.0675807744264602,0.1420817998697102,0.3116694595707051,0.1174557322263717,0.2653513662659468,0.3544863876123438,0.0705002662539482,0.4212732540209472,0.1843126089120207,0.1150718122720718,0.6898972184853633,0.322878221721641,0.0400450472533702,0.8096738460901711,0.0,0.0,0.0,21715481.67902765,461.8209690848648,0.1840936355915155,26352882.58169168,174.81167790040357,0.9466973084221626,0.0,0.0,0.0,0.0,0.0,0.0,0.04622,3538.88,-3.856,7101.93,1.153,18378.93,2.273
48,Steel,1,2,3555.77,7282.64,17539.91,-3.397,3.727,-2.396,0.05583,1.6409345358610157,0.0507193809151649,0.0169456930570264,0.2349872822827338,0.06049251049757,1.062997479990802,0.0,0.0,0.0,0.0,0.0,0.0,0.0,0.0,0.0,0.0,0.0,0.0,0.0,0.0,0.0,93462602.02532656,484.4732144731738,0.4887279320973077,84097991.10949664,641.1230110422896,1.3758141197325742,0.0,0.0,0.0,0.0,0.0,0.0,0.02202,3610.44,-1.912,7048.82,0.396,17787.58,-1.018
52,Steel,5,4,3772.83,7073.74,18906.75,2.5,0.751,5.21,0.05827,0.8447153508663178,0.0690531121492386,0.0354637047034908,0.1852165285379842,0.0400330117344856,0.1187921256517381,0.2098153321150605,0.0899785089492797,0.1953670480403689,0.2030938066783369,0.1050228106975555,0.3756325748999992,0.3977431162084552,0.0904462534189224,0.5128628077518746,0.2544783091947251,0.0518581773340702,0.6921870201518994,0.0,0.0,0.0,9093472.785380172,360.30182918917393,0.0844715359313471,8694390.973422958,518.2277143543879,0.2742546020697292,9908701.274710547,422.7489378872359,0.4024009317944143,8360791.819776079,319.27526220574515,0.7450820525509227,0.02727,3759.82,2.147,6910.08,-1.58,18074.09,0.576
54,Steel,5,4,3734.26,6956.99,16964.71,1.452,-0.912,-5.597,0.05854,1.1845577508211136,0.0827667483091354,0.0241067460926753,0.3130981539483567,0.0615617325901985,0.2734971063102066,0.2074550437884783,0.1110632115602493,0.6040584494051167,0.2936789715005182,0.0208082343451678,0.7823756870480071,0.4217983309669799,0.0822242370247841,0.9185361644621548,0.3341444525364712,0.02,1.0306759326059125,0.0,0.0,0.0,14352603.115501756,550.9721285770831,0.1373303590076237,14177620.728680773,257.48065397457776,0.3837426178424487,12186567.51620593,333.153618318277,0.5545175585230903,13240261.113368897,410.08355465675214,1.0588840647904056,0.02023,3658.35,-0.61,6988.35,-0.465,17634.09,-1.872
56,Steel,6,2,3797.57,7049.14,17077.53,3.172,0.401,-4.969,0.05909,1.280715933442116,0.1035762050151825,0.0517172768000105,0.1729715044044751,0.100131117105484,0.1542800751724652,0.4047653080005738,0.0960450303554535,0.2918913133849813,0.3214681695802021,0.0687215200066566,0.4639838863476609,0.3014455027280869,0.0632376277446746,0.7412346464907822,0.2151833340059985,0.0734450650215148,0.9569465739400538,0.2542566925786031,0.0612288099527359,1.0480986209580674,35157199.63630576,314.3865182571199,0.1650056926447765,31330334.43001477,494.2871926731714,1.1526443388171883,0.0,0.0,0.0,0.0,0.0,0.0,0.05392,3802.75,3.313,7045.09,0.343,17208.48,-4.24
58,Steel,6,3,3745.97,6814.77,17085.64,1.771,-2.937,-4.924,0.06001,1.323656839132309,0.1012220417261123,0.0079208695851395,0.5432647713592523,0.0694025835394859,0.2207050933545012,0.2356161084578055,0.0510301615297794,0.3880219383833073,0.3248157879063033,0.0649301862716674,0.4515755341845252,0.1669339409371046,0.0427127094566822,0.7175968299290926,0.3476734359607544,0.0864948683977127,0.9201030022174564,0.1979557333907899,0.0626420390605926,1.112865149324957,25260910.350817133,303.9740114649937,0.1525043195201006,28038558.479390573,356.83828897238783,0.8194525710298072,29011978.142561987,413.05411276473774,1.1779336461936698,0.0,0.0,0.0,0.04363,3749.52,1.867,6799.81,-3.15,17544.48,-2.371
59,Steel,3,4,3743.96,6657.84,17515.97,1.716,-5.172,-2.529,0.06008,0.910275873541832,0.0494307879209518,0.0140206667050083,0.3758663621463865,0.0810206231474876,0.2350768219416127,0.2176143051346749,0.0765095719695091,0.538933011386473,0.2617374158230611,0.1071021950244903,0.7185259460486899,0.0,0.0,0.0,0.0,0.0,0.0,0.0,0.0,0.0,10539243.767706191,502.3012636293147,0.1613721806161137,9726122.75527703,711.2665006609741,0.6444911688686269,7712607.139553432,451.3099839899085,0.7379248381804691,10798760.847223504,580.466756915775,0.8055002107736635,0.04324,3680.01,-0.022,6770.0,-3.575,17533.43,-2.432
67,Steel,3,3,3865.76,7186.34,17403.18,5.025,2.355,-3.157,0.06385,1.2510977894067763,0.0664863917231559,0.026756237990444,0.4414703432901621,0.0620573604106903,0.3446340098374367,0.2532114317324283,0.0775625142455101,0.4980847081167647,0.2571363839585156,0.0537862527370452,0.9825535510262596,0.0,0.0,0.0,0.0,0.0,0.0,0.0,0.0,0.0,12802793.19447231,398.8860673657786,0.2214526099504786,11891571.57748467,398.5747574719135,0.7259964288205474,11210366.632316008,532.2559988922424,1.0899615911871705,0.0,0.0,0.0,0.0381,3793.01,3.048,7123.88,1.465,18285.74,1.754
68,Steel,4,4,3531.64,7223.35,18691.96,-4.052,2.882,4.015,0.06391,1.0595396861433983,0.0949375075101852,0.019892404412778,0.2107557093404997,0.0287854541838169,0.1438651539327092,0.2311215041008229,0.0778330373764038,0.3750280052724348,0.4311639998588754,0.1270905476808548,0.6015830931586499,0.1733156365299521,0.0359953227639198,0.8276470590393685,0.0,0.0,0.0,0.0,0.0,0.0,10490508.383976052,542.317586880168,0.1668343922072882,9740091.461786052,459.20640513041553,0.7211138228218921,11859835.578283684,1009.3657849840675,0.7964197376031068,8557634.380737334,489.3784443321575,0.9479425496221238,0.05083,3514.82,-4.509,7164.18,2.039,18179.17,1.161
73,Steel,3,2,3613.52,6668.26,17304.64,-1.828,-5.024,-3.705,0.06505,1.1543207794427872,0.0572360999584198,0.0265809577097253,0.3791532619506922,0.0879439580440521,0.2921458138989054,0.2137502827964076,0.0794997039437294,0.6697446114268968,0.353140601732196,0.1085415136814117,0.8779453153467248,0.0,0.0,0.0,0.0,0.0,0.0,0.0,0.0,0.0,37169101.66469532,714.3968936646655,0.2605204139011691,31905236.442430813,211.44648861053645,1.0388887003441876,0.0,0.0,0.0,0.0,0.0,0.0,0.0629,3507.73,-4.702,6769.44,-3.583,18356.86,2.15
79,Steel,5,3,3786.67,6762.25,17109.74,2.876,-3.685,-4.79,0.06693,1.199447649717331,0.1057493348121643,0.0139389720619324,0.2949602771161639,0.0935808736085891,0.3665454114885933,0.1989895227906344,0.06692232131958,0.5505936230318573,0.3504565823121791,0.1007649683952331,0.7546377153165718,0.2723679255574364,0.0656654822826385,0.8859471523561233,0.3288296130834827,0.0759551709890365,0.9984958380812916,0.0,0.0,0.0,22282710.73711375,473.21247244625226,0.1614221861855509,19934194.490149084,671.1766525492935,0.4349525393359364,20088194.579470214,922.9175556350326,1.0308678495748649,0.0,0.0,0.0,0.04342,3666.64,-0.385,6793.93,-3.234,17454.5,-2.871
88,Steel,6,3,3574.36,7128.03,16875.44,-2.892,1.524,-6.094,0.06915,1.088740849494934,0.0952544959783554,0.0085889898265988,0.204650829478369,0.0647028538584709,0.2117202715962926,0.271545321885986,0.1492195373773574,0.3819409134157466,0.3094430353815153,0.1098156476020813,0.565911645053956,0.5401776186608996,0.0745200404524803,0.7059293898588178,0.2547414679199121,0.1166004878282547,0.8621417025489528,0.2848369544816461,0.02,0.9701147887895242,22222998.57034568,608.184231747112,0.1201383927963166,24534300.931646973,502.9725594773318,0.4347607034922488,24692305.99152273,907.6694109495168,0.920427786730278,0.0,0.0,0.0,0.04948,3604.5,-2.073,7197.82,2.518,17301.82,-3.721
93,Steel,1,4,3885.44,6862.21,17341.87,5.56,-2.262,-3.498,0.06947,1.22579445540905,0.1143441302776336,0.0144924004979204,0.3242826913551077,0.1167819988727569,0.5625480274627292,0.0,0.0,0.0,0.0,0.0,0.0,0.0,0.0,0.0,0.0,0.0,0.0,0.0,0.0,0.0,14043355.554933004,443.8666942171378,0.1515336211926957,10939269.791069357,609.4326366853883,0.245633648927753,9459950.453326773,193.12779836189915,0.5255777965205929,8917502.893062202,1093.4463589417762,0.9656925540514484,0.05831,3838.9,4.295,6808.03,-3.033,17517.5,-2.521
97,Steel,3,2,3454.03,7246.77,18228.81,-6.161,3.216,1.437,0.07097,0.9730749949812888,0.059878542304039,0.0230986656538232,0.4149336857075273,0.0825540408492088,0.1929155708610022,0.2911350759814633,0.0762901198863983,0.4648259622941265,0.3588932464011533,0.1260603553056717,0.6961767065824723,0.0,0.0,0.0,0.0,0.0,0.0,0.0,0.0,0.0,36675159.133609794,565.3441096247338,0.1026071071584127,40542789.02012702,240.563624165189,0.8230039100145877,0.0,0.0,0.0,0.0,0.0,0.0,0.05011,3520.21,-4.363,7168.23,2.097,18203.0,1.294
98,Steel,1,3,3798.72,6787.14,17002.48,3.204,-3.331,-5.387,0.07098,1.2647761672735214,0.0941376135349273,0.0100523554914509,0.1757582081615828,0.0397591179609298,1.009649581514274,0.0,0.0,0.0,0.0,0.0,0.0,0.0,0.0,0.0,0.0,0.0,0.0,0.0,0.0,0.0,12665626.298870236,294.8763454274844,0.2821511815386989,10318984.41684691,787.4758805314597,0.5084172245469207,8579442.361903677,329.8398030057546,0.900984495684482,0.0,0.0,0.0,0.05952,3722.3,1.127,6786.25,-3.344,17109.16,-4.793
100,Steel,5,4,3536.91,6833.52,18940.91,-3.909,-2.67,5.4,0.07181,1.0679156884551049,0.0901556469202041,0.0172067604642045,0.296440618081312,0.1025376784801483,0.2067551682838313,0.2686252547085659,0.0678918769955635,0.4291904810756505,0.2751000622517511,0.0890824139118194,0.5963977212620446,0.381803831527608,0.122559272646904,0.7778420840687896,0.198216582387639,0.0636559864878654,0.9176191668889088,0.0,0.0,0.0,13995554.87845566,435.5379669090226,0.107453109798965,20256602.7527094,498.9965110979892,0.2523251068699164,16537749.34673451,707.3735330750156,0.3460572167216496,17376615.72736155,370.5544599291034,0.9385061684446606,0.05146,3564.46,-3.161,6984.12,-0.525,18694.05,4.026
103,Steel,2,4,3546.79,7449.19,17689.26,-3.641,6.099,-1.565,0.07273,1.4694839656352998,0.1009336272478103,0.0052660384299234,0.4311578294461917,0.0835232749581337,0.3452973927738705,0.3836771461735481,0.0677988123893737,0.4467582898943731,0.0,0.0,0.0,0.0,0.0,0.0,0.0,0.0,0.0,0.0,0.0,0.0,15395707.721257169,343.40887506001354,0.1673544863964367,14967466.555396512,367.2945391608512,0.7686788565255996,15458095.11365768,378.06337793678347,0.8892348040756974,13993806.418509971,781.2720899690948,1.2192788092151188,0.04934,3537.13,-3.903,7230.14,2.979,18058.53,0.49
109,Steel,3,3,3833.73,6814.23,18927.92,4.155,-2.945,5.328,0.0737,1.155430081486702,0.0641331509947776,0.0179188403643733,0.4956961341689779,0.0888292437791824,0.4173125713988043,0.3593910768469157,0.0895256185531616,0.8038725337416487,0.277022646564282,0.02,0.9043571637593444,0.0,0.0,0.0,0.0,0.0,0.0,0.0,0.0,0.0,16588558.063992742,291.1703233192139,0.1882625842849409,18570105.60672158,1099.9999999999995,0.6280379784369319,21792848.018330857,423.9735823800826,1.0394338602360464,0.0,0.0,0.0,0.04968,3766.29,2.323,6783.12,-3.388,18472.62,2.794
114,Steel,5,2,3509.59,7269.67,17119.98,-4.652,3.542,-4.733,0.07522,1.195084321498871,0.113559344291687,0.0127011013278626,0.1472508049939993,0.080286346077919,0.2023939245529645,0.2293607599622099,0.082353138923645,0.4536341937270968,0.3413950064670333,0.104248616695404,0.5931419227551153,0.2377397994112207,0.1116350120306015,0.7163156133760414,0.3043750476122882,0.0430640543997287,0.9552426535967884,0.0,0.0,0.0,21413253.61862664,467.0822934661798,0.1564922864113807,23627941.29261648,955.4183278320731,1.0755758881538997,0.0,0.0,0.0,0.0,0.0,0.0,0.07237,3543.39,-3.733,7310.39,4.122,17138.37,-4.631
132,Steel,5,2,3893.06,6968.72,18937.2,5.767,-0.745,5.379,0.07921,1.3094260156154631,0.1123948780298233,0.0454130314979172,0.385603233252352,0.1021215009689331,0.2593985465885292,0.3119582874171756,0.0843787944316864,0.3984638864482128,0.4187725011071133,0.0475409729778766,0.7117446294572145,0.1924778813322954,0.0807868167757988,0.853500877760432,0.3247738448975957,0.0740694823861122,0.9399542771097108,0.0,0.0,0.0,36539176.9866225,496.90435164517226,0.1571934186403644,36174781.372611664,296.44178384511446,1.124544879228513,0.0,0.0,0.0,0.0,0.0,0.0,0.05666,3830.57,4.069,6966.86,-0.771,18665.48,3.867
133,Steel,4,2,3761.21,7382.38,16954.14,2.185,5.147,-5.656,0.07953,0.6182564660906792,0.0339829936921596,0.0041884137747487,0.3304144948486493,0.0793032225966453,0.1425922925147537,0.1923689017204466,0.0313500851392746,0.3078761976865541,0.3015981596874318,0.0519154995679855,0.379804961028824,0.2231189287627137,0.0690358033776283,0.4936965568799096,0.0,0.0,0.0,0.0,0.0,0.0,15245003.935025863,1047.6543438688527,0.0858677947443238,18345992.00486192,786.720990211385,0.5195599023366719,0.0,0.0,0.0,0.0,0.0,0.0,0.02147,3670.07,-0.291,7166.35,2.07,18058.13,0.488
134,Steel,4,2,3491.43,7121.34,19030.4,-5.145,1.429,5.898,0.07956,1.0854923918843271,0.1002664296627044,0.0262519401221632,0.2524289868421118,0.1383082944154739,0.1760100628275772,0.3032975030967242,0.1420481425523758,0.3771860838574794,0.4126778179280426,0.1452394127845764,0.6330297120600923,0.3771443185755411,0.0401520438492298,0.8277381549734351,0.0,0.0,0.0,0.0,0.0,0.0,33882864.84931148,418.19011358966526,0.1331428107874413,33167244.95265305,1000.2641279173604,0.9179423285795526,0.0,0.0,0.0,0.0,0.0,0.0,0.06693,3505.98,-4.749,7178.87,2.248,18715.35,4.145
137,Steel,3,4,3818.85,7246.34,16832.98,3.751,3.209,-6.33,0.08027,0.8395938709378242,0.0787675958275795,0.0310961242812155,0.2968446422503174,0.0395562653243541,0.1076326063623402,0.3273961695614598,0.101374225616455,0.3557335303090324,0.1945082807434996,0.0962234342098236,0.702579178896739,0.0,0.0,0.0,0.0,0.0,0.0,0.0,0.0,0.0,7681287.678662378,402.856883307522,0.1222081154932427,6672239.210745221,478.870635820056,0.4943610957211274,10930350.006337252,989.2079760060482,0.5950974404510299,8585404.406072734,456.8824941432732,0.746379630202391,0.04696,3785.92,2.856,6887.62,-1.9,17394.23,-3.207
146,Steel,5,2,3510.8,7407.33,18670.44,-4.619,5.502,3.895,0.08172,1.028278870880604,0.090841481924057,0.0124856312973719,0.1573524901351496,0.0549121907353401,0.2100097716181141,0.3465889884535877,0.073279361128807,0.3725747571040057,0.3478898787327301,0.0529106876254081,0.4923120008260421,0.3145075318571962,0.0636821186542511,0.645749119497338,0.2055525126293625,0.1371024566888809,0.8538138214614006,0.0,0.0,0.0,18688997.81639044,676.1360215676593,0.1285222041984812,20255802.75224459,368.9317231839803,0.9219281490050012,0.0,0.0,0.0,0.0,0.0,0.0,0.07729,3503.21,-4.825,7324.75,4.326,18727.3,4.211
147,Steel,6,3,3438.52,7311.11,17501.62,-6.582,4.132,-2.609,0.08198,1.208766669034958,0.0964890937805175,0.0106278409208904,0.2186528063881884,0.087132733464241,0.1949827565288573,0.5255351198553669,0.106611561179161,0.4010047157549518,0.4086734467464268,0.0718960145115852,0.600230313343561,0.4145430309938488,0.1341935765743255,0.8467713966131318,0.2360949904789717,0.0468345560133457,0.9816802440088592,0.3057896353784733,0.0600949877500534,1.052921538752444,42439969.67550823,207.3423532431761,0.1208766681122624,35163905.996158704,1026.304947661658,0.288001550223584,46159987.98308215,128.329240336634,1.0424362072728413,0.0,0.0,0.0,0.04147,3573.51,-2.915,7169.72,2.118,18339.32,2.052
155,Steel,2,2,3766.46,6710.68,19187.82,2.327,-4.42,6.774,0.08417,1.0906855463981628,0.0629102883338928,0.0284246776548807,0.2658759819073656,0.1296329343318939,0.3637653414899435,0.2437146821734186,0.1089600467681884,0.8373061153913464,0.0,0.0,0.0,0.0,0.0,0.0,0.0,0.0,0.0,0.0,0.0,0.0,13099288.633447476,216.000622655666,0.1829538402769142,14226650.571689757,621.3623768133413,0.9518291415254988,0.0,0.0,0.0,0.0,0.0,0.0,0.06104,3707.59,0.728,6768.81,-3.592,18847.64,4.881
160,Steel,5,3,3621.66,7228.52,19376.79,-1.607,2.956,7.826,0.08518,1.117154860496521,0.0920765367746353,0.0181658491036835,0.3338577856844225,0.0699599328637123,0.1287203620793723,0.5026918881561179,0.15,0.2502767300984813,0.2629458715614424,0.0847749611735344,0.5568438514899887,0.3558167663477128,0.0800856727361679,0.7385839875278533,0.2411354833843624,0.1121892154216766,0.9297242134371272,0.0,0.0,0.0,40054790.56055346,1034.0800596047209,0.1525307221191876,29016637.42922044,1024.4867429325802,0.718463564367407,35661366.1071833,798.5808276767527,0.9955540733914016,0.0,0.0,0.0,0.05176,3701.51,0.563,7223.29,2.881,18736.66,4.263
187,Steel,5,3,3720.39,6867.81,16400.48,1.076,-2.182,-8.737,0.09069,0.8970306858420373,0.0394431035518646,0.0088593972862383,0.2146527956761166,0.0855823773145675,0.176581526370161,0.5010900941313091,0.0945094972848892,0.3306015468278389,0.161007002046167,0.1011509728431701,0.5059176012375576,0.1276298612723838,0.0572388523817062,0.6605909750696911,0.2781814186476861,0.0938573670387268,0.7841926906951637,0.0,0.0,0.0,39616872.872228615,715.5616951204868,0.0973982352548556,46052797.59773335,373.7069434909891,0.4666421703277746,32559049.80228345,370.79577254377074,0.7569443182379886,0.0,0.0,0.0,0.04687,3778.92,2.666,7291.41,3.851,17942.06,-0.158
